PRAGMA foreign_keys=OFF;
BEGIN TRANSACTION;
CREATE TABLE IF NOT EXISTS "migrations" ("id" integer primary key autoincrement not null, "migration" varchar not null, "batch" integer not null);
INSERT INTO migrations VALUES(1,'0001_01_01_000000_create_users_table',1);
INSERT INTO migrations VALUES(2,'0001_01_01_000001_create_cache_table',1);
INSERT INTO migrations VALUES(3,'0001_01_01_000002_create_jobs_table',1);
INSERT INTO migrations VALUES(4,'2020_02_09_000001_create_twill_default_users_tables',1);
INSERT INTO migrations VALUES(5,'2020_02_09_000002_create_twill_default_blocks_table',1);
INSERT INTO migrations VALUES(6,'2020_02_09_000003_create_twill_default_medias_tables',1);
INSERT INTO migrations VALUES(7,'2020_02_09_000004_create_twill_default_files_tables',1);
INSERT INTO migrations VALUES(8,'2020_02_09_000005_create_twill_default_settings_table',1);
INSERT INTO migrations VALUES(9,'2020_02_09_000006_create_twill_default_tags_tables',1);
INSERT INTO migrations VALUES(10,'2020_02_09_000007_create_twill_default_activity_log_table',1);
INSERT INTO migrations VALUES(11,'2020_02_09_000008_create_twill_default_features_table',1);
INSERT INTO migrations VALUES(12,'2020_02_09_000010_create_twill_default_related_table',1);
INSERT INTO migrations VALUES(13,'2020_02_09_000011_add_locale_column_to_twill_default-mediables',1);
INSERT INTO migrations VALUES(14,'2020_02_09_000012_change_locale_column_in_twill_default_fileables',1);
INSERT INTO migrations VALUES(15,'2020_02_09_000013_add_language_column_to_twill_default_users',1);
INSERT INTO migrations VALUES(16,'2020_02_09_000014_add_editor_name_column_to_blocks_table',1);
INSERT INTO migrations VALUES(17,'2020_02_09_000015_add_position_to_twill_default_mediables_table',1);
INSERT INTO migrations VALUES(18,'2020_02_09_000016_add_position_to_twill_default_fileables_table',1);
INSERT INTO migrations VALUES(19,'2021_07_08_000001_update_twill_default_users_table',1);
INSERT INTO migrations VALUES(20,'2022_01_25_000015_add_columns_to_activity_log_table',1);
INSERT INTO migrations VALUES(21,'2022_04_05_000015_update_activity_log_morph_size',1);
INSERT INTO migrations VALUES(22,'2022_08_29_110837_create_app_settings_tables',1);
INSERT INTO migrations VALUES(23,'2023_01_17_111835_add_cascade_on_delete_to_password_resets',1);
INSERT INTO migrations VALUES(24,'2023_01_22_113529_fix_component_block_names',1);
INSERT INTO migrations VALUES(25,'2023_01_22_113529_fix_component_block_names_2',1);
INSERT INTO migrations VALUES(26,'2023_03_24_125122_add_id_to_related',1);
INSERT INTO migrations VALUES(27,'2025_06_13_070227_add_two_factor_columns_to_users_table',1);
INSERT INTO migrations VALUES(28,'2025_06_13_070234_create_personal_access_tokens_table',1);
INSERT INTO migrations VALUES(29,'2025_06_13_142856_create_homes_tables',1);
INSERT INTO migrations VALUES(30,'2025_06_17_162408_create_navigations_tables',1);
INSERT INTO migrations VALUES(31,'2025_06_17_164913_create_pages_tables',1);
INSERT INTO migrations VALUES(32,'2025_06_18_173658_add_program_revisions_table',1);
INSERT INTO migrations VALUES(33,'2025_06_18_174134_create_program_slugs_table',1);
INSERT INTO migrations VALUES(34,'2025_06_19_025726_create_profiles_tables',2);
INSERT INTO migrations VALUES(35,'2025_06_19_153926_create_roles_table',2);
INSERT INTO migrations VALUES(36,'2025_06_19_154611_create_profile_role_table',2);
INSERT INTO migrations VALUES(37,'2025_06_19_154634_create_profile_program_table',2);
INSERT INTO migrations VALUES(38,'2025_06_23_150042_create_programs_tables',3);
INSERT INTO migrations VALUES(40,'2025_06_23_213721_create_profile_program_table',4);
INSERT INTO migrations VALUES(41,'2025_06_24_231916_modify_profile_program_for_belts_table',5);
INSERT INTO migrations VALUES(42,'2025_06_25_071611_create_belt_revisions_table',6);
INSERT INTO migrations VALUES(43,'2025_06_25_071926_create_belt_slugs_table',7);
INSERT INTO migrations VALUES(44,'2025_06_25_072019_create_belt_translations_table',8);
INSERT INTO migrations VALUES(45,'2025_06_25_075122_create_belt_requirements_tables',9);
INSERT INTO migrations VALUES(47,'2025_06_25_111715_create_belts_table_2',10);
INSERT INTO migrations VALUES(48,'2025_06_26_213159_create_program_belts_tables',11);
INSERT INTO migrations VALUES(49,'2025_06_27_173814_add_current_belt_id_to_profiles_table',12);
INSERT INTO migrations VALUES(52,'2025_06_28_000313_create_program_belts_tables',13);
INSERT INTO migrations VALUES(53,'2025_06_28_215503_create_profile_program_belt_table',14);
INSERT INTO migrations VALUES(54,'2025_06_28_215835_add_current_belt_to_profiles_table',15);
INSERT INTO migrations VALUES(55,'2025_06_28_223419_create_program_belts_tables',16);
INSERT INTO migrations VALUES(56,'2025_06_28_231433_create_profile_belt_requirements_table',17);
INSERT INTO migrations VALUES(57,'2025_06_28_231414_add_belt_to_profile_program_table',18);
INSERT INTO migrations VALUES(58,'2025_06_28_235148_create_program_belt_slugs_table',19);
INSERT INTO migrations VALUES(59,'2025_06_29_235507_create_belts_tables',20);
INSERT INTO migrations VALUES(60,'2025_07_01_000412_add_foregin_key_to_program_belts_table',21);
INSERT INTO migrations VALUES(61,'2025_07_01_013034_add_requirements_to_program_belts_table',22);
CREATE TABLE IF NOT EXISTS "users" ("id" integer primary key autoincrement not null, "name" varchar not null, "email" varchar not null, "email_verified_at" datetime, "password" varchar not null, "remember_token" varchar, "current_team_id" integer, "profile_photo_path" varchar, "created_at" datetime, "updated_at" datetime, "two_factor_secret" text, "two_factor_recovery_codes" text, "two_factor_confirmed_at" datetime, first_name VARCHAR(255) NOT NULL, last_name VARCHAR(255) NOT NULL);
INSERT INTO users VALUES(1,'Fattest Benny','fat@benny.com',NULL,'$2y$12$1B8Px2hC8hmriwQIVnM/sureh02hOPiCYA/XH9JyLPNwtHoAZqtBS',NULL,NULL,NULL,'2025-06-23 18:15:20','2025-06-24 03:21:54',NULL,NULL,NULL,'Fattest','Benny');
INSERT INTO users VALUES(3,'Deverick Strand','dev@nolimitsmaf.com',NULL,'$2y$12$u4OfZE6WSCJpj37mVXQAHe9UO07J9zgTd/biFlGQba5XmHX/dhqdC',NULL,NULL,NULL,'2025-06-23 21:14:03','2025-06-24 03:22:54',NULL,NULL,NULL,'Deverick','Strand');
CREATE TABLE IF NOT EXISTS "password_reset_tokens" ("email" varchar not null, "token" varchar not null, "created_at" datetime, primary key ("email"));
CREATE TABLE IF NOT EXISTS "sessions" ("id" varchar not null, "user_id" integer, "ip_address" varchar, "user_agent" text, "payload" text not null, "last_activity" integer not null, primary key ("id"));
INSERT INTO sessions VALUES('L2EVY6DGy50m2mLgKeyBmHikpHKwx2bX78Qt7Mcp',1,'127.0.0.1','Mozilla/5.0 (Macintosh; Intel Mac OS X 10_15_7) AppleWebKit/537.36 (KHTML, like Gecko) Chrome/138.0.0.0 Safari/537.36 Edg/138.0.0.0','YToxMjp7czo2OiJfdG9rZW4iO3M6NDA6IlRCZmo4WVdWSHNqR3lONUNrcVdHYjBFS0NieTlQWTdjcTVMbDhURmIiO3M6OToiX3ByZXZpb3VzIjthOjE6e3M6MzoidXJsIjtzOjU0OiJodHRwOi8vbmxtYWYuZHZsLnRvOjgwMDAvYWRtaW4vcHJvZ3JhbXMvMS9iZWx0cy81L2VkaXQiO31zOjY6Il9mbGFzaCI7YToyOntzOjM6Im9sZCI7YTowOnt9czozOiJuZXciO2E6MDp7fX1zOjM6InVybCI7YTowOnt9czo1ODoibG9naW5fdHdpbGxfdXNlcnNfNTliYTM2YWRkYzJiMmY5NDAxNTgwZjAxNGM3ZjU4ZWE0ZTMwOTg5ZCI7aToxO3M6NDoiYXV0aCI7YToxOntzOjIxOiJwYXNzd29yZF9jb25maXJtZWRfYXQiO2k6MTc1MTQ5NTM0NDt9czo4OiJwcm9ncmFtcyI7YToyOntzOjE1OiJiZWx0c19iYWNrX2xpbmsiO3M6NTQ6Imh0dHA6Ly9ubG1hZi5kdmwudG86ODAwMC9hZG1pbi9wcm9ncmFtcy8xL2JlbHRzP2JlbHQ9MSI7czoxMjoiYmVsdHNfcmV0YWluIjtiOjA7fXM6NTA6ImxvZ2luX3dlYl81OWJhMzZhZGRjMmIyZjk0MDE1ODBmMDE0YzdmNThlYTRlMzA5ODlkIjtpOjM7czoyMjoiUEhQREVCVUdCQVJfU1RBQ0tfREFUQSI7YTowOnt9czoxODoicHJvZmlsZXNfYmFja19saW5rIjtzOjM5OiJodHRwOi8vbmxtYWYuZHZsLnRvOjgwMDAvYWRtaW4vcHJvZmlsZXMiO3M6MTU6InBhZ2VzX2JhY2tfbGluayI7czozNToiaHR0cDovL25sbWFmLmR2bC50bzo4MDAwL2FkbWluL2hvbWUiO3M6MTg6InByb2dyYW1zX2JhY2tfbGluayI7czozOToiaHR0cDovL25sbWFmLmR2bC50bzo4MDAwL2FkbWluL3Byb2dyYW1zIjt9',1751515034);
CREATE TABLE IF NOT EXISTS "cache" ("key" varchar not null, "value" text not null, "expiration" integer not null, primary key ("key"));
INSERT INTO cache VALUES('nlmaf_cache_twill-manifest','a:33:{s:15:"Inter-Bold.woff";s:44:"/assets/twill/fonts/Inter-Bold.c770cfb9.woff";s:16:"Inter-Bold.woff2";s:45:"/assets/twill/fonts/Inter-Bold.17fc55dd.woff2";s:21:"Inter-BoldItalic.woff";s:50:"/assets/twill/fonts/Inter-BoldItalic.4830a219.woff";s:22:"Inter-BoldItalic.woff2";s:51:"/assets/twill/fonts/Inter-BoldItalic.3616ad4f.woff2";s:17:"Inter-Italic.woff";s:46:"/assets/twill/fonts/Inter-Italic.ec075471.woff";s:18:"Inter-Italic.woff2";s:47:"/assets/twill/fonts/Inter-Italic.3e44c6fa.woff2";s:17:"Inter-Medium.woff";s:46:"/assets/twill/fonts/Inter-Medium.cb882891.woff";s:18:"Inter-Medium.woff2";s:47:"/assets/twill/fonts/Inter-Medium.fadc0302.woff2";s:23:"Inter-MediumItalic.woff";s:52:"/assets/twill/fonts/Inter-MediumItalic.5dcf5a66.woff";s:24:"Inter-MediumItalic.woff2";s:53:"/assets/twill/fonts/Inter-MediumItalic.7cd62035.woff2";s:18:"Inter-Regular.woff";s:47:"/assets/twill/fonts/Inter-Regular.4f8a0d7b.woff";s:19:"Inter-Regular.woff2";s:48:"/assets/twill/fonts/Inter-Regular.a2b4ebbf.woff2";s:16:"chunk-common.css";s:43:"/assets/twill/css/chunk-common.eea3635b.css";s:15:"chunk-common.js";s:41:"/assets/twill/js/chunk-common.03a98958.js";s:17:"chunk-vendors.css";s:44:"/assets/twill/css/chunk-vendors.96caa2e9.css";s:16:"chunk-vendors.js";s:42:"/assets/twill/js/chunk-vendors.a20b3d59.js";s:15:"icons-files.php";s:47:"/views/partials/icons/icons-files-svg.blade.php";s:17:"icons-wysiwyg.php";s:49:"/views/partials/icons/icons-wysiwyg-svg.blade.php";s:9:"icons.php";s:41:"/views/partials/icons/icons-svg.blade.php";s:16:"main-buckets.css";s:43:"/assets/twill/css/main-buckets.bd3bf89d.css";s:17:"main-buckets.html";s:18:"/main-buckets.html";s:15:"main-buckets.js";s:41:"/assets/twill/js/main-buckets.a5ef5711.js";s:18:"main-dashboard.css";s:45:"/assets/twill/css/main-dashboard.08050331.css";s:19:"main-dashboard.html";s:20:"/main-dashboard.html";s:17:"main-dashboard.js";s:43:"/assets/twill/js/main-dashboard.a2ec0df9.js";s:13:"main-form.css";s:40:"/assets/twill/css/main-form.861de3c5.css";s:14:"main-form.html";s:15:"/main-form.html";s:12:"main-form.js";s:38:"/assets/twill/js/main-form.924688f6.js";s:14:"main-free.html";s:15:"/main-free.html";s:12:"main-free.js";s:38:"/assets/twill/js/main-free.cdce1f23.js";s:16:"main-listing.css";s:43:"/assets/twill/css/main-listing.ecd5753d.css";s:17:"main-listing.html";s:18:"/main-listing.html";s:15:"main-listing.js";s:41:"/assets/twill/js/main-listing.01ea5744.js";}',2066874788);
CREATE TABLE IF NOT EXISTS "cache_locks" ("key" varchar not null, "owner" varchar not null, "expiration" integer not null, primary key ("key"));
CREATE TABLE IF NOT EXISTS "jobs" ("id" integer primary key autoincrement not null, "queue" varchar not null, "payload" text not null, "attempts" integer not null, "reserved_at" integer, "available_at" integer not null, "created_at" integer not null);
CREATE TABLE IF NOT EXISTS "job_batches" ("id" varchar not null, "name" varchar not null, "total_jobs" integer not null, "pending_jobs" integer not null, "failed_jobs" integer not null, "failed_job_ids" text not null, "options" text, "cancelled_at" integer, "created_at" integer not null, "finished_at" integer, primary key ("id"));
CREATE TABLE IF NOT EXISTS "failed_jobs" ("id" integer primary key autoincrement not null, "uuid" varchar not null, "connection" text not null, "queue" text not null, "payload" text not null, "exception" text not null, "failed_at" datetime not null default CURRENT_TIMESTAMP);
CREATE TABLE IF NOT EXISTS "twill_users" ("id" integer primary key autoincrement not null, "deleted_at" datetime, "created_at" datetime, "updated_at" datetime, "published" tinyint(1) not null default '0', "name" varchar not null, "email" varchar not null, "password" varchar, "role" varchar not null, "title" varchar, "description" text, "remember_token" varchar, "language" varchar, "last_login_at" datetime, "registered_at" datetime, "require_new_password" tinyint(1) not null default '0');
INSERT INTO twill_users VALUES(1,NULL,'2025-06-22 20:13:49','2025-07-02 18:29:04',1,'Admin','dev@nolimitsmaf.com','$2y$12$eH.yc3f3gA8mxGMBKx.C8OzwspShZUpIgW.9NcMl4Di/5sR4E0H/2','SUPERADMIN',NULL,NULL,NULL,NULL,'2025-07-02 18:29:04','2025-06-22 20:13:49',0);
CREATE TABLE IF NOT EXISTS "twill_blocks" ("id" integer primary key autoincrement not null, "blockable_id" integer, "blockable_type" varchar, "position" integer not null, "content" text not null, "type" varchar not null, "child_key" varchar, "parent_id" integer, "editor_name" varchar);
INSERT INTO twill_blocks VALUES(1,1,'home',1,'{"variant":"default","heading":"Reach Your Goals With No Limits","button_text":"Join Us!","button_url":"\/register","details":"At No Limits Martial Arts and Fitness we believe everyone can live a healthier lifestyle."}','common-hero',NULL,NULL,'default');
INSERT INTO twill_blocks VALUES(2,1,'home',2,'{}','common-slider',NULL,NULL,'default');
INSERT INTO twill_blocks VALUES(3,1,'home',1,'{"heading":"Time No Limit"}','dynamic-repeater-slides','slides',2,'default');
INSERT INTO twill_blocks VALUES(4,1,'home',2,'{"heading":"Location No Limit"}','dynamic-repeater-slides','slides',2,'default');
INSERT INTO twill_blocks VALUES(5,1,'home',3,'{"heading":"Experience No Limit"}','dynamic-repeater-slides','slides',2,'default');
INSERT INTO twill_blocks VALUES(6,1,'page',2,'{"heading":"Meet Our Team","type":"profile"}','common-cards',NULL,NULL,'default');
INSERT INTO twill_blocks VALUES(7,1,'page',1,'{"title":"Brianne Jackson","details":"Master"}','dynamic-repeater-cards','cards',6,'default');
INSERT INTO twill_blocks VALUES(8,1,'page',2,'{"title":"Juliet Ruiz","details":"Instructor"}','dynamic-repeater-cards','cards',6,'default');
INSERT INTO twill_blocks VALUES(9,1,'page',3,'{"title":"Kelly Tyger","details":"Instructor"}','dynamic-repeater-cards','cards',6,'default');
INSERT INTO twill_blocks VALUES(10,1,'page',1,'{"variant":"banner","heading":"Made for the Way You Move"}','common-hero',NULL,NULL,'default');
INSERT INTO twill_blocks VALUES(11,1,'program',1,'{}','common-image',NULL,NULL,'default');
CREATE TABLE IF NOT EXISTS "twill_medias" ("id" integer primary key autoincrement not null, "created_at" datetime, "updated_at" datetime, "deleted_at" datetime, "uuid" text not null, "alt_text" text, "width" integer not null, "height" integer not null, "caption" text, "filename" text);
INSERT INTO twill_medias VALUES(1,'2025-06-22 22:32:23','2025-06-22 22:32:23',NULL,'94a0607a-5def-4c84-bb83-365571f3ab32/brianne.jpeg','Brianne ',400,300,NULL,'brianne .jpeg');
INSERT INTO twill_medias VALUES(2,'2025-06-22 22:37:47','2025-06-22 22:37:47',NULL,'3be3e14f-2032-4a2f-9b30-a03e32502d65/firefly-a-group-of-3-to-5-experienced-runners-running-on-a-trail-707877.jpg','Firefly a group of 3 to 5 experienced runners running on a trail 707877',2048,2048,NULL,'Firefly_a group of 3 to 5 experienced runners running on a trail 707877.jpg');
INSERT INTO twill_medias VALUES(3,'2025-06-22 22:40:30','2025-06-22 22:40:30',NULL,'50baf355-568c-4bef-8c2d-a03a778bfbee/firefly-a-pair-of-elderly-women-walking-in-the-park-for-fitness-411060.jpg','Firefly a pair of elderly women walking in the park for fitness 411060',2048,2048,NULL,'Firefly_a pair of elderly women walking in the park for fitness 411060.jpg');
INSERT INTO twill_medias VALUES(4,'2025-06-22 22:41:13','2025-06-22 22:41:13',NULL,'e9fb8198-243b-4440-a1b0-f50c5708eb91/z2y0zzbqstj981ic-dalle2024-12-0219-52-09-aconceptualimagerepresentinglocationnotbeingalimitingfactor-apersonstandinginthecenterofaglowingworldmapwithvibrantconnections.jpeg','Z2y0zZbqstJ981IC DALL·E2024 12 0219.52.09 Aconceptualimagerepresentinglocationnotbeingalimitingfactor apersonstandinginthecenterofaglowingworldmap,withvibrantconnections',659,350,NULL,'Z2y0zZbqstJ981IC_DALL·E2024-12-0219.52.09-Aconceptualimagerepresentinglocationnotbeingalimitingfactor_apersonstandinginthecenterofaglowingworldmap,withvibrantconnections.jpeg');
INSERT INTO twill_medias VALUES(5,'2025-06-22 22:41:20','2025-06-22 22:41:20',NULL,'da396ae4-2717-49e9-a267-8cbd9c2de074/firefly-a-teenage-boy-lifting-weights-698148.jpg','Firefly a teenage boy lifting weights 698148',2048,2048,NULL,'Firefly_a teenage boy lifting weights 698148.jpg');
INSERT INTO twill_medias VALUES(6,'2025-06-22 22:42:21','2025-06-22 22:42:21',NULL,'a2d779b2-91dc-4065-8d82-feac5752375a/gemini-generated-image-ym2rqqym2rqqym2r.png','Gemini Generated Image ym2rqqym2rqqym2r',1024,694,NULL,'Gemini_Generated_Image_ym2rqqym2rqqym2r.png');
INSERT INTO twill_medias VALUES(7,'2025-06-22 23:01:32','2025-06-22 23:01:32',NULL,'a0153669-840b-42ee-819d-f675937d6df2/z2y0zzbqstj981ic-dalle2024-12-0219-52-09-aconceptualimagerepresentinglocationnotbeingalimitingfactor-apersonstandinginthecenterofaglowingworldmapwithvibrantconnections.jpeg','Z2y0zZbqstJ981IC DALL·E2024 12 0219.52.09 Aconceptualimagerepresentinglocationnotbeingalimitingfactor apersonstandinginthecenterofaglowingworldmap,withvibrantconnections',659,350,NULL,'Z2y0zZbqstJ981IC_DALL·E2024-12-0219.52.09-Aconceptualimagerepresentinglocationnotbeingalimitingfactor_apersonstandinginthecenterofaglowingworldmap,withvibrantconnections.jpeg');
INSERT INTO twill_medias VALUES(8,'2025-06-22 23:02:02','2025-06-22 23:02:02',NULL,'90727c60-8b9d-4ec7-bc33-4450bb1cfa0b/z2y1i5bqstj981ie-dalle2024-12-1323-39-48-adynamicandmotivationalillustrationemphasizingtheideaoflimitlessfitnessopportunitiesinvariouslocations-theimageshowsdiverseindividu.jpeg','Z2y1I5bqstJ981IE DALL·E2024 12 1323.39.48 Adynamicandmotivationalillustrationemphasizingtheideaoflimitlessfitnessopportunitiesinvariouslocations.Theimageshowsdiverseindividu',650,350,NULL,'Z2y1I5bqstJ981IE_DALL·E2024-12-1323.39.48-Adynamicandmotivationalillustrationemphasizingtheideaoflimitlessfitnessopportunitiesinvariouslocations.Theimageshowsdiverseindividu.jpeg');
INSERT INTO twill_medias VALUES(9,'2025-06-22 23:22:13','2025-06-22 23:22:13',NULL,'1a9c37ce-ac27-418d-9c1a-e2ef948867b7/juliet.jpeg','Juliet',400,300,NULL,'Juliet.jpeg');
INSERT INTO twill_medias VALUES(10,'2025-06-22 23:22:42','2025-06-22 23:22:42',NULL,'522b9fa4-9a88-4f2e-83bb-d933427bbca4/kelly.jpeg','Kelly',400,300,NULL,'Kelly.jpeg');
INSERT INTO twill_medias VALUES(11,'2025-06-23 15:13:39','2025-06-23 15:13:39',NULL,'640f7751-172b-4e83-b84a-ff0db549e635/gemini-generated-image-e25k7be25k7be25k.jpg','Gemini Generated Image e25k7be25k7be25k',2048,2048,NULL,'Gemini_Generated_Image_e25k7be25k7be25k.jpg');
INSERT INTO twill_medias VALUES(12,'2025-06-23 17:35:51','2025-06-23 17:35:51',NULL,'fc8b2d20-88bc-43c5-896e-ebd58ba3ada0/firefly-dynamic-shot-of-an-individual-clearly-a-parent-or-professional-performing-a-powerf-275444.jpg','Firefly  Dynamic shot of an individual, clearly a parent or professional, performing a powerf 275444',2688,1536,NULL,'Firefly_-Dynamic shot of an individual, clearly a parent or professional, performing a powerf 275444.jpg');
CREATE TABLE IF NOT EXISTS "twill_mediables" ("id" integer primary key autoincrement not null, "created_at" datetime, "updated_at" datetime, "deleted_at" datetime, "mediable_id" integer, "mediable_type" varchar, "media_id" integer not null, "crop_x" integer, "crop_y" integer, "crop_w" integer, "crop_h" integer, "role" varchar, "crop" varchar, "lqip_data" text, "ratio" varchar, "metadatas" text not null, "locale" varchar not null default 'en', "position" integer not null default '1', foreign key("media_id") references "twill_medias"("id") on delete cascade on update cascade);
INSERT INTO twill_mediables VALUES(10,'2025-06-22 23:02:13','2025-06-23 17:36:16',NULL,3,'blocks',6,0,0,1024,694,'image','desktop',NULL,'desktop','{"caption":null,"altText":null,"video":null}','en',1);
INSERT INTO twill_mediables VALUES(11,'2025-06-22 23:02:13','2025-06-23 17:36:16',NULL,3,'blocks',6,22,0,924,694,'image','tablet',NULL,'tablet','{"caption":null,"altText":null,"video":null}','en',1);
INSERT INTO twill_mediables VALUES(12,'2025-06-22 23:02:13','2025-06-23 17:36:16',NULL,3,'blocks',6,22,0,694,694,'image','mobile',NULL,'mobile','{"caption":null,"altText":null,"video":null}','en',1);
INSERT INTO twill_mediables VALUES(13,'2025-06-22 23:02:13','2025-06-23 17:36:16',NULL,4,'blocks',4,0,0,659,350,'image','desktop',NULL,'desktop','{"caption":null,"altText":null,"video":null}','en',1);
INSERT INTO twill_mediables VALUES(14,'2025-06-22 23:02:13','2025-06-23 17:36:16',NULL,4,'blocks',4,186,0,466,350,'image','tablet',NULL,'tablet','{"caption":null,"altText":null,"video":null}','en',1);
INSERT INTO twill_mediables VALUES(15,'2025-06-22 23:02:13','2025-06-23 17:36:16',NULL,4,'blocks',4,306,0,350,350,'image','mobile',NULL,'mobile','{"caption":null,"altText":null,"video":null}','en',1);
INSERT INTO twill_mediables VALUES(16,'2025-06-22 23:02:13','2025-06-23 17:36:16',NULL,5,'blocks',8,0,0,650,350,'image','desktop',NULL,'desktop','{"caption":null,"altText":null,"video":null}','en',1);
INSERT INTO twill_mediables VALUES(17,'2025-06-22 23:02:13','2025-06-23 17:36:16',NULL,5,'blocks',8,175,0,467,350,'image','tablet',NULL,'tablet','{"caption":null,"altText":null,"video":null}','en',1);
INSERT INTO twill_mediables VALUES(18,'2025-06-22 23:02:13','2025-06-23 17:36:16',NULL,5,'blocks',8,296,0,350,350,'image','mobile',NULL,'mobile','{"caption":null,"altText":null,"video":null}','en',1);
INSERT INTO twill_mediables VALUES(49,'2025-06-22 23:24:48','2025-06-29 22:10:44',NULL,10,'blocks',2,0,0,2048,2048,'image','desktop',NULL,'desktop','{"caption":null,"altText":null,"video":null}','en',1);
INSERT INTO twill_mediables VALUES(50,'2025-06-22 23:24:48','2025-06-29 22:10:44',NULL,10,'blocks',2,0,448,2048,1536,'image','tablet',NULL,'tablet','{"caption":null,"altText":null,"video":null}','en',1);
INSERT INTO twill_mediables VALUES(51,'2025-06-22 23:24:48','2025-06-29 22:10:44',NULL,10,'blocks',2,0,0,2048,2048,'image','mobile',NULL,'mobile','{"caption":null,"altText":null,"video":null}','en',1);
INSERT INTO twill_mediables VALUES(52,'2025-06-22 23:24:48','2025-06-29 22:10:44',NULL,7,'blocks',1,0,0,400,300,'image','desktop',NULL,'desktop','{"caption":null,"altText":null,"video":null}','en',1);
INSERT INTO twill_mediables VALUES(53,'2025-06-22 23:24:48','2025-06-29 22:10:44',NULL,7,'blocks',1,0,0,400,300,'image','tablet',NULL,'tablet','{"caption":null,"altText":null,"video":null}','en',1);
INSERT INTO twill_mediables VALUES(54,'2025-06-22 23:24:48','2025-06-29 22:10:44',NULL,7,'blocks',1,9,0,300,300,'image','mobile',NULL,'mobile','{"caption":null,"altText":null,"video":null}','en',1);
INSERT INTO twill_mediables VALUES(55,'2025-06-22 23:24:48','2025-06-29 22:10:44',NULL,8,'blocks',9,0,0,400,300,'image','desktop',NULL,'desktop','{"caption":null,"altText":null,"video":null}','en',1);
INSERT INTO twill_mediables VALUES(56,'2025-06-22 23:24:48','2025-06-29 22:10:44',NULL,8,'blocks',9,0,0,400,300,'image','tablet',NULL,'tablet','{"caption":null,"altText":null,"video":null}','en',1);
INSERT INTO twill_mediables VALUES(57,'2025-06-22 23:24:48','2025-06-29 22:10:44',NULL,8,'blocks',9,9,0,300,300,'image','mobile',NULL,'mobile','{"caption":null,"altText":null,"video":null}','en',1);
INSERT INTO twill_mediables VALUES(58,'2025-06-22 23:24:48','2025-06-29 22:10:44',NULL,9,'blocks',10,0,0,400,300,'image','desktop',NULL,'desktop','{"caption":null,"altText":null,"video":null}','en',1);
INSERT INTO twill_mediables VALUES(59,'2025-06-22 23:24:48','2025-06-29 22:10:44',NULL,9,'blocks',10,0,0,400,300,'image','tablet',NULL,'tablet','{"caption":null,"altText":null,"video":null}','en',1);
INSERT INTO twill_mediables VALUES(60,'2025-06-22 23:24:48','2025-06-29 22:10:44',NULL,9,'blocks',10,9,0,300,300,'image','mobile',NULL,'mobile','{"caption":null,"altText":null,"video":null}','en',1);
INSERT INTO twill_mediables VALUES(61,'2025-06-23 15:13:46','2025-06-27 23:58:17',NULL,11,'blocks',11,0,64,2048,1152,'common_image','desktop',NULL,'desktop','{"caption":null,"altText":null,"video":null}','en',1);
INSERT INTO twill_mediables VALUES(62,'2025-06-23 15:13:46','2025-06-27 23:58:17',NULL,11,'blocks',11,0,64,2048,1536,'common_image','tablet',NULL,'tablet','{"caption":null,"altText":null,"video":null}','en',1);
INSERT INTO twill_mediables VALUES(63,'2025-06-23 15:13:46','2025-06-27 23:58:17',NULL,11,'blocks',11,0,0,2048,2048,'common_image','mobile',NULL,'mobile','{"caption":null,"altText":null,"video":null}','en',1);
INSERT INTO twill_mediables VALUES(64,'2025-06-23 17:36:16','2025-06-23 17:36:16',NULL,1,'blocks',12,0,0,2688,1400,'image','desktop',NULL,'desktop','{"caption":null,"altText":null,"video":null}','en',1);
INSERT INTO twill_mediables VALUES(65,'2025-06-23 17:36:16','2025-06-23 17:36:16',NULL,1,'blocks',12,576,0,2046,1536,'image','tablet',NULL,'tablet','{"caption":null,"altText":null,"video":null}','en',1);
INSERT INTO twill_mediables VALUES(66,'2025-06-23 17:36:16','2025-06-23 17:36:16',NULL,1,'blocks',12,672,0,1536,1536,'image','mobile',NULL,'mobile','{"caption":null,"altText":null,"video":null}','en',1);
CREATE TABLE IF NOT EXISTS "twill_files" ("id" integer primary key autoincrement not null, "created_at" datetime, "updated_at" datetime, "deleted_at" datetime, "uuid" text not null, "filename" text, "size" integer not null);
CREATE TABLE IF NOT EXISTS "twill_settings" ("id" integer primary key autoincrement not null, "created_at" datetime, "updated_at" datetime, "deleted_at" datetime, "key" varchar, "section" varchar);
CREATE TABLE IF NOT EXISTS "twill_setting_translations" ("id" integer primary key autoincrement not null, "twill_setting_id" integer not null, "deleted_at" datetime, "created_at" datetime, "updated_at" datetime, "locale" varchar not null, "active" tinyint(1) not null default '0', "value" text, foreign key("twill_setting_id") references "twill_settings"("id") on delete CASCADE);
CREATE TABLE IF NOT EXISTS "twill_tagged" ("id" integer primary key autoincrement not null, "taggable_type" varchar not null, "taggable_id" integer not null, "tag_id" integer not null);
CREATE TABLE IF NOT EXISTS "twill_tags" ("id" integer primary key autoincrement not null, "namespace" varchar not null, "slug" varchar not null, "name" varchar not null, "count" integer not null default '0');
CREATE TABLE IF NOT EXISTS "twill_features" ("id" integer primary key autoincrement not null, "featured_id" varchar not null, "featured_type" varchar not null, "bucket_key" varchar not null, "position" integer not null, "starred" tinyint(1) not null default '0', "created_at" datetime, "updated_at" datetime);
CREATE TABLE IF NOT EXISTS "twill_related" ("id" integer primary key autoincrement not null, "subject_id" integer, "subject_type" varchar not null, "related_id" integer, "related_type" varchar not null, "browser_name" varchar not null, "position" integer not null);
CREATE TABLE IF NOT EXISTS "twill_fileables" ("id" integer primary key autoincrement not null, "created_at" datetime, "updated_at" datetime, "deleted_at" datetime, "file_id" integer not null, "fileable_id" integer, "fileable_type" varchar, "role" varchar, "locale" varchar not null, "position" integer not null default '1', foreign key("file_id") references twill_files("id") on delete cascade on update cascade);
CREATE TABLE IF NOT EXISTS "activity_log" ("id" integer primary key autoincrement not null, "log_name" varchar, "description" text not null, "subject_id" integer, "subject_type" varchar, "causer_id" integer, "causer_type" varchar, "properties" text, "created_at" datetime, "updated_at" datetime, "event" varchar, "batch_uuid" varchar);
INSERT INTO activity_log VALUES(1,'default','updated',1,'home',1,'users','[]','2025-06-22 20:17:05','2025-06-22 20:17:05',NULL,NULL);
INSERT INTO activity_log VALUES(2,'default','updated',1,'home',1,'users','[]','2025-06-22 20:58:57','2025-06-22 20:58:57',NULL,NULL);
INSERT INTO activity_log VALUES(3,'default','updated',1,'home',1,'users','[]','2025-06-22 22:42:38','2025-06-22 22:42:38',NULL,NULL);
INSERT INTO activity_log VALUES(4,'default','created',1,'page',1,'users','[]','2025-06-22 22:42:54','2025-06-22 22:42:54',NULL,NULL);
INSERT INTO activity_log VALUES(5,'default','updated',1,'page',1,'users','[]','2025-06-22 22:42:59','2025-06-22 22:42:59',NULL,NULL);
INSERT INTO activity_log VALUES(6,'default','updated',1,'home',1,'users','[]','2025-06-22 22:56:29','2025-06-22 22:56:29',NULL,NULL);
INSERT INTO activity_log VALUES(7,'default','updated',1,'home',1,'users','[]','2025-06-22 23:02:13','2025-06-22 23:02:13',NULL,NULL);
INSERT INTO activity_log VALUES(8,'default','created',1,'navigation',1,'users','[]','2025-06-22 23:20:03','2025-06-22 23:20:03',NULL,NULL);
INSERT INTO activity_log VALUES(9,'default','updated',1,'navigation',1,'users','[]','2025-06-22 23:20:09','2025-06-22 23:20:09',NULL,NULL);
INSERT INTO activity_log VALUES(10,'default','created',2,'navigation',1,'users','[]','2025-06-22 23:20:47','2025-06-22 23:20:47',NULL,NULL);
INSERT INTO activity_log VALUES(11,'default','updated',2,'navigation',1,'users','[]','2025-06-22 23:20:55','2025-06-22 23:20:55',NULL,NULL);
INSERT INTO activity_log VALUES(12,'default','updated',1,'page',1,'users','[]','2025-06-22 23:22:50','2025-06-22 23:22:50',NULL,NULL);
INSERT INTO activity_log VALUES(13,'default','updated',1,'page',1,'users','[]','2025-06-22 23:23:12','2025-06-22 23:23:12',NULL,NULL);
INSERT INTO activity_log VALUES(14,'default','updated',1,'page',1,'users','[]','2025-06-22 23:24:30','2025-06-22 23:24:30',NULL,NULL);
INSERT INTO activity_log VALUES(15,'default','updated',1,'page',1,'users','[]','2025-06-22 23:24:48','2025-06-22 23:24:48',NULL,NULL);
INSERT INTO activity_log VALUES(16,'default','created',1,'program',1,'users','[]','2025-06-23 15:10:16','2025-06-23 15:10:16',NULL,NULL);
INSERT INTO activity_log VALUES(17,'default','updated',1,'program',1,'users','[]','2025-06-23 15:12:07','2025-06-23 15:12:07',NULL,NULL);
INSERT INTO activity_log VALUES(18,'default','updated',1,'program',1,'users','[]','2025-06-23 15:13:46','2025-06-23 15:13:46',NULL,NULL);
INSERT INTO activity_log VALUES(19,'default','created',3,'navigation',1,'users','[]','2025-06-23 15:14:02','2025-06-23 15:14:02',NULL,NULL);
INSERT INTO activity_log VALUES(20,'default','updated',3,'navigation',1,'users','[]','2025-06-23 15:14:32','2025-06-23 15:14:32',NULL,NULL);
INSERT INTO activity_log VALUES(21,'default','updated',1,'home',1,'users','[]','2025-06-23 17:36:16','2025-06-23 17:36:16',NULL,NULL);
INSERT INTO activity_log VALUES(22,'default','updated',3,'profile',1,'users','[]','2025-06-23 21:32:29','2025-06-23 21:32:29',NULL,NULL);
INSERT INTO activity_log VALUES(23,'default','updated',3,'profile',1,'users','[]','2025-06-23 21:33:00','2025-06-23 21:33:00',NULL,NULL);
INSERT INTO activity_log VALUES(24,'default','updated',3,'profile',1,'users','[]','2025-06-23 21:38:49','2025-06-23 21:38:49',NULL,NULL);
INSERT INTO activity_log VALUES(25,'default','updated',3,'profile',1,'users','[]','2025-06-23 21:39:05','2025-06-23 21:39:05',NULL,NULL);
INSERT INTO activity_log VALUES(26,'default','updated',3,'profile',1,'users','[]','2025-06-23 21:46:40','2025-06-23 21:46:40',NULL,NULL);
INSERT INTO activity_log VALUES(27,'default','updated',3,'profile',1,'users','[]','2025-06-23 21:49:56','2025-06-23 21:49:56',NULL,NULL);
INSERT INTO activity_log VALUES(28,'default','updated',3,'profile',1,'users','[]','2025-06-23 21:50:14','2025-06-23 21:50:14',NULL,NULL);
INSERT INTO activity_log VALUES(29,'default','updated',3,'profile',1,'users','[]','2025-06-23 21:51:32','2025-06-23 21:51:32',NULL,NULL);
INSERT INTO activity_log VALUES(30,'default','updated',3,'profile',1,'users','[]','2025-06-23 21:57:13','2025-06-23 21:57:13',NULL,NULL);
INSERT INTO activity_log VALUES(31,'default','updated',3,'profile',1,'users','[]','2025-06-23 21:57:28','2025-06-23 21:57:28',NULL,NULL);
INSERT INTO activity_log VALUES(32,'default','updated',3,'profile',1,'users','[]','2025-06-23 22:02:05','2025-06-23 22:02:05',NULL,NULL);
INSERT INTO activity_log VALUES(33,'default','updated',3,'profile',1,'users','[]','2025-06-23 22:34:43','2025-06-23 22:34:43',NULL,NULL);
INSERT INTO activity_log VALUES(34,'default','updated',3,'profile',1,'users','[]','2025-06-23 22:34:57','2025-06-23 22:34:57',NULL,NULL);
INSERT INTO activity_log VALUES(35,'default','updated',3,'profile',1,'users','[]','2025-06-23 22:37:30','2025-06-23 22:37:30',NULL,NULL);
INSERT INTO activity_log VALUES(36,'default','updated',3,'profile',1,'users','[]','2025-06-23 23:22:54','2025-06-23 23:22:54',NULL,NULL);
INSERT INTO activity_log VALUES(37,'default','updated',3,'profile',1,'users','[]','2025-06-23 23:23:02','2025-06-23 23:23:02',NULL,NULL);
INSERT INTO activity_log VALUES(38,'default','published',2,'navigation',1,'users','[]','2025-06-23 23:28:15','2025-06-23 23:28:15',NULL,NULL);
INSERT INTO activity_log VALUES(39,'default','published',3,'navigation',1,'users','[]','2025-06-23 23:28:18','2025-06-23 23:28:18',NULL,NULL);
INSERT INTO activity_log VALUES(40,'default','created',1,'belt',1,'users','[]','2025-06-25 07:30:38','2025-06-25 07:30:38',NULL,NULL);
INSERT INTO activity_log VALUES(41,'default','deleted',1,'belt',1,'users','[]','2025-06-25 08:24:36','2025-06-25 08:24:36',NULL,NULL);
INSERT INTO activity_log VALUES(42,'default','created',2,'belt',1,'users','[]','2025-06-25 08:24:44','2025-06-25 08:24:44',NULL,NULL);
INSERT INTO activity_log VALUES(43,'default','updated',2,'belt',1,'users','[]','2025-06-25 08:26:27','2025-06-25 08:26:27',NULL,NULL);
INSERT INTO activity_log VALUES(44,'default','created',3,'belt',1,'users','[]','2025-06-25 08:34:26','2025-06-25 08:34:26',NULL,NULL);
INSERT INTO activity_log VALUES(45,'default','updated',3,'belt',1,'users','[]','2025-06-25 08:34:35','2025-06-25 08:34:35',NULL,NULL);
INSERT INTO activity_log VALUES(46,'default','updated',3,'belt',1,'users','[]','2025-06-25 08:34:41','2025-06-25 08:34:41',NULL,NULL);
INSERT INTO activity_log VALUES(47,'default','created',1,'beltRequirement',1,'users','[]','2025-06-25 08:55:00','2025-06-25 08:55:00',NULL,NULL);
INSERT INTO activity_log VALUES(48,'default','updated',3,'profile',1,'users','[]','2025-06-26 16:45:15','2025-06-26 16:45:15',NULL,NULL);
INSERT INTO activity_log VALUES(49,'default','updated',1,'profile',1,'users','[]','2025-06-26 17:04:36','2025-06-26 17:04:36',NULL,NULL);
INSERT INTO activity_log VALUES(50,'default','created',2,'program',1,'users','[]','2025-06-26 18:09:53','2025-06-26 18:09:53',NULL,NULL);
INSERT INTO activity_log VALUES(51,'default','updated',3,'profile',1,'users','[]','2025-06-26 18:25:07','2025-06-26 18:25:07',NULL,NULL);
INSERT INTO activity_log VALUES(52,'default','updated',1,'program',1,'users','[]','2025-06-26 20:44:48','2025-06-26 20:44:48',NULL,NULL);
INSERT INTO activity_log VALUES(53,'default','updated',1,'program',1,'users','[]','2025-06-26 20:49:35','2025-06-26 20:49:35',NULL,NULL);
INSERT INTO activity_log VALUES(54,'default','updated',1,'profile',1,'users','[]','2025-06-26 20:49:55','2025-06-26 20:49:55',NULL,NULL);
INSERT INTO activity_log VALUES(55,'default','updated',3,'profile',1,'users','[]','2025-06-26 20:50:02','2025-06-26 20:50:02',NULL,NULL);
INSERT INTO activity_log VALUES(56,'default','deleted',2,'program',1,'users','[]','2025-06-26 21:56:13','2025-06-26 21:56:13',NULL,NULL);
INSERT INTO activity_log VALUES(57,'default','created',1,'programBelt',1,'users','[]','2025-06-26 22:05:42','2025-06-26 22:05:42',NULL,NULL);
INSERT INTO activity_log VALUES(58,'default','updated',1,'programBelt',1,'users','[]','2025-06-26 22:13:06','2025-06-26 22:13:06',NULL,NULL);
INSERT INTO activity_log VALUES(59,'default','updated',1,'programBelt',1,'users','[]','2025-06-26 22:13:13','2025-06-26 22:13:13',NULL,NULL);
INSERT INTO activity_log VALUES(60,'default','created',2,'programBelt',1,'users','[]','2025-06-26 22:13:32','2025-06-26 22:13:32',NULL,NULL);
INSERT INTO activity_log VALUES(61,'default','updated',2,'programBelt',1,'users','[]','2025-06-26 22:16:43','2025-06-26 22:16:43',NULL,NULL);
INSERT INTO activity_log VALUES(62,'default','updated',3,'profile',1,'users','[]','2025-06-27 17:12:47','2025-06-27 17:12:47',NULL,NULL);
INSERT INTO activity_log VALUES(63,'default','updated',3,'profile',1,'users','[]','2025-06-27 17:18:39','2025-06-27 17:18:39',NULL,NULL);
INSERT INTO activity_log VALUES(64,'default','updated',3,'profile',1,'users','[]','2025-06-27 17:24:27','2025-06-27 17:24:27',NULL,NULL);
INSERT INTO activity_log VALUES(65,'default','updated',3,'profile',1,'users','[]','2025-06-27 17:33:52','2025-06-27 17:33:52',NULL,NULL);
INSERT INTO activity_log VALUES(66,'default','updated',3,'profile',1,'users','[]','2025-06-27 17:34:03','2025-06-27 17:34:03',NULL,NULL);
INSERT INTO activity_log VALUES(67,'default','updated',3,'profile',1,'users','[]','2025-06-27 17:35:20','2025-06-27 17:35:20',NULL,NULL);
INSERT INTO activity_log VALUES(68,'default','updated',3,'profile',1,'users','[]','2025-06-27 17:35:32','2025-06-27 17:35:32',NULL,NULL);
INSERT INTO activity_log VALUES(69,'default','updated',3,'profile',1,'users','[]','2025-06-27 17:40:24','2025-06-27 17:40:24',NULL,NULL);
INSERT INTO activity_log VALUES(70,'default','updated',3,'profile',1,'users','[]','2025-06-27 17:40:33','2025-06-27 17:40:33',NULL,NULL);
INSERT INTO activity_log VALUES(71,'default','updated',3,'profile',1,'users','[]','2025-06-27 17:43:53','2025-06-27 17:43:53',NULL,NULL);
INSERT INTO activity_log VALUES(72,'default','updated',3,'profile',1,'users','[]','2025-06-27 17:44:12','2025-06-27 17:44:12',NULL,NULL);
INSERT INTO activity_log VALUES(73,'default','updated',3,'profile',1,'users','[]','2025-06-27 17:49:20','2025-06-27 17:49:20',NULL,NULL);
INSERT INTO activity_log VALUES(74,'default','updated',3,'profile',1,'users','[]','2025-06-27 17:49:30','2025-06-27 17:49:30',NULL,NULL);
INSERT INTO activity_log VALUES(75,'default','updated',3,'profile',1,'users','[]','2025-06-27 17:58:17','2025-06-27 17:58:17',NULL,NULL);
INSERT INTO activity_log VALUES(76,'default','updated',3,'profile',1,'users','[]','2025-06-27 17:58:29','2025-06-27 17:58:29',NULL,NULL);
INSERT INTO activity_log VALUES(77,'default','updated',3,'profile',1,'users','[]','2025-06-27 17:59:02','2025-06-27 17:59:02',NULL,NULL);
INSERT INTO activity_log VALUES(78,'default','updated',3,'profile',1,'users','[]','2025-06-27 17:59:18','2025-06-27 17:59:18',NULL,NULL);
INSERT INTO activity_log VALUES(79,'default','updated',3,'profile',1,'users','[]','2025-06-27 17:59:55','2025-06-27 17:59:55',NULL,NULL);
INSERT INTO activity_log VALUES(80,'default','updated',1,'profile',1,'users','[]','2025-06-27 18:01:52','2025-06-27 18:01:52',NULL,NULL);
INSERT INTO activity_log VALUES(81,'default','updated',1,'profile',1,'users','[]','2025-06-27 18:02:51','2025-06-27 18:02:51',NULL,NULL);
INSERT INTO activity_log VALUES(82,'default','updated',1,'profile',1,'users','[]','2025-06-27 18:06:30','2025-06-27 18:06:30',NULL,NULL);
INSERT INTO activity_log VALUES(83,'default','updated',3,'profile',1,'users','[]','2025-06-27 21:27:14','2025-06-27 21:27:14',NULL,NULL);
INSERT INTO activity_log VALUES(84,'default','updated',1,'program',1,'users','[]','2025-06-27 21:55:13','2025-06-27 21:55:13',NULL,NULL);
INSERT INTO activity_log VALUES(85,'default','updated',1,'program',1,'users','[]','2025-06-27 22:50:59','2025-06-27 22:50:59',NULL,NULL);
INSERT INTO activity_log VALUES(86,'default','updated',1,'program',1,'users','[]','2025-06-27 22:51:09','2025-06-27 22:51:09',NULL,NULL);
INSERT INTO activity_log VALUES(87,'default','updated',1,'program',1,'users','[]','2025-06-27 22:51:32','2025-06-27 22:51:32',NULL,NULL);
INSERT INTO activity_log VALUES(88,'default','updated',1,'program',1,'users','[]','2025-06-27 22:57:02','2025-06-27 22:57:02',NULL,NULL);
INSERT INTO activity_log VALUES(89,'default','updated',1,'program',1,'users','[]','2025-06-27 22:59:58','2025-06-27 22:59:58',NULL,NULL);
INSERT INTO activity_log VALUES(90,'default','updated',1,'program',1,'users','[]','2025-06-27 23:32:42','2025-06-27 23:32:42',NULL,NULL);
INSERT INTO activity_log VALUES(91,'default','updated',1,'program',1,'users','[]','2025-06-27 23:32:54','2025-06-27 23:32:54',NULL,NULL);
INSERT INTO activity_log VALUES(92,'default','updated',1,'program',1,'users','[]','2025-06-27 23:33:08','2025-06-27 23:33:08',NULL,NULL);
INSERT INTO activity_log VALUES(93,'default','updated',1,'program',1,'users','[]','2025-06-27 23:37:26','2025-06-27 23:37:26',NULL,NULL);
INSERT INTO activity_log VALUES(94,'default','updated',1,'program',1,'users','[]','2025-06-27 23:37:33','2025-06-27 23:37:33',NULL,NULL);
INSERT INTO activity_log VALUES(95,'default','updated',1,'program',1,'users','[]','2025-06-27 23:42:49','2025-06-27 23:42:49',NULL,NULL);
INSERT INTO activity_log VALUES(96,'default','updated',3,'profile',1,'users','[]','2025-06-27 23:43:12','2025-06-27 23:43:12',NULL,NULL);
INSERT INTO activity_log VALUES(97,'default','updated',1,'program',1,'users','[]','2025-06-27 23:50:46','2025-06-27 23:50:46',NULL,NULL);
INSERT INTO activity_log VALUES(98,'default','updated',1,'program',1,'users','[]','2025-06-27 23:54:40','2025-06-27 23:54:40',NULL,NULL);
INSERT INTO activity_log VALUES(99,'default','updated',1,'program',1,'users','[]','2025-06-27 23:57:55','2025-06-27 23:57:55',NULL,NULL);
INSERT INTO activity_log VALUES(100,'default','updated',1,'program',1,'users','[]','2025-06-27 23:58:17','2025-06-27 23:58:17',NULL,NULL);
INSERT INTO activity_log VALUES(101,'default','created',1,'programBelt',1,'users','[]','2025-06-28 00:26:47','2025-06-28 00:26:47',NULL,NULL);
INSERT INTO activity_log VALUES(102,'default','updated',1,'programBelt',1,'users','[]','2025-06-28 00:34:39','2025-06-28 00:34:39',NULL,NULL);
INSERT INTO activity_log VALUES(103,'default','updated',1,'programBelt',1,'users','[]','2025-06-28 00:46:22','2025-06-28 00:46:22',NULL,NULL);
INSERT INTO activity_log VALUES(104,'default','updated',1,'programBelt',1,'users','[]','2025-06-28 00:46:23','2025-06-28 00:46:23',NULL,NULL);
INSERT INTO activity_log VALUES(105,'default','updated',1,'programBelt',1,'users','[]','2025-06-28 00:53:47','2025-06-28 00:53:47',NULL,NULL);
INSERT INTO activity_log VALUES(106,'default','updated',3,'profile',1,'users','[]','2025-06-28 01:00:00','2025-06-28 01:00:00',NULL,NULL);
INSERT INTO activity_log VALUES(107,'default','updated',3,'profile',1,'users','[]','2025-06-28 01:02:52','2025-06-28 01:02:52',NULL,NULL);
INSERT INTO activity_log VALUES(108,'default','updated',3,'profile',1,'users','[]','2025-06-28 01:03:06','2025-06-28 01:03:06',NULL,NULL);
INSERT INTO activity_log VALUES(109,'default','updated',3,'profile',1,'users','[]','2025-06-28 01:04:32','2025-06-28 01:04:32',NULL,NULL);
INSERT INTO activity_log VALUES(110,'default','updated',3,'profile',1,'users','[]','2025-06-28 01:06:52','2025-06-28 01:06:52',NULL,NULL);
INSERT INTO activity_log VALUES(111,'default','updated',3,'profile',1,'users','[]','2025-06-28 04:43:41','2025-06-28 04:43:41',NULL,NULL);
INSERT INTO activity_log VALUES(112,'default','updated',3,'profile',1,'users','[]','2025-06-28 04:44:06','2025-06-28 04:44:06',NULL,NULL);
INSERT INTO activity_log VALUES(113,'default','updated',3,'profile',1,'users','[]','2025-06-28 04:49:44','2025-06-28 04:49:44',NULL,NULL);
INSERT INTO activity_log VALUES(114,'default','updated',3,'profile',1,'users','[]','2025-06-28 04:56:07','2025-06-28 04:56:07',NULL,NULL);
INSERT INTO activity_log VALUES(115,'default','updated',3,'profile',1,'users','[]','2025-06-28 04:56:18','2025-06-28 04:56:18',NULL,NULL);
INSERT INTO activity_log VALUES(116,'default','updated',3,'profile',1,'users','[]','2025-06-28 21:44:27','2025-06-28 21:44:27',NULL,NULL);
INSERT INTO activity_log VALUES(117,'default','updated',3,'profile',1,'users','[]','2025-06-28 21:44:59','2025-06-28 21:44:59',NULL,NULL);
INSERT INTO activity_log VALUES(118,'default','updated',3,'profile',1,'users','[]','2025-06-28 21:55:25','2025-06-28 21:55:25',NULL,NULL);
INSERT INTO activity_log VALUES(119,'default','updated',3,'profile',1,'users','[]','2025-06-28 21:55:35','2025-06-28 21:55:35',NULL,NULL);
INSERT INTO activity_log VALUES(120,'default','updated',3,'profile',1,'users','[]','2025-06-28 21:58:55','2025-06-28 21:58:55',NULL,NULL);
INSERT INTO activity_log VALUES(121,'default','updated',3,'profile',1,'users','[]','2025-06-28 21:59:07','2025-06-28 21:59:07',NULL,NULL);
INSERT INTO activity_log VALUES(122,'default','updated',3,'profile',1,'users','[]','2025-06-28 21:59:38','2025-06-28 21:59:38',NULL,NULL);
INSERT INTO activity_log VALUES(123,'default','updated',3,'profile',1,'users','[]','2025-06-28 22:00:32','2025-06-28 22:00:32',NULL,NULL);
INSERT INTO activity_log VALUES(124,'default','updated',3,'profile',1,'users','[]','2025-06-28 22:01:50','2025-06-28 22:01:50',NULL,NULL);
INSERT INTO activity_log VALUES(125,'default','updated',3,'profile',1,'users','[]','2025-06-28 22:03:58','2025-06-28 22:03:58',NULL,NULL);
INSERT INTO activity_log VALUES(126,'default','updated',3,'profile',1,'users','[]','2025-06-28 22:04:56','2025-06-28 22:04:56',NULL,NULL);
INSERT INTO activity_log VALUES(127,'default','updated',3,'profile',1,'users','[]','2025-06-28 22:07:23','2025-06-28 22:07:23',NULL,NULL);
INSERT INTO activity_log VALUES(128,'default','updated',3,'profile',1,'users','[]','2025-06-28 22:10:22','2025-06-28 22:10:22',NULL,NULL);
INSERT INTO activity_log VALUES(129,'default','updated',3,'profile',1,'users','[]','2025-06-28 22:20:15','2025-06-28 22:20:15',NULL,NULL);
INSERT INTO activity_log VALUES(130,'default','updated',3,'profile',1,'users','[]','2025-06-28 22:20:34','2025-06-28 22:20:34',NULL,NULL);
INSERT INTO activity_log VALUES(131,'default','updated',3,'profile',1,'users','[]','2025-06-28 22:26:50','2025-06-28 22:26:50',NULL,NULL);
INSERT INTO activity_log VALUES(132,'default','created',1,'programBelt',1,'users','[]','2025-06-28 22:55:50','2025-06-28 22:55:50',NULL,NULL);
INSERT INTO activity_log VALUES(133,'default','updated',1,'programBelt',1,'users','[]','2025-06-28 22:56:01','2025-06-28 22:56:01',NULL,NULL);
INSERT INTO activity_log VALUES(134,'default','updated',1,'programBelt',1,'users','[]','2025-06-28 23:05:45','2025-06-28 23:05:45',NULL,NULL);
INSERT INTO activity_log VALUES(135,'default','updated',3,'profile',1,'users','[]','2025-06-28 23:19:02','2025-06-28 23:19:02',NULL,NULL);
INSERT INTO activity_log VALUES(136,'default','updated',3,'profile',1,'users','[]','2025-06-28 23:21:48','2025-06-28 23:21:48',NULL,NULL);
INSERT INTO activity_log VALUES(137,'default','updated',3,'profile',1,'users','[]','2025-06-28 23:23:43','2025-06-28 23:23:43',NULL,NULL);
INSERT INTO activity_log VALUES(138,'default','updated',3,'profile',1,'users','[]','2025-06-28 23:24:20','2025-06-28 23:24:20',NULL,NULL);
INSERT INTO activity_log VALUES(139,'default','updated',3,'profile',1,'users','[]','2025-06-28 23:24:35','2025-06-28 23:24:35',NULL,NULL);
INSERT INTO activity_log VALUES(140,'default','updated',3,'profile',1,'users','[]','2025-06-28 23:28:11','2025-06-28 23:28:11',NULL,NULL);
INSERT INTO activity_log VALUES(141,'default','updated',3,'profile',1,'users','[]','2025-06-28 23:28:27','2025-06-28 23:28:27',NULL,NULL);
INSERT INTO activity_log VALUES(142,'default','updated',3,'profile',1,'users','[]','2025-06-28 23:28:39','2025-06-28 23:28:39',NULL,NULL);
INSERT INTO activity_log VALUES(143,'default','updated',1,'profile',1,'users','[]','2025-06-28 23:30:27','2025-06-28 23:30:27',NULL,NULL);
INSERT INTO activity_log VALUES(144,'default','updated',1,'profile',1,'users','[]','2025-06-28 23:30:40','2025-06-28 23:30:40',NULL,NULL);
INSERT INTO activity_log VALUES(145,'default','updated',1,'profile',1,'users','[]','2025-06-28 23:30:41','2025-06-28 23:30:41',NULL,NULL);
INSERT INTO activity_log VALUES(146,'default','updated',1,'profile',1,'users','[]','2025-06-28 23:30:53','2025-06-28 23:30:53',NULL,NULL);
INSERT INTO activity_log VALUES(147,'default','updated',3,'profile',1,'users','[]','2025-06-28 23:35:52','2025-06-28 23:35:52',NULL,NULL);
INSERT INTO activity_log VALUES(148,'default','updated',1,'profile',1,'users','[]','2025-06-28 23:36:03','2025-06-28 23:36:03',NULL,NULL);
INSERT INTO activity_log VALUES(149,'default','updated',1,'profile',1,'users','[]','2025-06-28 23:36:11','2025-06-28 23:36:11',NULL,NULL);
INSERT INTO activity_log VALUES(150,'default','updated',3,'profile',1,'users','[]','2025-06-28 23:36:20','2025-06-28 23:36:20',NULL,NULL);
INSERT INTO activity_log VALUES(151,'default','updated',3,'profile',1,'users','[]','2025-06-28 23:40:02','2025-06-28 23:40:02',NULL,NULL);
INSERT INTO activity_log VALUES(152,'default','updated',3,'profile',1,'users','[]','2025-06-28 23:40:14','2025-06-28 23:40:14',NULL,NULL);
INSERT INTO activity_log VALUES(153,'default','updated',3,'profile',1,'users','[]','2025-06-28 23:46:49','2025-06-28 23:46:49',NULL,NULL);
INSERT INTO activity_log VALUES(154,'default','updated',3,'profile',1,'users','[]','2025-06-28 23:48:00','2025-06-28 23:48:00',NULL,NULL);
INSERT INTO activity_log VALUES(155,'default','updated',3,'profile',1,'users','[]','2025-06-29 00:13:40','2025-06-29 00:13:40',NULL,NULL);
INSERT INTO activity_log VALUES(156,'default','updated',3,'profile',1,'users','[]','2025-06-29 00:13:53','2025-06-29 00:13:53',NULL,NULL);
INSERT INTO activity_log VALUES(157,'default','updated',3,'profile',1,'users','[]','2025-06-29 00:30:49','2025-06-29 00:30:49',NULL,NULL);
INSERT INTO activity_log VALUES(158,'default','updated',3,'profile',1,'users','[]','2025-06-29 02:41:57','2025-06-29 02:41:57',NULL,NULL);
INSERT INTO activity_log VALUES(159,'default','updated',3,'profile',1,'users','[]','2025-06-29 02:44:09','2025-06-29 02:44:09',NULL,NULL);
INSERT INTO activity_log VALUES(160,'default','updated',3,'profile',1,'users','[]','2025-06-29 02:44:21','2025-06-29 02:44:21',NULL,NULL);
INSERT INTO activity_log VALUES(161,'default','updated',3,'profile',1,'users','[]','2025-06-29 02:44:24','2025-06-29 02:44:24',NULL,NULL);
INSERT INTO activity_log VALUES(162,'default','updated',3,'profile',1,'users','[]','2025-06-29 02:48:43','2025-06-29 02:48:43',NULL,NULL);
INSERT INTO activity_log VALUES(163,'default','updated',3,'profile',1,'users','[]','2025-06-29 02:53:30','2025-06-29 02:53:30',NULL,NULL);
INSERT INTO activity_log VALUES(164,'default','updated',3,'profile',1,'users','[]','2025-06-29 02:54:24','2025-06-29 02:54:24',NULL,NULL);
INSERT INTO activity_log VALUES(165,'default','updated',3,'profile',1,'users','[]','2025-06-29 02:56:26','2025-06-29 02:56:26',NULL,NULL);
INSERT INTO activity_log VALUES(166,'default','updated',3,'profile',1,'users','[]','2025-06-29 04:54:03','2025-06-29 04:54:03',NULL,NULL);
INSERT INTO activity_log VALUES(167,'default','updated',3,'profile',1,'users','[]','2025-06-29 04:54:13','2025-06-29 04:54:13',NULL,NULL);
INSERT INTO activity_log VALUES(168,'default','updated',3,'profile',1,'users','[]','2025-06-29 13:02:46','2025-06-29 13:02:46',NULL,NULL);
INSERT INTO activity_log VALUES(169,'default','updated',3,'profile',1,'users','[]','2025-06-29 13:03:04','2025-06-29 13:03:04',NULL,NULL);
INSERT INTO activity_log VALUES(170,'default','updated',3,'profile',1,'users','[]','2025-06-29 13:07:40','2025-06-29 13:07:40',NULL,NULL);
INSERT INTO activity_log VALUES(171,'default','updated',3,'profile',1,'users','[]','2025-06-29 13:07:45','2025-06-29 13:07:45',NULL,NULL);
INSERT INTO activity_log VALUES(172,'default','updated',3,'profile',1,'users','[]','2025-06-29 13:08:21','2025-06-29 13:08:21',NULL,NULL);
INSERT INTO activity_log VALUES(173,'default','updated',3,'profile',1,'users','[]','2025-06-29 13:08:26','2025-06-29 13:08:26',NULL,NULL);
INSERT INTO activity_log VALUES(174,'default','updated',3,'profile',1,'users','[]','2025-06-29 14:53:23','2025-06-29 14:53:23',NULL,NULL);
INSERT INTO activity_log VALUES(175,'default','updated',3,'profile',1,'users','[]','2025-06-29 14:53:35','2025-06-29 14:53:35',NULL,NULL);
INSERT INTO activity_log VALUES(176,'default','updated',3,'profile',1,'users','[]','2025-06-29 20:25:03','2025-06-29 20:25:03',NULL,NULL);
INSERT INTO activity_log VALUES(177,'default','updated',3,'profile',1,'users','[]','2025-06-29 20:25:07','2025-06-29 20:25:07',NULL,NULL);
INSERT INTO activity_log VALUES(178,'default','updated',3,'profile',1,'users','[]','2025-06-29 20:25:17','2025-06-29 20:25:17',NULL,NULL);
INSERT INTO activity_log VALUES(179,'default','updated',3,'profile',1,'users','[]','2025-06-29 20:26:51','2025-06-29 20:26:51',NULL,NULL);
INSERT INTO activity_log VALUES(180,'default','updated',3,'profile',1,'users','[]','2025-06-29 20:27:04','2025-06-29 20:27:04',NULL,NULL);
INSERT INTO activity_log VALUES(181,'default','updated',3,'profile',1,'users','[]','2025-06-29 20:33:55','2025-06-29 20:33:55',NULL,NULL);
INSERT INTO activity_log VALUES(182,'default','updated',3,'profile',1,'users','[]','2025-06-29 20:34:04','2025-06-29 20:34:04',NULL,NULL);
INSERT INTO activity_log VALUES(183,'default','updated',3,'profile',1,'users','[]','2025-06-29 20:34:09','2025-06-29 20:34:09',NULL,NULL);
INSERT INTO activity_log VALUES(184,'default','updated',3,'profile',1,'users','[]','2025-06-29 20:34:10','2025-06-29 20:34:10',NULL,NULL);
INSERT INTO activity_log VALUES(185,'default','updated',3,'profile',1,'users','[]','2025-06-29 20:40:48','2025-06-29 20:40:48',NULL,NULL);
INSERT INTO activity_log VALUES(186,'default','updated',3,'profile',1,'users','[]','2025-06-29 20:40:58','2025-06-29 20:40:58',NULL,NULL);
INSERT INTO activity_log VALUES(187,'default','updated',1,'page',1,'users','[]','2025-06-29 20:44:05','2025-06-29 20:44:05',NULL,NULL);
INSERT INTO activity_log VALUES(188,'default','updated',1,'page',1,'users','[]','2025-06-29 22:10:44','2025-06-29 22:10:44',NULL,NULL);
INSERT INTO activity_log VALUES(189,'default','updated',1,'programBelt',1,'users','[]','2025-06-30 00:35:31','2025-06-30 00:35:31',NULL,NULL);
INSERT INTO activity_log VALUES(190,'default','created',2,'programBelt',1,'users','[]','2025-06-30 00:37:24','2025-06-30 00:37:24',NULL,NULL);
INSERT INTO activity_log VALUES(191,'default','updated',2,'programBelt',1,'users','[]','2025-06-30 00:37:50','2025-06-30 00:37:50',NULL,NULL);
INSERT INTO activity_log VALUES(192,'default','updated',3,'profile',1,'users','[]','2025-06-30 23:27:55','2025-06-30 23:27:55',NULL,NULL);
INSERT INTO activity_log VALUES(193,'default','updated',3,'profile',1,'users','[]','2025-06-30 23:28:01','2025-06-30 23:28:01',NULL,NULL);
INSERT INTO activity_log VALUES(194,'default','updated',3,'profile',1,'users','[]','2025-06-30 23:28:09','2025-06-30 23:28:09',NULL,NULL);
INSERT INTO activity_log VALUES(195,'default','updated',3,'profile',1,'users','[]','2025-07-01 00:12:08','2025-07-01 00:12:08',NULL,NULL);
INSERT INTO activity_log VALUES(196,'default','updated',3,'profile',1,'users','[]','2025-07-01 00:12:18','2025-07-01 00:12:18',NULL,NULL);
INSERT INTO activity_log VALUES(197,'default','updated',3,'profile',1,'users','[]','2025-07-01 00:34:04','2025-07-01 00:34:04',NULL,NULL);
INSERT INTO activity_log VALUES(198,'default','updated',3,'profile',1,'users','[]','2025-07-01 00:34:34','2025-07-01 00:34:34',NULL,NULL);
INSERT INTO activity_log VALUES(199,'default','updated',3,'profile',1,'users','[]','2025-07-01 00:34:43','2025-07-01 00:34:43',NULL,NULL);
INSERT INTO activity_log VALUES(200,'default','updated',2,'programBelt',1,'users','[]','2025-07-01 01:41:18','2025-07-01 01:41:18',NULL,NULL);
INSERT INTO activity_log VALUES(201,'default','updated',1,'programBelt',1,'users','[]','2025-07-01 01:41:28','2025-07-01 01:41:28',NULL,NULL);
INSERT INTO activity_log VALUES(202,'default','updated',2,'programBelt',1,'users','[]','2025-07-01 01:50:24','2025-07-01 01:50:24',NULL,NULL);
INSERT INTO activity_log VALUES(203,'default','updated',3,'profile',1,'users','[]','2025-07-01 13:37:20','2025-07-01 13:37:20',NULL,NULL);
INSERT INTO activity_log VALUES(204,'default','updated',2,'programBelt',1,'users','[]','2025-07-01 19:30:39','2025-07-01 19:30:39',NULL,NULL);
INSERT INTO activity_log VALUES(205,'default','updated',3,'profile',1,'users','[]','2025-07-01 23:02:45','2025-07-01 23:02:45',NULL,NULL);
INSERT INTO activity_log VALUES(206,'default','updated',1,'programBelt',1,'users','[]','2025-07-02 18:35:18','2025-07-02 18:35:18',NULL,NULL);
INSERT INTO activity_log VALUES(207,'default','updated',2,'programBelt',1,'users','[]','2025-07-02 18:39:28','2025-07-02 18:39:28',NULL,NULL);
INSERT INTO activity_log VALUES(208,'default','created',3,'programBelt',1,'users','[]','2025-07-02 18:39:51','2025-07-02 18:39:51',NULL,NULL);
INSERT INTO activity_log VALUES(209,'default','updated',3,'programBelt',1,'users','[]','2025-07-02 18:43:52','2025-07-02 18:43:52',NULL,NULL);
INSERT INTO activity_log VALUES(210,'default','created',4,'programBelt',1,'users','[]','2025-07-02 18:44:11','2025-07-02 18:44:11',NULL,NULL);
INSERT INTO activity_log VALUES(211,'default','updated',3,'profile',1,'users','[]','2025-07-02 18:55:54','2025-07-02 18:55:54',NULL,NULL);
INSERT INTO activity_log VALUES(212,'default','updated',3,'profile',1,'users','[]','2025-07-02 18:56:16','2025-07-02 18:56:16',NULL,NULL);
INSERT INTO activity_log VALUES(213,'default','updated',3,'profile',1,'users','[]','2025-07-02 21:58:12','2025-07-02 21:58:12',NULL,NULL);
INSERT INTO activity_log VALUES(214,'default','updated',3,'profile',1,'users','[]','2025-07-02 21:58:33','2025-07-02 21:58:33',NULL,NULL);
INSERT INTO activity_log VALUES(215,'default','updated',4,'programBelt',1,'users','[]','2025-07-02 23:42:27','2025-07-02 23:42:27',NULL,NULL);
INSERT INTO activity_log VALUES(216,'default','updated',4,'programBelt',1,'users','[]','2025-07-02 23:48:28','2025-07-02 23:48:28',NULL,NULL);
INSERT INTO activity_log VALUES(217,'default','created',5,'programBelt',1,'users','[]','2025-07-02 23:57:02','2025-07-02 23:57:02',NULL,NULL);
CREATE TABLE IF NOT EXISTS "app_settings" ("id" integer primary key autoincrement not null, "deleted_at" datetime, "created_at" datetime, "updated_at" datetime, "published" tinyint(1) not null default '0', "name" varchar);
CREATE TABLE IF NOT EXISTS "twill_password_resets" ("email" varchar not null, "token" varchar not null, "created_at" datetime, foreign key("email") references "twill_users"("email") on delete cascade on update cascade);
CREATE TABLE IF NOT EXISTS "personal_access_tokens" ("id" integer primary key autoincrement not null, "tokenable_type" varchar not null, "tokenable_id" integer not null, "name" varchar not null, "token" varchar not null, "abilities" text, "last_used_at" datetime, "expires_at" datetime, "created_at" datetime, "updated_at" datetime);
CREATE TABLE IF NOT EXISTS "homes" ("id" integer primary key autoincrement not null, "deleted_at" datetime, "created_at" datetime, "updated_at" datetime);
INSERT INTO homes VALUES(1,NULL,'2025-06-22 20:14:18','2025-06-22 20:14:18');
CREATE TABLE IF NOT EXISTS "home_translations" ("id" integer primary key autoincrement not null, "home_id" integer not null, "deleted_at" datetime, "created_at" datetime, "updated_at" datetime, "locale" varchar not null, "active" tinyint(1) not null default '0', "title" varchar, "meta_title" varchar, "meta_description" varchar, foreign key("home_id") references "homes"("id") on delete CASCADE);
INSERT INTO home_translations VALUES(1,1,NULL,'2025-06-22 20:14:18','2025-06-23 17:36:16','en',1,'Home','No Limits Martial Arts and Fitness | Home','No Limits Martial Arts and Fitness is dedicated to helping you live a healthier lifestyle.');
CREATE TABLE IF NOT EXISTS "home_revisions" ("id" integer primary key autoincrement not null, "home_id" integer not null, "user_id" integer, "created_at" datetime, "updated_at" datetime, "payload" text not null, foreign key("home_id") references "homes"("id") on delete cascade, foreign key("user_id") references "twill_users"("id") on delete set null);
INSERT INTO home_revisions VALUES(1,1,1,'2025-06-22 20:14:18','2025-06-22 20:14:18','{"title":{"en":"Home"},"description":{"en":""},"published":false}');
INSERT INTO home_revisions VALUES(2,1,1,'2025-06-22 20:17:05','2025-06-22 20:17:05','{"title":{"en":"Home"},"meta_title":{"en":"No Limits Martial Arts and Fitness | Home"},"meta_description":{"en":"No Limits Martial Arts and Fitness is dedicated to helping you live a healthier lifestyle."},"cmsSaveType":"update","published":false,"public":false,"publish_start_date":null,"publish_end_date":null,"languages":[{"shortlabel":"EN","label":"English","value":"en","disabled":false,"published":true}],"parent_id":0,"medias":[],"browsers":[],"blocks":[{"id":1750637679442,"type":"a17-block-common-hero","is_repeater":false,"editor_name":"default","content":{"variant":"default","heading":"Reach Your Goals With No Limits","button_text":"Join Us!","button_url":"\/register","details":"At No Limits Martial Arts and Fitness we believe everyone can live a healthier lifestyle."},"medias":[],"browsers":[],"blocks":[]}],"repeaters":[]}');
INSERT INTO home_revisions VALUES(3,1,1,'2025-06-22 20:58:57','2025-06-22 20:58:57','{"title":{"en":"Home"},"meta_title":{"en":"No Limits Martial Arts and Fitness | Home"},"meta_description":{"en":"No Limits Martial Arts and Fitness is dedicated to helping you live a healthier lifestyle."},"cmsSaveType":"update","published":false,"public":false,"publish_start_date":null,"publish_end_date":null,"languages":[{"shortlabel":"EN","label":"English","value":"en","disabled":false,"published":true}],"parent_id":0,"medias":[],"browsers":[],"blocks":[{"id":1,"type":"a17-block-common-hero","is_repeater":false,"editor_name":"default","content":{"variant":"default","heading":"Reach Your Goals With No Limits","button_text":"Join Us!","button_url":"\/register","details":"At No Limits Martial Arts and Fitness we believe everyone can live a healthier lifestyle."},"medias":[],"browsers":[],"blocks":[]}],"repeaters":[]}');
INSERT INTO home_revisions VALUES(4,1,1,'2025-06-22 22:42:38','2025-06-22 22:42:38','{"title":{"en":"Home"},"meta_title":{"en":"No Limits Martial Arts and Fitness | Home"},"meta_description":{"en":"No Limits Martial Arts and Fitness is dedicated to helping you live a healthier lifestyle."},"cmsSaveType":"update","published":false,"public":false,"publish_start_date":null,"publish_end_date":null,"languages":[{"shortlabel":"EN","label":"English","value":"en","disabled":false,"published":true}],"parent_id":0,"medias":[],"browsers":[],"blocks":[{"id":1,"type":"a17-block-common-hero","is_repeater":false,"editor_name":"default","content":{"variant":"default","heading":"Reach Your Goals With No Limits","button_text":"Join Us!","button_url":"\/register","details":"At No Limits Martial Arts and Fitness we believe everyone can live a healthier lifestyle."},"medias":{"image":[{"id":6,"name":"Gemini_Generated_Image_ym2rqqym2rqqym2r.png","thumbnail":"http:\/\/nlmaf.dvl.to:8000\/img\/a2d779b2-91dc-4065-8d82-feac5752375a\/gemini-generated-image-ym2rqqym2rqqym2r.png?fm=jpg&q=60&fit=max&dpr=1&h=256","original":"http:\/\/nlmaf.dvl.to:8000\/img\/a2d779b2-91dc-4065-8d82-feac5752375a\/gemini-generated-image-ym2rqqym2rqqym2r.png","medium":"http:\/\/nlmaf.dvl.to:8000\/img\/a2d779b2-91dc-4065-8d82-feac5752375a\/gemini-generated-image-ym2rqqym2rqqym2r.png?fm=jpg&q=80&fit=max&h=430","width":"1024","height":"694","tags":[],"deleteUrl":"http:\/\/nlmaf.dvl.to:8000\/admin\/media-library\/medias\/6","updateUrl":"http:\/\/nlmaf.dvl.to:8000\/admin\/media-library\/medias\/single-update","updateBulkUrl":"http:\/\/nlmaf.dvl.to:8000\/admin\/media-library\/medias\/bulk-update","deleteBulkUrl":"http:\/\/nlmaf.dvl.to:8000\/admin\/media-library\/medias\/bulk-delete","metadatas":{"default":{"caption":null,"altText":"Gemini Generated Image ym2rqqym2rqqym2r","video":null},"custom":{"caption":null,"altText":null,"video":null}},"disabled":false,"crops":{"desktop":{"name":"desktop","x":0,"y":0,"width":1024,"height":694},"tablet":{"name":"tablet","x":22,"y":0,"width":924,"height":694},"mobile":{"name":"mobile","x":22,"y":0,"width":694,"height":694}}}]},"browsers":[],"blocks":[]}],"repeaters":[]}');
INSERT INTO home_revisions VALUES(5,1,1,'2025-06-22 22:56:29','2025-06-22 22:56:29','{"title":{"en":"Home"},"meta_title":{"en":"No Limits Martial Arts and Fitness | Home"},"meta_description":{"en":"No Limits Martial Arts and Fitness is dedicated to helping you live a healthier lifestyle."},"cmsSaveType":"update","published":false,"public":false,"publish_start_date":null,"publish_end_date":null,"languages":[{"shortlabel":"EN","label":"English","value":"en","disabled":false,"published":true}],"parent_id":0,"medias":[],"browsers":[],"blocks":[{"id":1,"type":"a17-block-common-hero","is_repeater":false,"editor_name":"default","content":{"variant":"default","heading":"Reach Your Goals With No Limits","button_text":"Join Us!","button_url":"\/register","details":"At No Limits Martial Arts and Fitness we believe everyone can live a healthier lifestyle."},"medias":{"image":[{"id":3,"name":"Firefly_a pair of elderly women walking in the park for fitness 411060.jpg","thumbnail":"http:\/\/nlmaf.dvl.to:8000\/img\/50baf355-568c-4bef-8c2d-a03a778bfbee\/firefly-a-pair-of-elderly-women-walking-in-the-park-for-fitness-411060.jpg?fm=jpg&q=60&fit=max&dpr=1&h=256","original":"http:\/\/nlmaf.dvl.to:8000\/img\/50baf355-568c-4bef-8c2d-a03a778bfbee\/firefly-a-pair-of-elderly-women-walking-in-the-park-for-fitness-411060.jpg","medium":"http:\/\/nlmaf.dvl.to:8000\/img\/50baf355-568c-4bef-8c2d-a03a778bfbee\/firefly-a-pair-of-elderly-women-walking-in-the-park-for-fitness-411060.jpg?fm=jpg&q=80&fit=max&h=430","width":2048,"height":2048,"tags":[],"deleteUrl":"http:\/\/nlmaf.dvl.to:8000\/admin\/media-library\/medias\/3","updateUrl":"http:\/\/nlmaf.dvl.to:8000\/admin\/media-library\/medias\/single-update","updateBulkUrl":"http:\/\/nlmaf.dvl.to:8000\/admin\/media-library\/medias\/bulk-update","deleteBulkUrl":"http:\/\/nlmaf.dvl.to:8000\/admin\/media-library\/medias\/bulk-delete","metadatas":{"default":{"caption":null,"altText":"Firefly a pair of elderly women walking in the park for fitness 411060","video":null},"custom":{"caption":null,"altText":null,"video":null}},"disabled":false,"crops":{"desktop":{"name":"desktop","x":0,"y":0,"width":2048,"height":2048},"tablet":{"name":"tablet","x":0,"y":320,"width":2048,"height":1536},"mobile":{"name":"mobile","x":0,"y":0,"width":2048,"height":2048}}}]},"browsers":[],"blocks":[]}],"repeaters":[]}');
INSERT INTO home_revisions VALUES(6,1,1,'2025-06-22 23:02:13','2025-06-22 23:02:13','{"title":{"en":"Home"},"meta_title":{"en":"No Limits Martial Arts and Fitness | Home"},"meta_description":{"en":"No Limits Martial Arts and Fitness is dedicated to helping you live a healthier lifestyle."},"cmsSaveType":"update","published":false,"public":false,"publish_start_date":null,"publish_end_date":null,"languages":[{"shortlabel":"EN","label":"English","value":"en","disabled":false,"published":true}],"parent_id":0,"medias":[],"browsers":[],"blocks":[{"id":1,"type":"a17-block-common-hero","is_repeater":false,"editor_name":"default","content":{"variant":"default","heading":"Reach Your Goals With No Limits","button_text":"Join Us!","button_url":"\/register","details":"At No Limits Martial Arts and Fitness we believe everyone can live a healthier lifestyle."},"medias":{"image":[{"id":3,"name":"Firefly_a pair of elderly women walking in the park for fitness 411060.jpg","thumbnail":"http:\/\/nlmaf.dvl.to:8000\/img\/50baf355-568c-4bef-8c2d-a03a778bfbee\/firefly-a-pair-of-elderly-women-walking-in-the-park-for-fitness-411060.jpg?fm=jpg&q=60&fit=max&dpr=1&h=256","original":"http:\/\/nlmaf.dvl.to:8000\/img\/50baf355-568c-4bef-8c2d-a03a778bfbee\/firefly-a-pair-of-elderly-women-walking-in-the-park-for-fitness-411060.jpg","medium":"http:\/\/nlmaf.dvl.to:8000\/img\/50baf355-568c-4bef-8c2d-a03a778bfbee\/firefly-a-pair-of-elderly-women-walking-in-the-park-for-fitness-411060.jpg?fm=jpg&q=80&fit=max&h=430","width":2048,"height":2048,"tags":[],"deleteUrl":"http:\/\/nlmaf.dvl.to:8000\/admin\/media-library\/medias\/3","updateUrl":"http:\/\/nlmaf.dvl.to:8000\/admin\/media-library\/medias\/single-update","updateBulkUrl":"http:\/\/nlmaf.dvl.to:8000\/admin\/media-library\/medias\/bulk-update","deleteBulkUrl":"http:\/\/nlmaf.dvl.to:8000\/admin\/media-library\/medias\/bulk-delete","metadatas":{"default":{"caption":null,"altText":"Firefly a pair of elderly women walking in the park for fitness 411060","video":null},"custom":{"caption":null,"altText":null,"video":null}},"disabled":false,"crops":{"desktop":{"name":"desktop","x":0,"y":0,"width":2048,"height":2048},"tablet":{"name":"tablet","x":0,"y":320,"width":2048,"height":1536},"mobile":{"name":"mobile","x":0,"y":0,"width":2048,"height":2048}}}]},"browsers":[],"blocks":[]},{"id":1750647636987,"type":"a17-block-common-slider","is_repeater":false,"editor_name":"default","content":[],"medias":[],"browsers":[],"blocks":{"slides":[{"id":1750647638678,"type":"dynamic-repeater-slides","is_repeater":true,"content":{"heading":"Time No Limit"},"medias":{"image":[{"id":6,"name":"Gemini_Generated_Image_ym2rqqym2rqqym2r.png","thumbnail":"http:\/\/nlmaf.dvl.to:8000\/img\/a2d779b2-91dc-4065-8d82-feac5752375a\/gemini-generated-image-ym2rqqym2rqqym2r.png?fm=jpg&q=60&fit=max&dpr=1&h=256","original":"http:\/\/nlmaf.dvl.to:8000\/img\/a2d779b2-91dc-4065-8d82-feac5752375a\/gemini-generated-image-ym2rqqym2rqqym2r.png","medium":"http:\/\/nlmaf.dvl.to:8000\/img\/a2d779b2-91dc-4065-8d82-feac5752375a\/gemini-generated-image-ym2rqqym2rqqym2r.png?fm=jpg&q=80&fit=max&h=430","width":1024,"height":694,"tags":[],"deleteUrl":null,"updateUrl":"http:\/\/nlmaf.dvl.to:8000\/admin\/media-library\/medias\/single-update","updateBulkUrl":"http:\/\/nlmaf.dvl.to:8000\/admin\/media-library\/medias\/bulk-update","deleteBulkUrl":"http:\/\/nlmaf.dvl.to:8000\/admin\/media-library\/medias\/bulk-delete","metadatas":{"default":{"caption":null,"altText":"Gemini Generated Image ym2rqqym2rqqym2r","video":null},"custom":{"caption":null,"altText":null,"video":null}},"disabled":false,"crops":{"desktop":{"name":"desktop","x":0,"y":0,"width":1024,"height":694},"tablet":{"name":"tablet","x":22,"y":0,"width":924,"height":694},"mobile":{"name":"mobile","x":22,"y":0,"width":694,"height":694}}}]},"browsers":[],"blocks":[]},{"id":1750647670819,"type":"dynamic-repeater-slides","is_repeater":true,"content":{"heading":"Location No Limit"},"medias":{"image":[{"id":4,"name":"Z2y0zZbqstJ981IC_DALL\u00b7E2024-12-0219.52.09-Aconceptualimagerepresentinglocationnotbeingalimitingfactor_apersonstandinginthecenterofaglowingworldmap,withvibrantconnections.jpeg","thumbnail":"http:\/\/nlmaf.dvl.to:8000\/img\/e9fb8198-243b-4440-a1b0-f50c5708eb91\/z2y0zzbqstj981ic-dalle2024-12-0219-52-09-aconceptualimagerepresentinglocationnotbeingalimitingfactor-apersonstandinginthecenterofaglowingworldmapwithvibrantconnections.jpeg?fm=jpg&q=60&fit=max&dpr=1&h=256","original":"http:\/\/nlmaf.dvl.to:8000\/img\/e9fb8198-243b-4440-a1b0-f50c5708eb91\/z2y0zzbqstj981ic-dalle2024-12-0219-52-09-aconceptualimagerepresentinglocationnotbeingalimitingfactor-apersonstandinginthecenterofaglowingworldmapwithvibrantconnections.jpeg","medium":"http:\/\/nlmaf.dvl.to:8000\/img\/e9fb8198-243b-4440-a1b0-f50c5708eb91\/z2y0zzbqstj981ic-dalle2024-12-0219-52-09-aconceptualimagerepresentinglocationnotbeingalimitingfactor-apersonstandinginthecenterofaglowingworldmapwithvibrantconnections.jpeg?fm=jpg&q=80&fit=max&h=430","width":659,"height":350,"tags":[],"deleteUrl":"http:\/\/nlmaf.dvl.to:8000\/admin\/media-library\/medias\/4","updateUrl":"http:\/\/nlmaf.dvl.to:8000\/admin\/media-library\/medias\/single-update","updateBulkUrl":"http:\/\/nlmaf.dvl.to:8000\/admin\/media-library\/medias\/bulk-update","deleteBulkUrl":"http:\/\/nlmaf.dvl.to:8000\/admin\/media-library\/medias\/bulk-delete","metadatas":{"default":{"caption":null,"altText":"Z2y0zZbqstJ981IC DALL\u00b7E2024 12 0219.52.09 Aconceptualimagerepresentinglocationnotbeingalimitingfactor apersonstandinginthecenterofaglowingworldmap,withvibrantconnections","video":null},"custom":{"caption":null,"altText":null,"video":null}},"disabled":false,"crops":{"desktop":{"name":"desktop","x":0,"y":0,"width":659,"height":350},"tablet":{"name":"tablet","x":186,"y":0,"width":466,"height":350},"mobile":{"name":"mobile","x":306,"y":0,"width":350,"height":350}}}]},"browsers":[],"blocks":[]},{"id":1750647699767,"type":"dynamic-repeater-slides","is_repeater":true,"content":{"heading":"Experience No Limit"},"medias":{"image":[{"id":8,"name":"Z2y1I5bqstJ981IE_DALL\u00b7E2024-12-1323.39.48-Adynamicandmotivationalillustrationemphasizingtheideaoflimitlessfitnessopportunitiesinvariouslocations.Theimageshowsdiverseindividu.jpeg","thumbnail":"http:\/\/nlmaf.dvl.to:8000\/img\/90727c60-8b9d-4ec7-bc33-4450bb1cfa0b\/z2y1i5bqstj981ie-dalle2024-12-1323-39-48-adynamicandmotivationalillustrationemphasizingtheideaoflimitlessfitnessopportunitiesinvariouslocations-theimageshowsdiverseindividu.jpeg?fm=jpg&q=60&fit=max&dpr=1&h=256","original":"http:\/\/nlmaf.dvl.to:8000\/img\/90727c60-8b9d-4ec7-bc33-4450bb1cfa0b\/z2y1i5bqstj981ie-dalle2024-12-1323-39-48-adynamicandmotivationalillustrationemphasizingtheideaoflimitlessfitnessopportunitiesinvariouslocations-theimageshowsdiverseindividu.jpeg","medium":"http:\/\/nlmaf.dvl.to:8000\/img\/90727c60-8b9d-4ec7-bc33-4450bb1cfa0b\/z2y1i5bqstj981ie-dalle2024-12-1323-39-48-adynamicandmotivationalillustrationemphasizingtheideaoflimitlessfitnessopportunitiesinvariouslocations-theimageshowsdiverseindividu.jpeg?fm=jpg&q=80&fit=max&h=430","width":"650","height":"350","tags":[],"deleteUrl":"http:\/\/nlmaf.dvl.to:8000\/admin\/media-library\/medias\/8","updateUrl":"http:\/\/nlmaf.dvl.to:8000\/admin\/media-library\/medias\/single-update","updateBulkUrl":"http:\/\/nlmaf.dvl.to:8000\/admin\/media-library\/medias\/bulk-update","deleteBulkUrl":"http:\/\/nlmaf.dvl.to:8000\/admin\/media-library\/medias\/bulk-delete","metadatas":{"default":{"caption":null,"altText":"Z2y1I5bqstJ981IE DALL\u00b7E2024 12 1323.39.48 Adynamicandmotivationalillustrationemphasizingtheideaoflimitlessfitnessopportunitiesinvariouslocations.Theimageshowsdiverseindividu","video":null},"custom":{"caption":null,"altText":null,"video":null}},"disabled":false,"crops":{"desktop":{"name":"desktop","x":0,"y":0,"width":650,"height":350},"tablet":{"name":"tablet","x":175,"y":0,"width":467,"height":350},"mobile":{"name":"mobile","x":296,"y":0,"width":350,"height":350}}}]},"browsers":[],"blocks":[]}]}}],"repeaters":[]}');
INSERT INTO home_revisions VALUES(7,1,1,'2025-06-23 17:36:16','2025-06-23 17:36:16','{"title":{"en":"Home"},"meta_title":{"en":"No Limits Martial Arts and Fitness | Home"},"meta_description":{"en":"No Limits Martial Arts and Fitness is dedicated to helping you live a healthier lifestyle."},"cmsSaveType":"update","published":false,"public":false,"publish_start_date":null,"publish_end_date":null,"languages":[{"shortlabel":"EN","label":"English","value":"en","disabled":false,"published":true}],"parent_id":0,"medias":[],"browsers":[],"blocks":[{"id":1,"type":"a17-block-common-hero","is_repeater":false,"editor_name":"default","content":{"variant":"default","heading":"Reach Your Goals With No Limits","button_text":"Join Us!","button_url":"\/register","details":"At No Limits Martial Arts and Fitness we believe everyone can live a healthier lifestyle."},"medias":{"image":[{"id":12,"name":"Firefly_-Dynamic shot of an individual, clearly a parent or professional, performing a powerf 275444.jpg","thumbnail":"http:\/\/nlmaf.dvl.to:8000\/img\/fc8b2d20-88bc-43c5-896e-ebd58ba3ada0\/firefly-dynamic-shot-of-an-individual-clearly-a-parent-or-professional-performing-a-powerf-275444.jpg?fm=jpg&q=60&fit=max&dpr=1&h=256","original":"http:\/\/nlmaf.dvl.to:8000\/img\/fc8b2d20-88bc-43c5-896e-ebd58ba3ada0\/firefly-dynamic-shot-of-an-individual-clearly-a-parent-or-professional-performing-a-powerf-275444.jpg","medium":"http:\/\/nlmaf.dvl.to:8000\/img\/fc8b2d20-88bc-43c5-896e-ebd58ba3ada0\/firefly-dynamic-shot-of-an-individual-clearly-a-parent-or-professional-performing-a-powerf-275444.jpg?fm=jpg&q=80&fit=max&h=430","width":"2688","height":"1536","tags":[],"deleteUrl":"http:\/\/nlmaf.dvl.to:8000\/admin\/media-library\/medias\/12","updateUrl":"http:\/\/nlmaf.dvl.to:8000\/admin\/media-library\/medias\/single-update","updateBulkUrl":"http:\/\/nlmaf.dvl.to:8000\/admin\/media-library\/medias\/bulk-update","deleteBulkUrl":"http:\/\/nlmaf.dvl.to:8000\/admin\/media-library\/medias\/bulk-delete","metadatas":{"default":{"caption":null,"altText":"Firefly  Dynamic shot of an individual, clearly a parent or professional, performing a powerf 275444","video":null},"custom":{"caption":null,"altText":null,"video":null}},"disabled":false,"crops":{"desktop":{"name":"desktop","x":0,"y":0,"width":2688,"height":1400},"tablet":{"name":"tablet","x":576,"y":0,"width":2046,"height":1536},"mobile":{"name":"mobile","x":672,"y":0,"width":1536,"height":1536}}}]},"browsers":[],"blocks":[]},{"id":2,"type":"a17-block-common-slider","is_repeater":false,"editor_name":"default","content":[],"medias":[],"browsers":[],"blocks":{"slides":[{"id":3,"type":"dynamic-repeater-slides","is_repeater":true,"editor_name":"default","content":{"heading":"Time No Limit"},"medias":{"image":[{"id":6,"name":"Gemini_Generated_Image_ym2rqqym2rqqym2r.png","thumbnail":"http:\/\/nlmaf.dvl.to:8000\/img\/a2d779b2-91dc-4065-8d82-feac5752375a\/gemini-generated-image-ym2rqqym2rqqym2r.png?fm=jpg&q=60&fit=max&dpr=1&h=256","original":"http:\/\/nlmaf.dvl.to:8000\/img\/a2d779b2-91dc-4065-8d82-feac5752375a\/gemini-generated-image-ym2rqqym2rqqym2r.png","medium":"http:\/\/nlmaf.dvl.to:8000\/img\/a2d779b2-91dc-4065-8d82-feac5752375a\/gemini-generated-image-ym2rqqym2rqqym2r.png?fm=jpg&q=80&fit=max&h=430","width":1024,"height":694,"tags":[],"deleteUrl":null,"updateUrl":"http:\/\/nlmaf.dvl.to:8000\/admin\/media-library\/medias\/single-update","updateBulkUrl":"http:\/\/nlmaf.dvl.to:8000\/admin\/media-library\/medias\/bulk-update","deleteBulkUrl":"http:\/\/nlmaf.dvl.to:8000\/admin\/media-library\/medias\/bulk-delete","metadatas":{"default":{"caption":null,"altText":"Gemini Generated Image ym2rqqym2rqqym2r","video":null},"custom":{"caption":null,"altText":null,"video":null}},"pivot_id":10,"crops":{"desktop":{"pivot_id":10,"name":"desktop","width":1024,"height":694,"x":0,"y":0},"tablet":{"pivot_id":11,"name":"tablet","width":924,"height":694,"x":22,"y":0},"mobile":{"pivot_id":12,"name":"mobile","width":694,"height":694,"x":22,"y":0}}}]},"browsers":[],"blocks":[]},{"id":4,"type":"dynamic-repeater-slides","is_repeater":true,"editor_name":"default","content":{"heading":"Location No Limit"},"medias":{"image":[{"id":4,"name":"Z2y0zZbqstJ981IC_DALL\u00b7E2024-12-0219.52.09-Aconceptualimagerepresentinglocationnotbeingalimitingfactor_apersonstandinginthecenterofaglowingworldmap,withvibrantconnections.jpeg","thumbnail":"http:\/\/nlmaf.dvl.to:8000\/img\/e9fb8198-243b-4440-a1b0-f50c5708eb91\/z2y0zzbqstj981ic-dalle2024-12-0219-52-09-aconceptualimagerepresentinglocationnotbeingalimitingfactor-apersonstandinginthecenterofaglowingworldmapwithvibrantconnections.jpeg?fm=jpg&q=60&fit=max&dpr=1&h=256","original":"http:\/\/nlmaf.dvl.to:8000\/img\/e9fb8198-243b-4440-a1b0-f50c5708eb91\/z2y0zzbqstj981ic-dalle2024-12-0219-52-09-aconceptualimagerepresentinglocationnotbeingalimitingfactor-apersonstandinginthecenterofaglowingworldmapwithvibrantconnections.jpeg","medium":"http:\/\/nlmaf.dvl.to:8000\/img\/e9fb8198-243b-4440-a1b0-f50c5708eb91\/z2y0zzbqstj981ic-dalle2024-12-0219-52-09-aconceptualimagerepresentinglocationnotbeingalimitingfactor-apersonstandinginthecenterofaglowingworldmapwithvibrantconnections.jpeg?fm=jpg&q=80&fit=max&h=430","width":659,"height":350,"tags":[],"deleteUrl":null,"updateUrl":"http:\/\/nlmaf.dvl.to:8000\/admin\/media-library\/medias\/single-update","updateBulkUrl":"http:\/\/nlmaf.dvl.to:8000\/admin\/media-library\/medias\/bulk-update","deleteBulkUrl":"http:\/\/nlmaf.dvl.to:8000\/admin\/media-library\/medias\/bulk-delete","metadatas":{"default":{"caption":null,"altText":"Z2y0zZbqstJ981IC DALL\u00b7E2024 12 0219.52.09 Aconceptualimagerepresentinglocationnotbeingalimitingfactor apersonstandinginthecenterofaglowingworldmap,withvibrantconnections","video":null},"custom":{"caption":null,"altText":null,"video":null}},"pivot_id":13,"crops":{"desktop":{"pivot_id":13,"name":"desktop","width":659,"height":350,"x":0,"y":0},"tablet":{"pivot_id":14,"name":"tablet","width":466,"height":350,"x":186,"y":0},"mobile":{"pivot_id":15,"name":"mobile","width":350,"height":350,"x":306,"y":0}}}]},"browsers":[],"blocks":[]},{"id":5,"type":"dynamic-repeater-slides","is_repeater":true,"editor_name":"default","content":{"heading":"Experience No Limit"},"medias":{"image":[{"id":8,"name":"Z2y1I5bqstJ981IE_DALL\u00b7E2024-12-1323.39.48-Adynamicandmotivationalillustrationemphasizingtheideaoflimitlessfitnessopportunitiesinvariouslocations.Theimageshowsdiverseindividu.jpeg","thumbnail":"http:\/\/nlmaf.dvl.to:8000\/img\/90727c60-8b9d-4ec7-bc33-4450bb1cfa0b\/z2y1i5bqstj981ie-dalle2024-12-1323-39-48-adynamicandmotivationalillustrationemphasizingtheideaoflimitlessfitnessopportunitiesinvariouslocations-theimageshowsdiverseindividu.jpeg?fm=jpg&q=60&fit=max&dpr=1&h=256","original":"http:\/\/nlmaf.dvl.to:8000\/img\/90727c60-8b9d-4ec7-bc33-4450bb1cfa0b\/z2y1i5bqstj981ie-dalle2024-12-1323-39-48-adynamicandmotivationalillustrationemphasizingtheideaoflimitlessfitnessopportunitiesinvariouslocations-theimageshowsdiverseindividu.jpeg","medium":"http:\/\/nlmaf.dvl.to:8000\/img\/90727c60-8b9d-4ec7-bc33-4450bb1cfa0b\/z2y1i5bqstj981ie-dalle2024-12-1323-39-48-adynamicandmotivationalillustrationemphasizingtheideaoflimitlessfitnessopportunitiesinvariouslocations-theimageshowsdiverseindividu.jpeg?fm=jpg&q=80&fit=max&h=430","width":650,"height":350,"tags":[],"deleteUrl":null,"updateUrl":"http:\/\/nlmaf.dvl.to:8000\/admin\/media-library\/medias\/single-update","updateBulkUrl":"http:\/\/nlmaf.dvl.to:8000\/admin\/media-library\/medias\/bulk-update","deleteBulkUrl":"http:\/\/nlmaf.dvl.to:8000\/admin\/media-library\/medias\/bulk-delete","metadatas":{"default":{"caption":null,"altText":"Z2y1I5bqstJ981IE DALL\u00b7E2024 12 1323.39.48 Adynamicandmotivationalillustrationemphasizingtheideaoflimitlessfitnessopportunitiesinvariouslocations.Theimageshowsdiverseindividu","video":null},"custom":{"caption":null,"altText":null,"video":null}},"pivot_id":16,"crops":{"desktop":{"pivot_id":16,"name":"desktop","width":650,"height":350,"x":0,"y":0},"tablet":{"pivot_id":17,"name":"tablet","width":467,"height":350,"x":175,"y":0},"mobile":{"pivot_id":18,"name":"mobile","width":350,"height":350,"x":296,"y":0}}}]},"browsers":[],"blocks":[]}]}}],"repeaters":[]}');
CREATE TABLE IF NOT EXISTS "navigations" ("id" integer primary key autoincrement not null, "deleted_at" datetime, "created_at" datetime, "updated_at" datetime, "published" tinyint(1) not null default '0', "_lft" integer not null default '0', "_rgt" integer not null default '0', "parent_id" integer, "position" integer, "url" varchar, "has_submenu" tinyint(1) not null default '0', "submenu" text);
INSERT INTO navigations VALUES(1,NULL,'2025-06-22 23:20:03','2025-06-22 23:20:09',1,1,2,NULL,1,'/',0,NULL);
INSERT INTO navigations VALUES(2,NULL,'2025-06-22 23:20:47','2025-06-22 23:20:55',0,3,4,NULL,2,'/about',0,NULL);
INSERT INTO navigations VALUES(3,NULL,'2025-06-23 15:14:02','2025-06-23 15:14:32',0,5,6,NULL,3,'/programs',1,'[{"id":1750706057754,"is_repeater":false,"medias":[],"browsers":[],"blocks":[],"title":"Taekwondo","url":"\/programs\/taekwondo","repeater_target_id":null}]');
CREATE TABLE IF NOT EXISTS "navigation_translations" ("id" integer primary key autoincrement not null, "navigation_id" integer not null, "deleted_at" datetime, "created_at" datetime, "updated_at" datetime, "locale" varchar not null, "active" tinyint(1) not null default '0', "title" varchar, "description" text, foreign key("navigation_id") references "navigations"("id") on delete CASCADE);
INSERT INTO navigation_translations VALUES(1,1,NULL,'2025-06-22 23:20:03','2025-06-22 23:20:09','en',1,'Home',NULL);
INSERT INTO navigation_translations VALUES(2,2,NULL,'2025-06-22 23:20:47','2025-06-22 23:20:55','en',1,'About',NULL);
INSERT INTO navigation_translations VALUES(3,3,NULL,'2025-06-23 15:14:02','2025-06-23 15:14:32','en',1,'Programs',NULL);
CREATE TABLE IF NOT EXISTS "pages" ("id" integer primary key autoincrement not null, "deleted_at" datetime, "created_at" datetime, "updated_at" datetime, "published" tinyint(1) not null default '0', "_lft" integer not null default '0', "_rgt" integer not null default '0', "parent_id" integer, "position" integer);
INSERT INTO pages VALUES(1,NULL,'2025-06-22 22:42:54','2025-06-29 22:10:44',1,1,2,NULL,1);
CREATE TABLE IF NOT EXISTS "page_translations" ("id" integer primary key autoincrement not null, "page_id" integer not null, "deleted_at" datetime, "created_at" datetime, "updated_at" datetime, "locale" varchar not null, "active" tinyint(1) not null default '0', "title" varchar, "meta_title" varchar, "meta_description" varchar, foreign key("page_id") references "pages"("id") on delete CASCADE);
INSERT INTO page_translations VALUES(1,1,NULL,'2025-06-22 22:42:54','2025-06-29 22:10:44','en',1,'About','No Limits Martial Arts and Fitness | About',NULL);
CREATE TABLE IF NOT EXISTS "page_slugs" ("id" integer primary key autoincrement not null, "page_id" integer not null, "deleted_at" datetime, "created_at" datetime, "updated_at" datetime, "slug" varchar not null, "locale" varchar not null, "active" tinyint(1) not null, foreign key("page_id") references "pages"("id") on delete CASCADE on update NO ACTION);
INSERT INTO page_slugs VALUES(1,1,NULL,'2025-06-22 22:42:54','2025-06-29 22:10:44','about','en',1);
CREATE TABLE IF NOT EXISTS "page_revisions" ("id" integer primary key autoincrement not null, "page_id" integer not null, "user_id" integer, "created_at" datetime, "updated_at" datetime, "payload" text not null, foreign key("page_id") references "pages"("id") on delete cascade, foreign key("user_id") references "twill_users"("id") on delete set null);
INSERT INTO page_revisions VALUES(1,1,1,'2025-06-22 22:42:54','2025-06-22 22:42:54','{"slug":{"en":"about"},"title":{"en":"About"},"languages":[{"shortlabel":"EN","label":"English","value":"en","disabled":false,"published":true}]}');
INSERT INTO page_revisions VALUES(2,1,1,'2025-06-22 22:42:59','2025-06-22 22:42:59','{"title":{"en":"About"},"slug":{"en":"about"},"meta_title":{"en":null},"meta_description":{"en":null},"cmsSaveType":"publish","published":true,"public":false,"publish_start_date":null,"publish_end_date":null,"languages":[{"shortlabel":"EN","label":"English","value":"en","disabled":false,"published":true}],"parent_id":0,"medias":[],"browsers":[],"blocks":[],"repeaters":[]}');
INSERT INTO page_revisions VALUES(3,1,1,'2025-06-22 23:22:50','2025-06-22 23:22:50','{"title":{"en":"About"},"slug":{"en":"about"},"meta_title":{"en":null},"meta_description":{"en":null},"cmsSaveType":"update","published":true,"public":false,"publish_start_date":null,"publish_end_date":null,"languages":[{"shortlabel":"EN","label":"English","value":"en","disabled":false,"published":true}],"parent_id":0,"medias":[],"browsers":[],"blocks":[{"id":1750648885847,"type":"a17-block-common-cards","is_repeater":false,"editor_name":"default","content":{"heading":"Meet Our Team"},"medias":[],"browsers":[],"blocks":{"cards":[{"id":1750648896255,"type":"dynamic-repeater-cards","is_repeater":true,"content":{"title":"Brianne Jackson","details":"Master"},"medias":{"image":[{"id":1,"name":"brianne .jpeg","thumbnail":"http:\/\/nlmaf.dvl.to:8000\/img\/94a0607a-5def-4c84-bb83-365571f3ab32\/brianne.jpeg?fm=jpg&q=60&fit=max&dpr=1&h=256","original":"http:\/\/nlmaf.dvl.to:8000\/img\/94a0607a-5def-4c84-bb83-365571f3ab32\/brianne.jpeg","medium":"http:\/\/nlmaf.dvl.to:8000\/img\/94a0607a-5def-4c84-bb83-365571f3ab32\/brianne.jpeg?fm=jpg&q=80&fit=max&h=430","width":400,"height":300,"tags":[],"deleteUrl":"http:\/\/nlmaf.dvl.to:8000\/admin\/media-library\/medias\/1","updateUrl":"http:\/\/nlmaf.dvl.to:8000\/admin\/media-library\/medias\/single-update","updateBulkUrl":"http:\/\/nlmaf.dvl.to:8000\/admin\/media-library\/medias\/bulk-update","deleteBulkUrl":"http:\/\/nlmaf.dvl.to:8000\/admin\/media-library\/medias\/bulk-delete","metadatas":{"default":{"caption":null,"altText":"Brianne","video":null},"custom":{"caption":null,"altText":null,"video":null}},"disabled":false,"crops":{"desktop":{"name":"desktop","x":0,"y":0,"width":400,"height":300},"tablet":{"name":"tablet","x":0,"y":0,"width":400,"height":300},"mobile":{"name":"mobile","x":9,"y":0,"width":300,"height":300}}}]},"browsers":[],"blocks":[]},{"id":1750648915563,"type":"dynamic-repeater-cards","is_repeater":true,"content":{"title":"Juliet Ruiz","details":"Instructor"},"medias":{"image":[{"id":9,"name":"Juliet.jpeg","thumbnail":"http:\/\/nlmaf.dvl.to:8000\/img\/1a9c37ce-ac27-418d-9c1a-e2ef948867b7\/juliet.jpeg?fm=jpg&q=60&fit=max&dpr=1&h=256","original":"http:\/\/nlmaf.dvl.to:8000\/img\/1a9c37ce-ac27-418d-9c1a-e2ef948867b7\/juliet.jpeg","medium":"http:\/\/nlmaf.dvl.to:8000\/img\/1a9c37ce-ac27-418d-9c1a-e2ef948867b7\/juliet.jpeg?fm=jpg&q=80&fit=max&h=430","width":"400","height":"300","tags":[],"deleteUrl":"http:\/\/nlmaf.dvl.to:8000\/admin\/media-library\/medias\/9","updateUrl":"http:\/\/nlmaf.dvl.to:8000\/admin\/media-library\/medias\/single-update","updateBulkUrl":"http:\/\/nlmaf.dvl.to:8000\/admin\/media-library\/medias\/bulk-update","deleteBulkUrl":"http:\/\/nlmaf.dvl.to:8000\/admin\/media-library\/medias\/bulk-delete","metadatas":{"default":{"caption":null,"altText":"Juliet","video":null},"custom":{"caption":null,"altText":null,"video":null}},"disabled":false,"crops":{"desktop":{"name":"desktop","x":0,"y":0,"width":400,"height":300},"tablet":{"name":"tablet","x":0,"y":0,"width":400,"height":300},"mobile":{"name":"mobile","x":9,"y":0,"width":300,"height":300}}}]},"browsers":[],"blocks":[]},{"id":1750648940860,"type":"dynamic-repeater-cards","is_repeater":true,"content":{"title":"Kelly Tyger","details":"Instructor"},"medias":{"image":[{"id":10,"name":"Kelly.jpeg","thumbnail":"http:\/\/nlmaf.dvl.to:8000\/img\/522b9fa4-9a88-4f2e-83bb-d933427bbca4\/kelly.jpeg?fm=jpg&q=60&fit=max&dpr=1&h=256","original":"http:\/\/nlmaf.dvl.to:8000\/img\/522b9fa4-9a88-4f2e-83bb-d933427bbca4\/kelly.jpeg","medium":"http:\/\/nlmaf.dvl.to:8000\/img\/522b9fa4-9a88-4f2e-83bb-d933427bbca4\/kelly.jpeg?fm=jpg&q=80&fit=max&h=430","width":"400","height":"300","tags":[],"deleteUrl":"http:\/\/nlmaf.dvl.to:8000\/admin\/media-library\/medias\/10","updateUrl":"http:\/\/nlmaf.dvl.to:8000\/admin\/media-library\/medias\/single-update","updateBulkUrl":"http:\/\/nlmaf.dvl.to:8000\/admin\/media-library\/medias\/bulk-update","deleteBulkUrl":"http:\/\/nlmaf.dvl.to:8000\/admin\/media-library\/medias\/bulk-delete","metadatas":{"default":{"caption":null,"altText":"Kelly","video":null},"custom":{"caption":null,"altText":null,"video":null}},"disabled":false,"crops":{"desktop":{"name":"desktop","x":0,"y":0,"width":400,"height":300},"tablet":{"name":"tablet","x":0,"y":0,"width":400,"height":300},"mobile":{"name":"mobile","x":9,"y":0,"width":300,"height":300}}}]},"browsers":[],"blocks":[]}]}}],"repeaters":[]}');
INSERT INTO page_revisions VALUES(4,1,1,'2025-06-22 23:23:11','2025-06-22 23:23:11','{"title":{"en":"About"},"slug":{"en":"about"},"meta_description":{"en":null},"meta_title":{"en":"No Limits Martial Arts and Fitness | About"},"cmsSaveType":"update","published":true,"public":false,"publish_start_date":null,"publish_end_date":null,"languages":[{"shortlabel":"EN","label":"English","value":"en","disabled":false,"published":true}],"parent_id":0,"medias":[],"browsers":[],"blocks":[{"id":1750648885847,"type":"a17-block-common-cards","is_repeater":false,"editor_name":"default","content":{"heading":"Meet Our Team"},"medias":[],"browsers":[],"blocks":{"cards":[{"id":1750648896255,"type":"dynamic-repeater-cards","is_repeater":true,"content":{"title":"Brianne Jackson","details":"Master"},"medias":{"image":[{"id":1,"name":"brianne .jpeg","thumbnail":"http:\/\/nlmaf.dvl.to:8000\/img\/94a0607a-5def-4c84-bb83-365571f3ab32\/brianne.jpeg?fm=jpg&q=60&fit=max&dpr=1&h=256","original":"http:\/\/nlmaf.dvl.to:8000\/img\/94a0607a-5def-4c84-bb83-365571f3ab32\/brianne.jpeg","medium":"http:\/\/nlmaf.dvl.to:8000\/img\/94a0607a-5def-4c84-bb83-365571f3ab32\/brianne.jpeg?fm=jpg&q=80&fit=max&h=430","width":400,"height":300,"tags":[],"deleteUrl":"http:\/\/nlmaf.dvl.to:8000\/admin\/media-library\/medias\/1","updateUrl":"http:\/\/nlmaf.dvl.to:8000\/admin\/media-library\/medias\/single-update","updateBulkUrl":"http:\/\/nlmaf.dvl.to:8000\/admin\/media-library\/medias\/bulk-update","deleteBulkUrl":"http:\/\/nlmaf.dvl.to:8000\/admin\/media-library\/medias\/bulk-delete","metadatas":{"default":{"caption":null,"altText":"Brianne","video":null},"custom":{"caption":null,"altText":null,"video":null}},"disabled":false,"crops":{"desktop":{"name":"desktop","x":0,"y":0,"width":400,"height":300},"tablet":{"name":"tablet","x":0,"y":0,"width":400,"height":300},"mobile":{"name":"mobile","x":9,"y":0,"width":300,"height":300}}}]},"browsers":[],"blocks":[]},{"id":1750648915563,"type":"dynamic-repeater-cards","is_repeater":true,"content":{"title":"Juliet Ruiz","details":"Instructor"},"medias":{"image":[{"id":9,"name":"Juliet.jpeg","thumbnail":"http:\/\/nlmaf.dvl.to:8000\/img\/1a9c37ce-ac27-418d-9c1a-e2ef948867b7\/juliet.jpeg?fm=jpg&q=60&fit=max&dpr=1&h=256","original":"http:\/\/nlmaf.dvl.to:8000\/img\/1a9c37ce-ac27-418d-9c1a-e2ef948867b7\/juliet.jpeg","medium":"http:\/\/nlmaf.dvl.to:8000\/img\/1a9c37ce-ac27-418d-9c1a-e2ef948867b7\/juliet.jpeg?fm=jpg&q=80&fit=max&h=430","width":"400","height":"300","tags":[],"deleteUrl":"http:\/\/nlmaf.dvl.to:8000\/admin\/media-library\/medias\/9","updateUrl":"http:\/\/nlmaf.dvl.to:8000\/admin\/media-library\/medias\/single-update","updateBulkUrl":"http:\/\/nlmaf.dvl.to:8000\/admin\/media-library\/medias\/bulk-update","deleteBulkUrl":"http:\/\/nlmaf.dvl.to:8000\/admin\/media-library\/medias\/bulk-delete","metadatas":{"default":{"caption":null,"altText":"Juliet","video":null},"custom":{"caption":null,"altText":null,"video":null}},"disabled":false,"crops":{"desktop":{"name":"desktop","x":0,"y":0,"width":400,"height":300},"tablet":{"name":"tablet","x":0,"y":0,"width":400,"height":300},"mobile":{"name":"mobile","x":9,"y":0,"width":300,"height":300}}}]},"browsers":[],"blocks":[]},{"id":1750648940860,"type":"dynamic-repeater-cards","is_repeater":true,"content":{"title":"Kelly Tyger","details":"Instructor"},"medias":{"image":[{"id":10,"name":"Kelly.jpeg","thumbnail":"http:\/\/nlmaf.dvl.to:8000\/img\/522b9fa4-9a88-4f2e-83bb-d933427bbca4\/kelly.jpeg?fm=jpg&q=60&fit=max&dpr=1&h=256","original":"http:\/\/nlmaf.dvl.to:8000\/img\/522b9fa4-9a88-4f2e-83bb-d933427bbca4\/kelly.jpeg","medium":"http:\/\/nlmaf.dvl.to:8000\/img\/522b9fa4-9a88-4f2e-83bb-d933427bbca4\/kelly.jpeg?fm=jpg&q=80&fit=max&h=430","width":"400","height":"300","tags":[],"deleteUrl":"http:\/\/nlmaf.dvl.to:8000\/admin\/media-library\/medias\/10","updateUrl":"http:\/\/nlmaf.dvl.to:8000\/admin\/media-library\/medias\/single-update","updateBulkUrl":"http:\/\/nlmaf.dvl.to:8000\/admin\/media-library\/medias\/bulk-update","deleteBulkUrl":"http:\/\/nlmaf.dvl.to:8000\/admin\/media-library\/medias\/bulk-delete","metadatas":{"default":{"caption":null,"altText":"Kelly","video":null},"custom":{"caption":null,"altText":null,"video":null}},"disabled":false,"crops":{"desktop":{"name":"desktop","x":0,"y":0,"width":400,"height":300},"tablet":{"name":"tablet","x":0,"y":0,"width":400,"height":300},"mobile":{"name":"mobile","x":9,"y":0,"width":300,"height":300}}}]},"browsers":[],"blocks":[]}]}}],"repeaters":[]}');
INSERT INTO page_revisions VALUES(5,1,1,'2025-06-22 23:24:30','2025-06-22 23:24:30','{"title":{"en":"About"},"slug":{"en":"about"},"meta_description":{"en":null},"meta_title":{"en":"No Limits Martial Arts and Fitness | About"},"cmsSaveType":"update","published":true,"public":false,"publish_start_date":null,"publish_end_date":null,"languages":[{"shortlabel":"EN","label":"English","value":"en","disabled":false,"published":true}],"parent_id":0,"medias":[],"browsers":[],"blocks":[{"id":1750649026661,"type":"a17-block-common-hero","is_repeater":false,"editor_name":"default","content":{"variant":"banner","heading":"Made for the Way You Move"},"medias":{"image":[{"id":2,"name":"Firefly_a group of 3 to 5 experienced runners running on a trail 707877.jpg","thumbnail":"http:\/\/nlmaf.dvl.to:8000\/img\/3be3e14f-2032-4a2f-9b30-a03e32502d65\/firefly-a-group-of-3-to-5-experienced-runners-running-on-a-trail-707877.jpg?fm=jpg&q=60&fit=max&dpr=1&h=256","original":"http:\/\/nlmaf.dvl.to:8000\/img\/3be3e14f-2032-4a2f-9b30-a03e32502d65\/firefly-a-group-of-3-to-5-experienced-runners-running-on-a-trail-707877.jpg","medium":"http:\/\/nlmaf.dvl.to:8000\/img\/3be3e14f-2032-4a2f-9b30-a03e32502d65\/firefly-a-group-of-3-to-5-experienced-runners-running-on-a-trail-707877.jpg?fm=jpg&q=80&fit=max&h=430","width":2048,"height":2048,"tags":[],"deleteUrl":"http:\/\/nlmaf.dvl.to:8000\/admin\/media-library\/medias\/2","updateUrl":"http:\/\/nlmaf.dvl.to:8000\/admin\/media-library\/medias\/single-update","updateBulkUrl":"http:\/\/nlmaf.dvl.to:8000\/admin\/media-library\/medias\/bulk-update","deleteBulkUrl":"http:\/\/nlmaf.dvl.to:8000\/admin\/media-library\/medias\/bulk-delete","metadatas":{"default":{"caption":null,"altText":"Firefly a group of 3 to 5 experienced runners running on a trail 707877","video":null},"custom":{"caption":null,"altText":null,"video":null}},"disabled":false,"crops":{"desktop":{"name":"desktop","x":0,"y":0,"width":2048,"height":2048},"tablet":{"name":"tablet","x":0,"y":448,"width":2048,"height":1536},"mobile":{"name":"mobile","x":0,"y":0,"width":2048,"height":2048}}}]},"browsers":[],"blocks":[]},{"id":1750648885847,"type":"a17-block-common-cards","is_repeater":false,"editor_name":"default","content":{"heading":"Meet Our Team"},"medias":[],"browsers":[],"blocks":{"cards":[{"id":1750648896255,"type":"dynamic-repeater-cards","is_repeater":true,"content":{"title":"Brianne Jackson","details":"Master"},"medias":{"image":[{"id":1,"name":"brianne .jpeg","thumbnail":"http:\/\/nlmaf.dvl.to:8000\/img\/94a0607a-5def-4c84-bb83-365571f3ab32\/brianne.jpeg?fm=jpg&q=60&fit=max&dpr=1&h=256","original":"http:\/\/nlmaf.dvl.to:8000\/img\/94a0607a-5def-4c84-bb83-365571f3ab32\/brianne.jpeg","medium":"http:\/\/nlmaf.dvl.to:8000\/img\/94a0607a-5def-4c84-bb83-365571f3ab32\/brianne.jpeg?fm=jpg&q=80&fit=max&h=430","width":400,"height":300,"tags":[],"deleteUrl":"http:\/\/nlmaf.dvl.to:8000\/admin\/media-library\/medias\/1","updateUrl":"http:\/\/nlmaf.dvl.to:8000\/admin\/media-library\/medias\/single-update","updateBulkUrl":"http:\/\/nlmaf.dvl.to:8000\/admin\/media-library\/medias\/bulk-update","deleteBulkUrl":"http:\/\/nlmaf.dvl.to:8000\/admin\/media-library\/medias\/bulk-delete","metadatas":{"default":{"caption":null,"altText":"Brianne","video":null},"custom":{"caption":null,"altText":null,"video":null}},"disabled":false,"crops":{"desktop":{"name":"desktop","x":0,"y":0,"width":400,"height":300},"tablet":{"name":"tablet","x":0,"y":0,"width":400,"height":300},"mobile":{"name":"mobile","x":9,"y":0,"width":300,"height":300}}}]},"browsers":[],"blocks":[]},{"id":1750648915563,"type":"dynamic-repeater-cards","is_repeater":true,"content":{"title":"Juliet Ruiz","details":"Instructor"},"medias":{"image":[{"id":9,"name":"Juliet.jpeg","thumbnail":"http:\/\/nlmaf.dvl.to:8000\/img\/1a9c37ce-ac27-418d-9c1a-e2ef948867b7\/juliet.jpeg?fm=jpg&q=60&fit=max&dpr=1&h=256","original":"http:\/\/nlmaf.dvl.to:8000\/img\/1a9c37ce-ac27-418d-9c1a-e2ef948867b7\/juliet.jpeg","medium":"http:\/\/nlmaf.dvl.to:8000\/img\/1a9c37ce-ac27-418d-9c1a-e2ef948867b7\/juliet.jpeg?fm=jpg&q=80&fit=max&h=430","width":"400","height":"300","tags":[],"deleteUrl":"http:\/\/nlmaf.dvl.to:8000\/admin\/media-library\/medias\/9","updateUrl":"http:\/\/nlmaf.dvl.to:8000\/admin\/media-library\/medias\/single-update","updateBulkUrl":"http:\/\/nlmaf.dvl.to:8000\/admin\/media-library\/medias\/bulk-update","deleteBulkUrl":"http:\/\/nlmaf.dvl.to:8000\/admin\/media-library\/medias\/bulk-delete","metadatas":{"default":{"caption":null,"altText":"Juliet","video":null},"custom":{"caption":null,"altText":null,"video":null}},"disabled":false,"crops":{"desktop":{"name":"desktop","x":0,"y":0,"width":400,"height":300},"tablet":{"name":"tablet","x":0,"y":0,"width":400,"height":300},"mobile":{"name":"mobile","x":9,"y":0,"width":300,"height":300}}}]},"browsers":[],"blocks":[]},{"id":1750648940860,"type":"dynamic-repeater-cards","is_repeater":true,"content":{"title":"Kelly Tyger","details":"Instructor"},"medias":{"image":[{"id":10,"name":"Kelly.jpeg","thumbnail":"http:\/\/nlmaf.dvl.to:8000\/img\/522b9fa4-9a88-4f2e-83bb-d933427bbca4\/kelly.jpeg?fm=jpg&q=60&fit=max&dpr=1&h=256","original":"http:\/\/nlmaf.dvl.to:8000\/img\/522b9fa4-9a88-4f2e-83bb-d933427bbca4\/kelly.jpeg","medium":"http:\/\/nlmaf.dvl.to:8000\/img\/522b9fa4-9a88-4f2e-83bb-d933427bbca4\/kelly.jpeg?fm=jpg&q=80&fit=max&h=430","width":"400","height":"300","tags":[],"deleteUrl":"http:\/\/nlmaf.dvl.to:8000\/admin\/media-library\/medias\/10","updateUrl":"http:\/\/nlmaf.dvl.to:8000\/admin\/media-library\/medias\/single-update","updateBulkUrl":"http:\/\/nlmaf.dvl.to:8000\/admin\/media-library\/medias\/bulk-update","deleteBulkUrl":"http:\/\/nlmaf.dvl.to:8000\/admin\/media-library\/medias\/bulk-delete","metadatas":{"default":{"caption":null,"altText":"Kelly","video":null},"custom":{"caption":null,"altText":null,"video":null}},"disabled":false,"crops":{"desktop":{"name":"desktop","x":0,"y":0,"width":400,"height":300},"tablet":{"name":"tablet","x":0,"y":0,"width":400,"height":300},"mobile":{"name":"mobile","x":9,"y":0,"width":300,"height":300}}}]},"browsers":[],"blocks":[]}]}}],"repeaters":[]}');
INSERT INTO page_revisions VALUES(6,1,1,'2025-06-29 20:44:05','2025-06-29 20:44:05','{"title":{"en":"About"},"slug":{"en":"about"},"meta_title":{"en":"No Limits Martial Arts and Fitness | About"},"meta_description":{"en":null},"cmsSaveType":"update","published":true,"public":false,"publish_start_date":null,"publish_end_date":null,"languages":[{"shortlabel":"EN","label":"English","value":"en","disabled":false,"published":true}],"parent_id":0,"medias":[],"browsers":[],"blocks":[{"id":10,"type":"a17-block-common-hero","is_repeater":false,"editor_name":"default","content":{"variant":"banner","heading":"Made for the Way You Move"},"medias":{"image":[{"id":2,"name":"Firefly_a group of 3 to 5 experienced runners running on a trail 707877.jpg","thumbnail":"http:\/\/nlmaf.dvl.to:8000\/img\/3be3e14f-2032-4a2f-9b30-a03e32502d65\/firefly-a-group-of-3-to-5-experienced-runners-running-on-a-trail-707877.jpg?fm=jpg&q=60&fit=max&dpr=1&h=256","original":"http:\/\/nlmaf.dvl.to:8000\/img\/3be3e14f-2032-4a2f-9b30-a03e32502d65\/firefly-a-group-of-3-to-5-experienced-runners-running-on-a-trail-707877.jpg","medium":"http:\/\/nlmaf.dvl.to:8000\/img\/3be3e14f-2032-4a2f-9b30-a03e32502d65\/firefly-a-group-of-3-to-5-experienced-runners-running-on-a-trail-707877.jpg?fm=jpg&q=80&fit=max&h=430","width":2048,"height":2048,"tags":[],"deleteUrl":null,"updateUrl":"http:\/\/nlmaf.dvl.to:8000\/admin\/media-library\/medias\/single-update","updateBulkUrl":"http:\/\/nlmaf.dvl.to:8000\/admin\/media-library\/medias\/bulk-update","deleteBulkUrl":"http:\/\/nlmaf.dvl.to:8000\/admin\/media-library\/medias\/bulk-delete","metadatas":{"default":{"caption":null,"altText":"Firefly a group of 3 to 5 experienced runners running on a trail 707877","video":null},"custom":{"caption":null,"altText":null,"video":null}},"pivot_id":49,"crops":{"desktop":{"pivot_id":49,"name":"desktop","width":2048,"height":2048,"x":0,"y":0},"tablet":{"pivot_id":50,"name":"tablet","width":2048,"height":1536,"x":0,"y":448},"mobile":{"pivot_id":51,"name":"mobile","width":2048,"height":2048,"x":0,"y":0}}}]},"browsers":[],"blocks":[]},{"id":6,"type":"a17-block-common-cards","is_repeater":false,"editor_name":"default","content":{"heading":"Meet Our Team","type":"profile"},"medias":[],"browsers":[],"blocks":{"cards":[{"id":7,"type":"dynamic-repeater-cards","is_repeater":true,"editor_name":"default","content":{"title":"Brianne Jackson","details":"Master"},"medias":{"image":[{"id":1,"name":"brianne .jpeg","thumbnail":"http:\/\/nlmaf.dvl.to:8000\/img\/94a0607a-5def-4c84-bb83-365571f3ab32\/brianne.jpeg?fm=jpg&q=60&fit=max&dpr=1&h=256","original":"http:\/\/nlmaf.dvl.to:8000\/img\/94a0607a-5def-4c84-bb83-365571f3ab32\/brianne.jpeg","medium":"http:\/\/nlmaf.dvl.to:8000\/img\/94a0607a-5def-4c84-bb83-365571f3ab32\/brianne.jpeg?fm=jpg&q=80&fit=max&h=430","width":400,"height":300,"tags":[],"deleteUrl":null,"updateUrl":"http:\/\/nlmaf.dvl.to:8000\/admin\/media-library\/medias\/single-update","updateBulkUrl":"http:\/\/nlmaf.dvl.to:8000\/admin\/media-library\/medias\/bulk-update","deleteBulkUrl":"http:\/\/nlmaf.dvl.to:8000\/admin\/media-library\/medias\/bulk-delete","metadatas":{"default":{"caption":null,"altText":"Brianne","video":null},"custom":{"caption":null,"altText":null,"video":null}},"pivot_id":52,"crops":{"desktop":{"pivot_id":52,"name":"desktop","width":400,"height":300,"x":0,"y":0},"tablet":{"pivot_id":53,"name":"tablet","width":400,"height":300,"x":0,"y":0},"mobile":{"pivot_id":54,"name":"mobile","width":300,"height":300,"x":9,"y":0}}}]},"browsers":[],"blocks":[]},{"id":8,"type":"dynamic-repeater-cards","is_repeater":true,"editor_name":"default","content":{"title":"Juliet Ruiz","details":"Instructor"},"medias":{"image":[{"id":9,"name":"Juliet.jpeg","thumbnail":"http:\/\/nlmaf.dvl.to:8000\/img\/1a9c37ce-ac27-418d-9c1a-e2ef948867b7\/juliet.jpeg?fm=jpg&q=60&fit=max&dpr=1&h=256","original":"http:\/\/nlmaf.dvl.to:8000\/img\/1a9c37ce-ac27-418d-9c1a-e2ef948867b7\/juliet.jpeg","medium":"http:\/\/nlmaf.dvl.to:8000\/img\/1a9c37ce-ac27-418d-9c1a-e2ef948867b7\/juliet.jpeg?fm=jpg&q=80&fit=max&h=430","width":400,"height":300,"tags":[],"deleteUrl":null,"updateUrl":"http:\/\/nlmaf.dvl.to:8000\/admin\/media-library\/medias\/single-update","updateBulkUrl":"http:\/\/nlmaf.dvl.to:8000\/admin\/media-library\/medias\/bulk-update","deleteBulkUrl":"http:\/\/nlmaf.dvl.to:8000\/admin\/media-library\/medias\/bulk-delete","metadatas":{"default":{"caption":null,"altText":"Juliet","video":null},"custom":{"caption":null,"altText":null,"video":null}},"pivot_id":55,"crops":{"desktop":{"pivot_id":55,"name":"desktop","width":400,"height":300,"x":0,"y":0},"tablet":{"pivot_id":56,"name":"tablet","width":400,"height":300,"x":0,"y":0},"mobile":{"pivot_id":57,"name":"mobile","width":300,"height":300,"x":9,"y":0}}}]},"browsers":[],"blocks":[]},{"id":9,"type":"dynamic-repeater-cards","is_repeater":true,"editor_name":"default","content":{"title":"Kelly Tyger","details":"Instructor"},"medias":{"image":[{"id":10,"name":"Kelly.jpeg","thumbnail":"http:\/\/nlmaf.dvl.to:8000\/img\/522b9fa4-9a88-4f2e-83bb-d933427bbca4\/kelly.jpeg?fm=jpg&q=60&fit=max&dpr=1&h=256","original":"http:\/\/nlmaf.dvl.to:8000\/img\/522b9fa4-9a88-4f2e-83bb-d933427bbca4\/kelly.jpeg","medium":"http:\/\/nlmaf.dvl.to:8000\/img\/522b9fa4-9a88-4f2e-83bb-d933427bbca4\/kelly.jpeg?fm=jpg&q=80&fit=max&h=430","width":400,"height":300,"tags":[],"deleteUrl":null,"updateUrl":"http:\/\/nlmaf.dvl.to:8000\/admin\/media-library\/medias\/single-update","updateBulkUrl":"http:\/\/nlmaf.dvl.to:8000\/admin\/media-library\/medias\/bulk-update","deleteBulkUrl":"http:\/\/nlmaf.dvl.to:8000\/admin\/media-library\/medias\/bulk-delete","metadatas":{"default":{"caption":null,"altText":"Kelly","video":null},"custom":{"caption":null,"altText":null,"video":null}},"pivot_id":58,"crops":{"desktop":{"pivot_id":58,"name":"desktop","width":400,"height":300,"x":0,"y":0},"tablet":{"pivot_id":59,"name":"tablet","width":400,"height":300,"x":0,"y":0},"mobile":{"pivot_id":60,"name":"mobile","width":300,"height":300,"x":9,"y":0}}}]},"browsers":[],"blocks":[]}]}}],"repeaters":[]}');
CREATE TABLE IF NOT EXISTS "profile_translations" ("id" integer primary key autoincrement not null, "profile_id" integer not null, "deleted_at" datetime, "created_at" datetime, "updated_at" datetime, "locale" varchar not null, "active" tinyint(1) not null default '0', foreign key("profile_id") references "profiles"("id") on delete CASCADE);
INSERT INTO profile_translations VALUES(1,3,NULL,'2025-06-23 21:32:29','2025-07-02 21:58:33','en',1);
INSERT INTO profile_translations VALUES(2,1,NULL,'2025-06-26 17:04:36','2025-06-28 23:36:11','en',1);
CREATE TABLE IF NOT EXISTS "profile_slugs" ("id" integer primary key autoincrement not null, "profile_id" integer not null, "deleted_at" datetime, "created_at" datetime, "updated_at" datetime, "slug" varchar not null, "locale" varchar not null, "active" tinyint(1) not null, foreign key("profile_id") references "profiles"("id") on delete CASCADE on update NO ACTION);
INSERT INTO profile_slugs VALUES(1,1,NULL,'2025-06-23 18:15:21','2025-06-28 23:36:11','fat-benny','en',0);
INSERT INTO profile_slugs VALUES(2,2,NULL,'2025-06-23 21:10:39','2025-06-23 21:10:39','dev-strand','en',1);
INSERT INTO profile_slugs VALUES(3,3,NULL,'2025-06-23 21:14:03','2025-07-02 21:58:33','dev-strand-2','en',0);
INSERT INTO profile_slugs VALUES(4,1,NULL,'2025-06-24 03:21:54','2025-06-28 23:36:11','fattest-benny','en',1);
INSERT INTO profile_slugs VALUES(5,3,NULL,'2025-06-24 03:22:54','2025-07-02 21:58:33','deverick-strand','en',1);
CREATE TABLE IF NOT EXISTS "roles" ("id" integer primary key autoincrement not null, "name" varchar not null, "description" varchar, "created_at" datetime, "updated_at" datetime);
CREATE TABLE IF NOT EXISTS "programs" ("id" integer primary key autoincrement not null, "deleted_at" datetime, "created_at" datetime, "updated_at" datetime, "published" tinyint(1) not null default '0', "position" integer, "_lft" integer not null default '0', "_rgt" integer not null default '0', "parent_id" integer);
INSERT INTO programs VALUES(1,NULL,'2025-06-23 15:10:16','2025-06-27 23:58:17',1,0,1,4,NULL);
INSERT INTO programs VALUES(2,'2025-06-26 21:56:13','2025-06-26 18:09:53','2025-06-26 21:56:13',0,0,2,3,1);
INSERT INTO programs VALUES(3,NULL,'2025-06-27 23:56:38','2025-06-27 23:56:38',1,1,5,6,NULL);
CREATE TABLE IF NOT EXISTS "program_translations" ("id" integer primary key autoincrement not null, "program_id" integer not null, "deleted_at" datetime, "created_at" datetime, "updated_at" datetime, "locale" varchar not null, "active" tinyint(1) not null default '0', "title" varchar, "tagline" text, current_belt VARCHAR(255) DEFAULT NULL, foreign key("program_id") references "programs"("id") on delete CASCADE);
INSERT INTO program_translations VALUES(1,1,NULL,'2025-06-23 15:10:16','2025-06-27 23:58:17','en',1,'Taekwondo','The Korean art of self-defense.',NULL);
INSERT INTO program_translations VALUES(2,2,NULL,'2025-06-26 18:09:53','2025-06-26 18:09:53','en',1,'Belts',NULL,NULL);
INSERT INTO program_translations VALUES(3,3,NULL,'2025-06-27 23:56:38','2025-06-27 23:56:38','en',0,'Test Program','Test Tagline',NULL);
CREATE TABLE IF NOT EXISTS "program_slugs" ("id" integer primary key autoincrement not null, "program_id" integer not null, "deleted_at" datetime, "created_at" datetime, "updated_at" datetime, "slug" varchar not null, "locale" varchar not null, "active" tinyint(1) not null, foreign key("program_id") references "programs"("id") on delete CASCADE on update NO ACTION);
INSERT INTO program_slugs VALUES(1,1,NULL,'2025-06-23 15:10:16','2025-06-27 23:58:17','taekwondo','en',1);
INSERT INTO program_slugs VALUES(2,2,'2025-06-26 21:56:13','2025-06-26 18:09:53','2025-06-26 21:56:13','belts','en',1);
INSERT INTO program_slugs VALUES(3,3,NULL,'2025-06-27 23:56:38','2025-06-27 23:56:38','test-program','en',1);
CREATE TABLE IF NOT EXISTS "program_revisions" ("id" integer primary key autoincrement not null, "program_id" integer not null, "user_id" integer, "created_at" datetime, "updated_at" datetime, "payload" text not null, foreign key("program_id") references "programs"("id") on delete cascade, foreign key("user_id") references "twill_users"("id") on delete set null);
INSERT INTO program_revisions VALUES(1,1,1,'2025-06-23 15:10:16','2025-06-23 15:10:16','{"slug":{"en":"taekwondo"},"title":{"en":"Taekwondo"},"languages":[{"shortlabel":"EN","label":"English","value":"en","disabled":false,"published":true}]}');
INSERT INTO program_revisions VALUES(2,1,1,'2025-06-23 15:12:07','2025-06-23 15:12:07','{"title":{"en":"Taekwondo"},"slug":{"en":"taekwondo"},"tagline":{"en":"The Korean art of self-defense."},"cmsSaveType":"publish","published":true,"public":false,"publish_start_date":null,"publish_end_date":null,"languages":[{"shortlabel":"EN","label":"English","value":"en","disabled":false,"published":true}],"parent_id":0,"medias":[],"browsers":[],"blocks":[],"repeaters":[]}');
INSERT INTO program_revisions VALUES(3,1,1,'2025-06-23 15:13:46','2025-06-23 15:13:46','{"title":{"en":"Taekwondo"},"slug":{"en":"taekwondo"},"tagline":{"en":"The Korean art of self-defense."},"cmsSaveType":"update","published":true,"public":false,"publish_start_date":null,"publish_end_date":null,"languages":[{"shortlabel":"EN","label":"English","value":"en","disabled":false,"published":true}],"parent_id":0,"medias":[],"browsers":[],"blocks":[{"id":1750705996950,"type":"a17-block-common-image","is_repeater":false,"editor_name":"default","content":[],"medias":{"common_image":[{"id":11,"name":"Gemini_Generated_Image_e25k7be25k7be25k.jpg","thumbnail":"http:\/\/nlmaf.dvl.to:8000\/img\/640f7751-172b-4e83-b84a-ff0db549e635\/gemini-generated-image-e25k7be25k7be25k.jpg?fm=jpg&q=60&fit=max&dpr=1&h=256","original":"http:\/\/nlmaf.dvl.to:8000\/img\/640f7751-172b-4e83-b84a-ff0db549e635\/gemini-generated-image-e25k7be25k7be25k.jpg","medium":"http:\/\/nlmaf.dvl.to:8000\/img\/640f7751-172b-4e83-b84a-ff0db549e635\/gemini-generated-image-e25k7be25k7be25k.jpg?fm=jpg&q=80&fit=max&h=430","width":"2048","height":"2048","tags":[],"deleteUrl":"http:\/\/nlmaf.dvl.to:8000\/admin\/media-library\/medias\/11","updateUrl":"http:\/\/nlmaf.dvl.to:8000\/admin\/media-library\/medias\/single-update","updateBulkUrl":"http:\/\/nlmaf.dvl.to:8000\/admin\/media-library\/medias\/bulk-update","deleteBulkUrl":"http:\/\/nlmaf.dvl.to:8000\/admin\/media-library\/medias\/bulk-delete","metadatas":{"default":{"caption":null,"altText":"Gemini Generated Image e25k7be25k7be25k","video":null},"custom":{"caption":null,"altText":null,"video":null}},"disabled":false,"crops":{"desktop":{"name":"desktop","x":0,"y":64,"width":2048,"height":1152},"tablet":{"name":"tablet","x":0,"y":64,"width":2048,"height":1536},"mobile":{"name":"mobile","x":0,"y":0,"width":2048,"height":2048}}}]},"browsers":[],"blocks":[]}],"repeaters":[]}');
INSERT INTO program_revisions VALUES(4,2,1,'2025-06-26 18:09:53','2025-06-26 18:09:53','{"slug":{"en":"belts"},"title":{"en":"Belts"},"languages":[{"shortlabel":"EN","label":"English","value":"en","disabled":false,"published":true}]}');
INSERT INTO program_revisions VALUES(5,1,1,'2025-06-26 20:44:48','2025-06-26 20:44:48','{"title":{"en":"Taekwondo"},"slug":{"en":"taekwondo"},"tagline":"The Korean art of self-defense.","cmsSaveType":"update","published":true,"public":false,"publish_start_date":null,"publish_end_date":null,"languages":[{"shortlabel":"EN","label":"English","value":"en","disabled":false,"published":true}],"parent_id":0,"medias":[],"browsers":[],"blocks":[{"id":11,"type":"a17-block-common-image","is_repeater":false,"editor_name":"default","content":[],"medias":{"common_image":[{"id":11,"name":"Gemini_Generated_Image_e25k7be25k7be25k.jpg","thumbnail":"http:\/\/nlmaf.dvl.to:8000\/img\/640f7751-172b-4e83-b84a-ff0db549e635\/gemini-generated-image-e25k7be25k7be25k.jpg?fm=jpg&q=60&fit=max&dpr=1&h=256","original":"http:\/\/nlmaf.dvl.to:8000\/img\/640f7751-172b-4e83-b84a-ff0db549e635\/gemini-generated-image-e25k7be25k7be25k.jpg","medium":"http:\/\/nlmaf.dvl.to:8000\/img\/640f7751-172b-4e83-b84a-ff0db549e635\/gemini-generated-image-e25k7be25k7be25k.jpg?fm=jpg&q=80&fit=max&h=430","width":2048,"height":2048,"tags":[],"deleteUrl":null,"updateUrl":"http:\/\/nlmaf.dvl.to:8000\/admin\/media-library\/medias\/single-update","updateBulkUrl":"http:\/\/nlmaf.dvl.to:8000\/admin\/media-library\/medias\/bulk-update","deleteBulkUrl":"http:\/\/nlmaf.dvl.to:8000\/admin\/media-library\/medias\/bulk-delete","metadatas":{"default":{"caption":null,"altText":"Gemini Generated Image e25k7be25k7be25k","video":null},"custom":{"caption":null,"altText":null,"video":null}},"pivot_id":61,"crops":{"desktop":{"pivot_id":61,"name":"desktop","width":2048,"height":1152,"x":0,"y":64},"tablet":{"pivot_id":62,"name":"tablet","width":2048,"height":1536,"x":0,"y":64},"mobile":{"pivot_id":63,"name":"mobile","width":2048,"height":2048,"x":0,"y":0}}}]},"browsers":[],"blocks":[]}],"repeaters":{"belts":[{"id":1750984900953,"is_repeater":false,"medias":[],"browsers":[],"blocks":{"requirements":[{"id":1750984914673,"type":"a17-block-common-requirements","is_repeater":false,"editor_name":"blocks-1750984900953|requirements","content":[],"medias":[],"browsers":[],"blocks":{"requirements":[{"id":1750984918829,"type":"dynamic-repeater-requirements","is_repeater":true,"content":[],"medias":[],"browsers":[],"blocks":{"poomsae":[{"id":1750984925399,"type":"dynamic-repeater-poomsae","is_repeater":true,"content":{"poomsae_name":"First 8 moves of ITF Form Chon-Ji"},"medias":[],"browsers":[],"blocks":[]}],"stances":[{"id":1750984956216,"type":"dynamic-repeater-stances","is_repeater":true,"content":{"stance_name":"Joon-Be"},"medias":[],"browsers":[],"blocks":[]},{"id":1750984966129,"type":"dynamic-repeater-stances","is_repeater":true,"content":{"stance_name":"Walking Stance"},"medias":[],"browsers":[],"blocks":[]},{"id":1750984975444,"type":"dynamic-repeater-stances","is_repeater":true,"content":{"stance_name":"Front Stance"},"medias":[],"browsers":[],"blocks":[]},{"id":1750984983254,"type":"dynamic-repeater-stances","is_repeater":true,"content":{"stance_name":"Back Stance"},"medias":[],"browsers":[],"blocks":[]},{"id":1750984992642,"type":"dynamic-repeater-stances","is_repeater":true,"content":{"stance_name":"Fighting Stance"},"medias":[],"browsers":[],"blocks":[]}],"sparring_self-defense":[{"id":1750985011516,"type":"dynamic-repeater-sparring_self-defense","is_repeater":true,"content":{"sparring_self-defense_name":"Low Block"},"medias":[],"browsers":[],"blocks":[]},{"id":1750985024852,"type":"dynamic-repeater-sparring_self-defense","is_repeater":true,"content":{"sparring_self-defense_name":"Middle Block"},"medias":[],"browsers":[],"blocks":[]},{"id":1750985032810,"type":"dynamic-repeater-sparring_self-defense","is_repeater":true,"content":{"sparring_self-defense_name":"HIgh Block"},"medias":[],"browsers":[],"blocks":[]},{"id":1750985044853,"type":"dynamic-repeater-sparring_self-defense","is_repeater":true,"content":{"sparring_self-defense_name":"Low Punch"},"medias":[],"browsers":[],"blocks":[]},{"id":1750985054715,"type":"dynamic-repeater-sparring_self-defense","is_repeater":true,"content":{"sparring_self-defense_name":"Middle Punch"},"medias":[],"browsers":[],"blocks":[]},{"id":1750985061075,"type":"dynamic-repeater-sparring_self-defense","is_repeater":true,"content":{"sparring_self-defense_name":"High Punch"},"medias":[],"browsers":[],"blocks":[]},{"id":1750985064242,"type":"dynamic-repeater-sparring_self-defense","is_repeater":true,"content":{"sparring_self-defense_name":"Combination 1"},"medias":[],"browsers":[],"blocks":[]}]}}]}}]},"name":"No Belt","repeater_target_id":null}]}}');
INSERT INTO program_revisions VALUES(6,1,1,'2025-06-26 20:49:35','2025-06-26 20:49:35','{"title":{"en":"Taekwondo"},"slug":{"en":"taekwondo"},"tagline":"The Korean art of self-defense.","cmsSaveType":"update","published":true,"public":false,"publish_start_date":null,"publish_end_date":null,"languages":[{"shortlabel":"EN","label":"English","value":"en","disabled":false,"published":true}],"parent_id":0,"medias":[],"browsers":[],"blocks":[{"id":11,"type":"a17-block-common-image","is_repeater":false,"editor_name":"default","content":[],"medias":{"common_image":[{"id":11,"name":"Gemini_Generated_Image_e25k7be25k7be25k.jpg","thumbnail":"http:\/\/nlmaf.dvl.to:8000\/img\/640f7751-172b-4e83-b84a-ff0db549e635\/gemini-generated-image-e25k7be25k7be25k.jpg?fm=jpg&q=60&fit=max&dpr=1&h=256","original":"http:\/\/nlmaf.dvl.to:8000\/img\/640f7751-172b-4e83-b84a-ff0db549e635\/gemini-generated-image-e25k7be25k7be25k.jpg","medium":"http:\/\/nlmaf.dvl.to:8000\/img\/640f7751-172b-4e83-b84a-ff0db549e635\/gemini-generated-image-e25k7be25k7be25k.jpg?fm=jpg&q=80&fit=max&h=430","width":2048,"height":2048,"tags":[],"deleteUrl":null,"updateUrl":"http:\/\/nlmaf.dvl.to:8000\/admin\/media-library\/medias\/single-update","updateBulkUrl":"http:\/\/nlmaf.dvl.to:8000\/admin\/media-library\/medias\/bulk-update","deleteBulkUrl":"http:\/\/nlmaf.dvl.to:8000\/admin\/media-library\/medias\/bulk-delete","metadatas":{"default":{"caption":null,"altText":"Gemini Generated Image e25k7be25k7be25k","video":null},"custom":{"caption":null,"altText":null,"video":null}},"pivot_id":61,"crops":{"desktop":{"pivot_id":61,"name":"desktop","width":2048,"height":1152,"x":0,"y":64},"tablet":{"pivot_id":62,"name":"tablet","width":2048,"height":1536,"x":0,"y":64},"mobile":{"pivot_id":63,"name":"mobile","width":2048,"height":2048,"x":0,"y":0}}}]},"browsers":[],"blocks":[]}],"repeaters":{"belts":[{"id":1750984900953,"is_repeater":false,"medias":[],"browsers":[],"blocks":{"requirements":[{"id":1750984914673,"type":"a17-block-common-requirements","is_repeater":false,"editor_name":"blocks-1750984900953|requirements","content":[],"medias":[],"browsers":[],"blocks":{"requirements":[{"id":1750984918829,"type":"dynamic-repeater-requirements","is_repeater":true,"content":[],"medias":[],"browsers":[],"blocks":{"poomsae":[{"id":1750984925399,"type":"dynamic-repeater-poomsae","is_repeater":true,"content":{"poomsae_name":"First 8 moves of ITF Form Chon-Ji"},"medias":[],"browsers":[],"blocks":[]}],"stances":[{"id":1750984956216,"type":"dynamic-repeater-stances","is_repeater":true,"content":{"stance_name":"Joon-Be"},"medias":[],"browsers":[],"blocks":[]},{"id":1750984966129,"type":"dynamic-repeater-stances","is_repeater":true,"content":{"stance_name":"Walking Stance"},"medias":[],"browsers":[],"blocks":[]},{"id":1750984975444,"type":"dynamic-repeater-stances","is_repeater":true,"content":{"stance_name":"Front Stance"},"medias":[],"browsers":[],"blocks":[]},{"id":1750984983254,"type":"dynamic-repeater-stances","is_repeater":true,"content":{"stance_name":"Back Stance"},"medias":[],"browsers":[],"blocks":[]},{"id":1750984992642,"type":"dynamic-repeater-stances","is_repeater":true,"content":{"stance_name":"Fighting Stance"},"medias":[],"browsers":[],"blocks":[]}],"sparring_self-defense":[{"id":1750985011516,"type":"dynamic-repeater-sparring_self-defense","is_repeater":true,"content":{"sparring_self-defense_name":"Low Block"},"medias":[],"browsers":[],"blocks":[]},{"id":1750985024852,"type":"dynamic-repeater-sparring_self-defense","is_repeater":true,"content":{"sparring_self-defense_name":"Middle Block"},"medias":[],"browsers":[],"blocks":[]},{"id":1750985032810,"type":"dynamic-repeater-sparring_self-defense","is_repeater":true,"content":{"sparring_self-defense_name":"HIgh Block"},"medias":[],"browsers":[],"blocks":[]},{"id":1750985044853,"type":"dynamic-repeater-sparring_self-defense","is_repeater":true,"content":{"sparring_self-defense_name":"Low Punch"},"medias":[],"browsers":[],"blocks":[]},{"id":1750985054715,"type":"dynamic-repeater-sparring_self-defense","is_repeater":true,"content":{"sparring_self-defense_name":"Middle Punch"},"medias":[],"browsers":[],"blocks":[]},{"id":1750985061075,"type":"dynamic-repeater-sparring_self-defense","is_repeater":true,"content":{"sparring_self-defense_name":"High Punch"},"medias":[],"browsers":[],"blocks":[]},{"id":1750985064242,"type":"dynamic-repeater-sparring_self-defense","is_repeater":true,"content":{"sparring_self-defense_name":"Combination 1"},"medias":[],"browsers":[],"blocks":[]}]}}]}}]},"name":"No Belt","repeater_target_id":null},{"id":1750985181042,"is_repeater":false,"medias":[],"browsers":[],"blocks":{"requirements":[{"id":1750985199753,"type":"a17-block-common-requirements","is_repeater":false,"editor_name":"blocks-1750985181042|requirements","content":[],"medias":[],"browsers":[],"blocks":{"requirements":[{"id":1750985203027,"type":"dynamic-repeater-requirements","is_repeater":true,"content":[],"medias":[],"browsers":[],"blocks":{"poomsae":[{"id":1750985207943,"type":"dynamic-repeater-poomsae","is_repeater":true,"content":{"poomsae_name":"Taekwondo Form 1 -- Il Jang"},"medias":[],"browsers":[],"blocks":[]},{"id":1750985227258,"type":"dynamic-repeater-poomsae","is_repeater":true,"content":{"poomsae_name":"ITF Form Chon-Ji"},"medias":[],"browsers":[],"blocks":[]}],"breaking":[{"id":1750985245563,"type":"dynamic-repeater-breaking","is_repeater":true,"content":{"breaking_name":"Stomping Kick"},"medias":[],"browsers":[],"blocks":[]},{"id":1750985253004,"type":"dynamic-repeater-breaking","is_repeater":true,"content":{"breaking_name":"Hammerfist"},"medias":[],"browsers":[],"blocks":[]}],"sparring_self-defense":[{"id":1750985263038,"type":"dynamic-repeater-sparring_self-defense","is_repeater":true,"content":{"sparring_self-defense_name":"Beginner 1 One Step Sparring"},"medias":[],"browsers":[],"blocks":[]},{"id":1750985281971,"type":"dynamic-repeater-sparring_self-defense","is_repeater":true,"content":{"sparring_self-defense_name":"Beginner 2 One Step Sparring"},"medias":[],"browsers":[],"blocks":[]},{"id":1750985296188,"type":"dynamic-repeater-sparring_self-defense","is_repeater":true,"content":{"sparring_self-defense_name":"Combination 1"},"medias":[],"browsers":[],"blocks":[]},{"id":1750985306409,"type":"dynamic-repeater-sparring_self-defense","is_repeater":true,"content":{"sparring_self-defense_name":"Combination 2"},"medias":[],"browsers":[],"blocks":[]},{"id":1750985313729,"type":"dynamic-repeater-sparring_self-defense","is_repeater":true,"content":{"sparring_self-defense_name":"Begiinner Self-Defense 1"},"medias":[],"browsers":[],"blocks":[]},{"id":1750985323661,"type":"dynamic-repeater-sparring_self-defense","is_repeater":true,"content":{"sparring_self-defense_name":"Beggineer Self-Defense 2"},"medias":[],"browsers":[],"blocks":[]}],"other":[{"id":1750985341444,"type":"dynamic-repeater-other","is_repeater":true,"content":[],"medias":[],"browsers":[],"blocks":[]}],"tkd_knowledge":[{"id":1750985343944,"type":"dynamic-repeater-tkd_knowledge","is_repeater":true,"content":{"tkd_knowledge_name":"Poomsae name & meaning"},"medias":[],"browsers":[],"blocks":[]},{"id":1750985358060,"type":"dynamic-repeater-tkd_knowledge","is_repeater":true,"content":{"tkd_knowledge_name":"School Oath"},"medias":[],"browsers":[],"blocks":[]},{"id":1750985364548,"type":"dynamic-repeater-tkd_knowledge","is_repeater":true,"content":{"tkd_knowledge_name":"School Motto"},"medias":[],"browsers":[],"blocks":[]}]}}]}}]},"name":"White","color":"#f7f2f2","repeater_target_id":null}]}}');
INSERT INTO program_revisions VALUES(7,1,1,'2025-06-27 21:55:13','2025-06-27 21:55:13','{"title":{"en":"Taekwondo"},"slug":{"en":"taekwondo"},"tagline":"The Korean Art of Self Defense","cmsSaveType":"update","published":true,"public":false,"publish_start_date":null,"publish_end_date":null,"languages":[{"shortlabel":"EN","label":"English","value":"en","disabled":false,"published":true}],"parent_id":0,"medias":[],"browsers":[],"blocks":[{"id":11,"type":"a17-block-common-image","is_repeater":false,"editor_name":"default","content":[],"medias":{"common_image":[{"id":11,"name":"Gemini_Generated_Image_e25k7be25k7be25k.jpg","thumbnail":"http:\/\/nlmaf.dvl.to:8000\/img\/640f7751-172b-4e83-b84a-ff0db549e635\/gemini-generated-image-e25k7be25k7be25k.jpg?fm=jpg&q=60&fit=max&dpr=1&h=256","original":"http:\/\/nlmaf.dvl.to:8000\/img\/640f7751-172b-4e83-b84a-ff0db549e635\/gemini-generated-image-e25k7be25k7be25k.jpg","medium":"http:\/\/nlmaf.dvl.to:8000\/img\/640f7751-172b-4e83-b84a-ff0db549e635\/gemini-generated-image-e25k7be25k7be25k.jpg?fm=jpg&q=80&fit=max&h=430","width":2048,"height":2048,"tags":[],"deleteUrl":null,"updateUrl":"http:\/\/nlmaf.dvl.to:8000\/admin\/media-library\/medias\/single-update","updateBulkUrl":"http:\/\/nlmaf.dvl.to:8000\/admin\/media-library\/medias\/bulk-update","deleteBulkUrl":"http:\/\/nlmaf.dvl.to:8000\/admin\/media-library\/medias\/bulk-delete","metadatas":{"default":{"caption":null,"altText":"Gemini Generated Image e25k7be25k7be25k","video":null},"custom":{"caption":null,"altText":null,"video":null}},"pivot_id":61,"crops":{"desktop":{"pivot_id":61,"name":"desktop","width":2048,"height":1152,"x":0,"y":64},"tablet":{"pivot_id":62,"name":"tablet","width":2048,"height":1536,"x":0,"y":64},"mobile":{"pivot_id":63,"name":"mobile","width":2048,"height":2048,"x":0,"y":0}}}]},"browsers":[],"blocks":[]}],"repeaters":[]}');
INSERT INTO program_revisions VALUES(8,1,1,'2025-06-27 22:50:59','2025-06-27 22:50:59','{"title":{"en":"Taekwondo"},"slug":{"en":"taekwondo"},"tagline":"The Korean Art of Self-Defense","cmsSaveType":"update","published":true,"public":false,"publish_start_date":null,"publish_end_date":null,"languages":[{"shortlabel":"EN","label":"English","value":"en","disabled":false,"published":true}],"parent_id":0,"medias":[],"browsers":[],"blocks":[{"id":11,"type":"a17-block-common-image","is_repeater":false,"editor_name":"default","content":[],"medias":{"common_image":[{"id":11,"name":"Gemini_Generated_Image_e25k7be25k7be25k.jpg","thumbnail":"http:\/\/nlmaf.dvl.to:8000\/img\/640f7751-172b-4e83-b84a-ff0db549e635\/gemini-generated-image-e25k7be25k7be25k.jpg?fm=jpg&q=60&fit=max&dpr=1&h=256","original":"http:\/\/nlmaf.dvl.to:8000\/img\/640f7751-172b-4e83-b84a-ff0db549e635\/gemini-generated-image-e25k7be25k7be25k.jpg","medium":"http:\/\/nlmaf.dvl.to:8000\/img\/640f7751-172b-4e83-b84a-ff0db549e635\/gemini-generated-image-e25k7be25k7be25k.jpg?fm=jpg&q=80&fit=max&h=430","width":2048,"height":2048,"tags":[],"deleteUrl":null,"updateUrl":"http:\/\/nlmaf.dvl.to:8000\/admin\/media-library\/medias\/single-update","updateBulkUrl":"http:\/\/nlmaf.dvl.to:8000\/admin\/media-library\/medias\/bulk-update","deleteBulkUrl":"http:\/\/nlmaf.dvl.to:8000\/admin\/media-library\/medias\/bulk-delete","metadatas":{"default":{"caption":null,"altText":"Gemini Generated Image e25k7be25k7be25k","video":null},"custom":{"caption":null,"altText":null,"video":null}},"pivot_id":61,"crops":{"desktop":{"pivot_id":61,"name":"desktop","width":2048,"height":1152,"x":0,"y":64},"tablet":{"pivot_id":62,"name":"tablet","width":2048,"height":1536,"x":0,"y":64},"mobile":{"pivot_id":63,"name":"mobile","width":2048,"height":2048,"x":0,"y":0}}}]},"browsers":[],"blocks":[]}],"repeaters":{"belts":[{"id":1751079054298,"is_repeater":false,"medias":[],"browsers":[],"blocks":[],"repeater_target_id":null}]}}');
INSERT INTO program_revisions VALUES(9,1,1,'2025-06-27 22:51:09','2025-06-27 22:51:09','{"title":{"en":"Taekwondo"},"slug":{"en":"taekwondo"},"tagline":"The Korean Art of Self-Defense","cmsSaveType":"update","published":true,"public":false,"publish_start_date":null,"publish_end_date":null,"languages":[{"shortlabel":"EN","label":"English","value":"en","disabled":false,"published":true}],"parent_id":0,"medias":[],"browsers":[],"blocks":[{"id":11,"type":"a17-block-common-image","is_repeater":false,"editor_name":"default","content":[],"medias":{"common_image":[{"id":11,"name":"Gemini_Generated_Image_e25k7be25k7be25k.jpg","thumbnail":"http:\/\/nlmaf.dvl.to:8000\/img\/640f7751-172b-4e83-b84a-ff0db549e635\/gemini-generated-image-e25k7be25k7be25k.jpg?fm=jpg&q=60&fit=max&dpr=1&h=256","original":"http:\/\/nlmaf.dvl.to:8000\/img\/640f7751-172b-4e83-b84a-ff0db549e635\/gemini-generated-image-e25k7be25k7be25k.jpg","medium":"http:\/\/nlmaf.dvl.to:8000\/img\/640f7751-172b-4e83-b84a-ff0db549e635\/gemini-generated-image-e25k7be25k7be25k.jpg?fm=jpg&q=80&fit=max&h=430","width":2048,"height":2048,"tags":[],"deleteUrl":null,"updateUrl":"http:\/\/nlmaf.dvl.to:8000\/admin\/media-library\/medias\/single-update","updateBulkUrl":"http:\/\/nlmaf.dvl.to:8000\/admin\/media-library\/medias\/bulk-update","deleteBulkUrl":"http:\/\/nlmaf.dvl.to:8000\/admin\/media-library\/medias\/bulk-delete","metadatas":{"default":{"caption":null,"altText":"Gemini Generated Image e25k7be25k7be25k","video":null},"custom":{"caption":null,"altText":null,"video":null}},"pivot_id":61,"crops":{"desktop":{"pivot_id":61,"name":"desktop","width":2048,"height":1152,"x":0,"y":64},"tablet":{"pivot_id":62,"name":"tablet","width":2048,"height":1536,"x":0,"y":64},"mobile":{"pivot_id":63,"name":"mobile","width":2048,"height":2048,"x":0,"y":0}}}]},"browsers":[],"blocks":[]}],"repeaters":[]}');
INSERT INTO program_revisions VALUES(10,1,1,'2025-06-27 22:51:32','2025-06-27 22:51:32','{"title":{"en":"Taekwondo"},"slug":{"en":"taekwondo"},"tagline":"The Korean Art of Self-Defense","cmsSaveType":"update","published":true,"public":false,"publish_start_date":null,"publish_end_date":null,"languages":[{"shortlabel":"EN","label":"English","value":"en","disabled":false,"published":true}],"parent_id":0,"medias":[],"browsers":[],"blocks":[{"id":11,"type":"a17-block-common-image","is_repeater":false,"editor_name":"default","content":[],"medias":{"common_image":[{"id":11,"name":"Gemini_Generated_Image_e25k7be25k7be25k.jpg","thumbnail":"http:\/\/nlmaf.dvl.to:8000\/img\/640f7751-172b-4e83-b84a-ff0db549e635\/gemini-generated-image-e25k7be25k7be25k.jpg?fm=jpg&q=60&fit=max&dpr=1&h=256","original":"http:\/\/nlmaf.dvl.to:8000\/img\/640f7751-172b-4e83-b84a-ff0db549e635\/gemini-generated-image-e25k7be25k7be25k.jpg","medium":"http:\/\/nlmaf.dvl.to:8000\/img\/640f7751-172b-4e83-b84a-ff0db549e635\/gemini-generated-image-e25k7be25k7be25k.jpg?fm=jpg&q=80&fit=max&h=430","width":2048,"height":2048,"tags":[],"deleteUrl":null,"updateUrl":"http:\/\/nlmaf.dvl.to:8000\/admin\/media-library\/medias\/single-update","updateBulkUrl":"http:\/\/nlmaf.dvl.to:8000\/admin\/media-library\/medias\/bulk-update","deleteBulkUrl":"http:\/\/nlmaf.dvl.to:8000\/admin\/media-library\/medias\/bulk-delete","metadatas":{"default":{"caption":null,"altText":"Gemini Generated Image e25k7be25k7be25k","video":null},"custom":{"caption":null,"altText":null,"video":null}},"pivot_id":61,"crops":{"desktop":{"pivot_id":61,"name":"desktop","width":2048,"height":1152,"x":0,"y":64},"tablet":{"pivot_id":62,"name":"tablet","width":2048,"height":1536,"x":0,"y":64},"mobile":{"pivot_id":63,"name":"mobile","width":2048,"height":2048,"x":0,"y":0}}}]},"browsers":[],"blocks":[]}],"repeaters":{"belts":[{"id":1751079088486,"is_repeater":false,"medias":[],"browsers":[],"blocks":[],"name":"No Belt","color":null,"category":"beginner","program_id":1,"position":1,"requirements":null,"repeater_target_id":1},{"id":1751079088734,"is_repeater":false,"medias":[],"browsers":[],"blocks":[],"name":"White","color":"#f5eded","category":"beginner","program_id":1,"position":2,"requirements":null,"repeater_target_id":2}]}}');
INSERT INTO program_revisions VALUES(11,1,1,'2025-06-27 22:57:02','2025-06-27 22:57:02','{"title":{"en":"Taekwondo"},"slug":{"en":"taekwondo"},"tagline":"The Korean Art of Self-Defense","cmsSaveType":"update","published":true,"public":false,"publish_start_date":null,"publish_end_date":null,"languages":[{"shortlabel":"EN","label":"English","value":"en","disabled":false,"published":true}],"parent_id":0,"medias":[],"browsers":[],"blocks":[{"id":11,"type":"a17-block-common-image","is_repeater":false,"editor_name":"default","content":[],"medias":{"common_image":[{"id":11,"name":"Gemini_Generated_Image_e25k7be25k7be25k.jpg","thumbnail":"http:\/\/nlmaf.dvl.to:8000\/img\/640f7751-172b-4e83-b84a-ff0db549e635\/gemini-generated-image-e25k7be25k7be25k.jpg?fm=jpg&q=60&fit=max&dpr=1&h=256","original":"http:\/\/nlmaf.dvl.to:8000\/img\/640f7751-172b-4e83-b84a-ff0db549e635\/gemini-generated-image-e25k7be25k7be25k.jpg","medium":"http:\/\/nlmaf.dvl.to:8000\/img\/640f7751-172b-4e83-b84a-ff0db549e635\/gemini-generated-image-e25k7be25k7be25k.jpg?fm=jpg&q=80&fit=max&h=430","width":2048,"height":2048,"tags":[],"deleteUrl":null,"updateUrl":"http:\/\/nlmaf.dvl.to:8000\/admin\/media-library\/medias\/single-update","updateBulkUrl":"http:\/\/nlmaf.dvl.to:8000\/admin\/media-library\/medias\/bulk-update","deleteBulkUrl":"http:\/\/nlmaf.dvl.to:8000\/admin\/media-library\/medias\/bulk-delete","metadatas":{"default":{"caption":null,"altText":"Gemini Generated Image e25k7be25k7be25k","video":null},"custom":{"caption":null,"altText":null,"video":null}},"pivot_id":61,"crops":{"desktop":{"pivot_id":61,"name":"desktop","width":2048,"height":1152,"x":0,"y":64},"tablet":{"pivot_id":62,"name":"tablet","width":2048,"height":1536,"x":0,"y":64},"mobile":{"pivot_id":63,"name":"mobile","width":2048,"height":2048,"x":0,"y":0}}}]},"browsers":[],"blocks":[]}],"repeaters":{"belts":[{"id":1751079420802,"is_repeater":false,"medias":[],"browsers":[],"blocks":[],"name":"No Belt","color":null,"category":"beginner","program_id":1,"position":1,"requirements":null,"repeater_target_id":1},{"id":1751079420771,"is_repeater":false,"medias":[],"browsers":[],"blocks":[],"name":"White","color":"#f5eded","category":"beginner","program_id":1,"position":2,"requirements":null,"repeater_target_id":2}]}}');
INSERT INTO program_revisions VALUES(12,1,1,'2025-06-27 23:32:42','2025-06-27 23:32:42','{"title":{"en":"Taekwondo"},"slug":{"en":"taekwondo"},"tagline":"The Korean Art of Self-Defense","cmsSaveType":"update","published":true,"public":false,"publish_start_date":null,"publish_end_date":null,"languages":[{"shortlabel":"EN","label":"English","value":"en","disabled":false,"published":true}],"parent_id":0,"medias":[],"browsers":[],"blocks":[{"id":11,"type":"a17-block-common-image","is_repeater":false,"editor_name":"default","content":[],"medias":{"common_image":[{"id":11,"name":"Gemini_Generated_Image_e25k7be25k7be25k.jpg","thumbnail":"http:\/\/nlmaf.dvl.to:8000\/img\/640f7751-172b-4e83-b84a-ff0db549e635\/gemini-generated-image-e25k7be25k7be25k.jpg?fm=jpg&q=60&fit=max&dpr=1&h=256","original":"http:\/\/nlmaf.dvl.to:8000\/img\/640f7751-172b-4e83-b84a-ff0db549e635\/gemini-generated-image-e25k7be25k7be25k.jpg","medium":"http:\/\/nlmaf.dvl.to:8000\/img\/640f7751-172b-4e83-b84a-ff0db549e635\/gemini-generated-image-e25k7be25k7be25k.jpg?fm=jpg&q=80&fit=max&h=430","width":2048,"height":2048,"tags":[],"deleteUrl":null,"updateUrl":"http:\/\/nlmaf.dvl.to:8000\/admin\/media-library\/medias\/single-update","updateBulkUrl":"http:\/\/nlmaf.dvl.to:8000\/admin\/media-library\/medias\/bulk-update","deleteBulkUrl":"http:\/\/nlmaf.dvl.to:8000\/admin\/media-library\/medias\/bulk-delete","metadatas":{"default":{"caption":null,"altText":"Gemini Generated Image e25k7be25k7be25k","video":null},"custom":{"caption":null,"altText":null,"video":null}},"pivot_id":61,"crops":{"desktop":{"pivot_id":61,"name":"desktop","width":2048,"height":1152,"x":0,"y":64},"tablet":{"pivot_id":62,"name":"tablet","width":2048,"height":1536,"x":0,"y":64},"mobile":{"pivot_id":63,"name":"mobile","width":2048,"height":2048,"x":0,"y":0}}}]},"browsers":[],"blocks":[]}],"repeaters":[]}');
INSERT INTO program_revisions VALUES(13,1,1,'2025-06-27 23:32:54','2025-06-27 23:32:54','{"title":{"en":"Taekwondo"},"slug":{"en":"taekwondo"},"tagline":null,"cmsSaveType":"update","published":true,"public":false,"publish_start_date":null,"publish_end_date":null,"languages":[{"shortlabel":"EN","label":"English","value":"en","disabled":false,"published":true}],"parent_id":0,"medias":[],"browsers":[],"blocks":[{"id":11,"type":"a17-block-common-image","is_repeater":false,"editor_name":"default","content":[],"medias":{"common_image":[{"id":11,"name":"Gemini_Generated_Image_e25k7be25k7be25k.jpg","thumbnail":"http:\/\/nlmaf.dvl.to:8000\/img\/640f7751-172b-4e83-b84a-ff0db549e635\/gemini-generated-image-e25k7be25k7be25k.jpg?fm=jpg&q=60&fit=max&dpr=1&h=256","original":"http:\/\/nlmaf.dvl.to:8000\/img\/640f7751-172b-4e83-b84a-ff0db549e635\/gemini-generated-image-e25k7be25k7be25k.jpg","medium":"http:\/\/nlmaf.dvl.to:8000\/img\/640f7751-172b-4e83-b84a-ff0db549e635\/gemini-generated-image-e25k7be25k7be25k.jpg?fm=jpg&q=80&fit=max&h=430","width":2048,"height":2048,"tags":[],"deleteUrl":null,"updateUrl":"http:\/\/nlmaf.dvl.to:8000\/admin\/media-library\/medias\/single-update","updateBulkUrl":"http:\/\/nlmaf.dvl.to:8000\/admin\/media-library\/medias\/bulk-update","deleteBulkUrl":"http:\/\/nlmaf.dvl.to:8000\/admin\/media-library\/medias\/bulk-delete","metadatas":{"default":{"caption":null,"altText":"Gemini Generated Image e25k7be25k7be25k","video":null},"custom":{"caption":null,"altText":null,"video":null}},"pivot_id":61,"crops":{"desktop":{"pivot_id":61,"name":"desktop","width":2048,"height":1152,"x":0,"y":64},"tablet":{"pivot_id":62,"name":"tablet","width":2048,"height":1536,"x":0,"y":64},"mobile":{"pivot_id":63,"name":"mobile","width":2048,"height":2048,"x":0,"y":0}}}]},"browsers":[],"blocks":[]}],"repeaters":{"programBelts":[{"id":1751081573845,"is_repeater":false,"medias":[],"browsers":[],"blocks":[],"name":"No Belt","color":null,"category":"beginner","program_id":1,"position":1,"requirements":null,"repeater_target_id":1},{"id":1751081573743,"is_repeater":false,"medias":[],"browsers":[],"blocks":[],"name":"White","color":"#f5eded","category":"beginner","program_id":1,"position":2,"requirements":null,"repeater_target_id":2}]}}');
INSERT INTO program_revisions VALUES(14,1,1,'2025-06-27 23:33:08','2025-06-27 23:33:08','{"title":{"en":"Taekwondo"},"slug":{"en":"taekwondo"},"tagline":"The Korean Art of Self-Defense","cmsSaveType":"update","published":true,"public":false,"publish_start_date":null,"publish_end_date":null,"languages":[{"shortlabel":"EN","label":"English","value":"en","disabled":false,"published":true}],"parent_id":0,"medias":[],"browsers":[],"blocks":[{"id":11,"type":"a17-block-common-image","is_repeater":false,"editor_name":"default","content":[],"medias":{"common_image":[{"id":11,"name":"Gemini_Generated_Image_e25k7be25k7be25k.jpg","thumbnail":"http:\/\/nlmaf.dvl.to:8000\/img\/640f7751-172b-4e83-b84a-ff0db549e635\/gemini-generated-image-e25k7be25k7be25k.jpg?fm=jpg&q=60&fit=max&dpr=1&h=256","original":"http:\/\/nlmaf.dvl.to:8000\/img\/640f7751-172b-4e83-b84a-ff0db549e635\/gemini-generated-image-e25k7be25k7be25k.jpg","medium":"http:\/\/nlmaf.dvl.to:8000\/img\/640f7751-172b-4e83-b84a-ff0db549e635\/gemini-generated-image-e25k7be25k7be25k.jpg?fm=jpg&q=80&fit=max&h=430","width":2048,"height":2048,"tags":[],"deleteUrl":null,"updateUrl":"http:\/\/nlmaf.dvl.to:8000\/admin\/media-library\/medias\/single-update","updateBulkUrl":"http:\/\/nlmaf.dvl.to:8000\/admin\/media-library\/medias\/bulk-update","deleteBulkUrl":"http:\/\/nlmaf.dvl.to:8000\/admin\/media-library\/medias\/bulk-delete","metadatas":{"default":{"caption":null,"altText":"Gemini Generated Image e25k7be25k7be25k","video":null},"custom":{"caption":null,"altText":null,"video":null}},"pivot_id":61,"crops":{"desktop":{"pivot_id":61,"name":"desktop","width":2048,"height":1152,"x":0,"y":64},"tablet":{"pivot_id":62,"name":"tablet","width":2048,"height":1536,"x":0,"y":64},"mobile":{"pivot_id":63,"name":"mobile","width":2048,"height":2048,"x":0,"y":0}}}]},"browsers":[],"blocks":[]}],"repeaters":{"programBelts":[{"id":1751081573845,"is_repeater":false,"medias":[],"browsers":[],"blocks":[],"name":"No Belt","color":null,"category":"beginner","program_id":1,"position":1,"requirements":null,"repeater_target_id":1},{"id":1751081573743,"is_repeater":false,"medias":[],"browsers":[],"blocks":[],"name":"White","color":"#f5eded","category":"beginner","program_id":1,"position":2,"requirements":null,"repeater_target_id":2}]}}');
INSERT INTO program_revisions VALUES(15,1,1,'2025-06-27 23:37:26','2025-06-27 23:37:26','{"title":{"en":"Taekwondo"},"slug":{"en":"taekwondo"},"tagline":"The Korean Art of Self-Defense","cmsSaveType":"update","published":true,"public":false,"publish_start_date":null,"publish_end_date":null,"languages":[{"shortlabel":"EN","label":"English","value":"en","disabled":false,"published":true}],"parent_id":0,"medias":[],"browsers":[],"blocks":[{"id":11,"type":"a17-block-common-image","is_repeater":false,"editor_name":"default","content":[],"medias":{"common_image":[{"id":11,"name":"Gemini_Generated_Image_e25k7be25k7be25k.jpg","thumbnail":"http:\/\/nlmaf.dvl.to:8000\/img\/640f7751-172b-4e83-b84a-ff0db549e635\/gemini-generated-image-e25k7be25k7be25k.jpg?fm=jpg&q=60&fit=max&dpr=1&h=256","original":"http:\/\/nlmaf.dvl.to:8000\/img\/640f7751-172b-4e83-b84a-ff0db549e635\/gemini-generated-image-e25k7be25k7be25k.jpg","medium":"http:\/\/nlmaf.dvl.to:8000\/img\/640f7751-172b-4e83-b84a-ff0db549e635\/gemini-generated-image-e25k7be25k7be25k.jpg?fm=jpg&q=80&fit=max&h=430","width":2048,"height":2048,"tags":[],"deleteUrl":null,"updateUrl":"http:\/\/nlmaf.dvl.to:8000\/admin\/media-library\/medias\/single-update","updateBulkUrl":"http:\/\/nlmaf.dvl.to:8000\/admin\/media-library\/medias\/bulk-update","deleteBulkUrl":"http:\/\/nlmaf.dvl.to:8000\/admin\/media-library\/medias\/bulk-delete","metadatas":{"default":{"caption":null,"altText":"Gemini Generated Image e25k7be25k7be25k","video":null},"custom":{"caption":null,"altText":null,"video":null}},"pivot_id":61,"crops":{"desktop":{"pivot_id":61,"name":"desktop","width":2048,"height":1152,"x":0,"y":64},"tablet":{"pivot_id":62,"name":"tablet","width":2048,"height":1536,"x":0,"y":64},"mobile":{"pivot_id":63,"name":"mobile","width":2048,"height":2048,"x":0,"y":0}}}]},"browsers":[],"blocks":[]}],"repeaters":[]}');
INSERT INTO program_revisions VALUES(16,1,1,'2025-06-27 23:37:33','2025-06-27 23:37:33','{"title":{"en":"Taekwondo"},"slug":{"en":"taekwondo"},"tagline":"The Korean Art of Self-Defense","cmsSaveType":"update","published":true,"public":false,"publish_start_date":null,"publish_end_date":null,"languages":[{"shortlabel":"EN","label":"English","value":"en","disabled":false,"published":true}],"parent_id":0,"medias":[],"browsers":[],"blocks":[{"id":11,"type":"a17-block-common-image","is_repeater":false,"editor_name":"default","content":[],"medias":{"common_image":[{"id":11,"name":"Gemini_Generated_Image_e25k7be25k7be25k.jpg","thumbnail":"http:\/\/nlmaf.dvl.to:8000\/img\/640f7751-172b-4e83-b84a-ff0db549e635\/gemini-generated-image-e25k7be25k7be25k.jpg?fm=jpg&q=60&fit=max&dpr=1&h=256","original":"http:\/\/nlmaf.dvl.to:8000\/img\/640f7751-172b-4e83-b84a-ff0db549e635\/gemini-generated-image-e25k7be25k7be25k.jpg","medium":"http:\/\/nlmaf.dvl.to:8000\/img\/640f7751-172b-4e83-b84a-ff0db549e635\/gemini-generated-image-e25k7be25k7be25k.jpg?fm=jpg&q=80&fit=max&h=430","width":2048,"height":2048,"tags":[],"deleteUrl":null,"updateUrl":"http:\/\/nlmaf.dvl.to:8000\/admin\/media-library\/medias\/single-update","updateBulkUrl":"http:\/\/nlmaf.dvl.to:8000\/admin\/media-library\/medias\/bulk-update","deleteBulkUrl":"http:\/\/nlmaf.dvl.to:8000\/admin\/media-library\/medias\/bulk-delete","metadatas":{"default":{"caption":null,"altText":"Gemini Generated Image e25k7be25k7be25k","video":null},"custom":{"caption":null,"altText":null,"video":null}},"pivot_id":61,"crops":{"desktop":{"pivot_id":61,"name":"desktop","width":2048,"height":1152,"x":0,"y":64},"tablet":{"pivot_id":62,"name":"tablet","width":2048,"height":1536,"x":0,"y":64},"mobile":{"pivot_id":63,"name":"mobile","width":2048,"height":2048,"x":0,"y":0}}}]},"browsers":[],"blocks":[]}],"repeaters":{"programBelts":[{"id":1751081852380,"is_repeater":false,"medias":[],"browsers":[],"blocks":[],"name":"No Belt","color":null,"category":"beginner","program_id":1,"position":1,"requirements":null,"repeater_target_id":1},{"id":1751081852682,"is_repeater":false,"medias":[],"browsers":[],"blocks":[],"name":"White","color":"#f5eded","category":"beginner","program_id":1,"position":2,"requirements":null,"repeater_target_id":2}]}}');
INSERT INTO program_revisions VALUES(17,1,1,'2025-06-27 23:42:49','2025-06-27 23:42:49','{"title":{"en":"Taekwondo"},"slug":{"en":"taekwondo"},"tagline":"The Korean Art of Self-Defense","cmsSaveType":"update","published":true,"public":false,"publish_start_date":null,"publish_end_date":null,"languages":[{"shortlabel":"EN","label":"English","value":"en","disabled":false,"published":true}],"parent_id":0,"medias":[],"browsers":[],"blocks":[{"id":11,"type":"a17-block-common-image","is_repeater":false,"editor_name":"default","content":[],"medias":{"common_image":[{"id":11,"name":"Gemini_Generated_Image_e25k7be25k7be25k.jpg","thumbnail":"http:\/\/nlmaf.dvl.to:8000\/img\/640f7751-172b-4e83-b84a-ff0db549e635\/gemini-generated-image-e25k7be25k7be25k.jpg?fm=jpg&q=60&fit=max&dpr=1&h=256","original":"http:\/\/nlmaf.dvl.to:8000\/img\/640f7751-172b-4e83-b84a-ff0db549e635\/gemini-generated-image-e25k7be25k7be25k.jpg","medium":"http:\/\/nlmaf.dvl.to:8000\/img\/640f7751-172b-4e83-b84a-ff0db549e635\/gemini-generated-image-e25k7be25k7be25k.jpg?fm=jpg&q=80&fit=max&h=430","width":2048,"height":2048,"tags":[],"deleteUrl":null,"updateUrl":"http:\/\/nlmaf.dvl.to:8000\/admin\/media-library\/medias\/single-update","updateBulkUrl":"http:\/\/nlmaf.dvl.to:8000\/admin\/media-library\/medias\/bulk-update","deleteBulkUrl":"http:\/\/nlmaf.dvl.to:8000\/admin\/media-library\/medias\/bulk-delete","metadatas":{"default":{"caption":null,"altText":"Gemini Generated Image e25k7be25k7be25k","video":null},"custom":{"caption":null,"altText":null,"video":null}},"pivot_id":61,"crops":{"desktop":{"pivot_id":61,"name":"desktop","width":2048,"height":1152,"x":0,"y":64},"tablet":{"pivot_id":62,"name":"tablet","width":2048,"height":1536,"x":0,"y":64},"mobile":{"pivot_id":63,"name":"mobile","width":2048,"height":2048,"x":0,"y":0}}}]},"browsers":[],"blocks":[]}],"repeaters":{"programBelts":[{"id":1751082167694,"is_repeater":false,"medias":[],"browsers":[],"blocks":[],"name":"No Belt","color":null,"category":"beginner","program_id":1,"position":1,"requirements":null,"repeater_target_id":1},{"id":1751082167799,"is_repeater":false,"medias":[],"browsers":[],"blocks":[],"name":"White","color":"#f5eded","category":"beginner","program_id":1,"position":2,"requirements":null,"repeater_target_id":2}]}}');
INSERT INTO program_revisions VALUES(18,1,1,'2025-06-27 23:50:46','2025-06-27 23:50:46','{"title":{"en":"Taekwondo"},"slug":{"en":"taekwondo"},"tagline":"The Korean Art of Self-Defense","cmsSaveType":"update","published":true,"public":false,"publish_start_date":null,"publish_end_date":null,"languages":[{"shortlabel":"EN","label":"English","value":"en","disabled":false,"published":true}],"parent_id":0,"medias":[],"browsers":[],"blocks":[{"id":11,"type":"a17-block-common-image","is_repeater":false,"editor_name":"default","content":[],"medias":{"common_image":[{"id":11,"name":"Gemini_Generated_Image_e25k7be25k7be25k.jpg","thumbnail":"http:\/\/nlmaf.dvl.to:8000\/img\/640f7751-172b-4e83-b84a-ff0db549e635\/gemini-generated-image-e25k7be25k7be25k.jpg?fm=jpg&q=60&fit=max&dpr=1&h=256","original":"http:\/\/nlmaf.dvl.to:8000\/img\/640f7751-172b-4e83-b84a-ff0db549e635\/gemini-generated-image-e25k7be25k7be25k.jpg","medium":"http:\/\/nlmaf.dvl.to:8000\/img\/640f7751-172b-4e83-b84a-ff0db549e635\/gemini-generated-image-e25k7be25k7be25k.jpg?fm=jpg&q=80&fit=max&h=430","width":2048,"height":2048,"tags":[],"deleteUrl":null,"updateUrl":"http:\/\/nlmaf.dvl.to:8000\/admin\/media-library\/medias\/single-update","updateBulkUrl":"http:\/\/nlmaf.dvl.to:8000\/admin\/media-library\/medias\/bulk-update","deleteBulkUrl":"http:\/\/nlmaf.dvl.to:8000\/admin\/media-library\/medias\/bulk-delete","metadatas":{"default":{"caption":null,"altText":"Gemini Generated Image e25k7be25k7be25k","video":null},"custom":{"caption":null,"altText":null,"video":null}},"pivot_id":61,"crops":{"desktop":{"pivot_id":61,"name":"desktop","width":2048,"height":1152,"x":0,"y":64},"tablet":{"pivot_id":62,"name":"tablet","width":2048,"height":1536,"x":0,"y":64},"mobile":{"pivot_id":63,"name":"mobile","width":2048,"height":2048,"x":0,"y":0}}}]},"browsers":[],"blocks":[]}],"repeaters":[]}');
INSERT INTO program_revisions VALUES(19,1,1,'2025-06-27 23:58:17','2025-06-27 23:58:17','{"title":{"en":"Taekwondo"},"slug":{"en":"taekwondo"},"tagline":{"en":"The Korean art of self-defense."},"cmsSaveType":"update","published":true,"public":false,"publish_start_date":null,"publish_end_date":null,"languages":[{"shortlabel":"EN","label":"English","value":"en","disabled":false,"published":true}],"parent_id":0,"medias":[],"browsers":[],"blocks":[{"id":11,"type":"a17-block-common-image","is_repeater":false,"editor_name":"default","content":[],"medias":{"common_image":[{"id":11,"name":"Gemini_Generated_Image_e25k7be25k7be25k.jpg","thumbnail":"http:\/\/nlmaf.dvl.to:8000\/img\/640f7751-172b-4e83-b84a-ff0db549e635\/gemini-generated-image-e25k7be25k7be25k.jpg?fm=jpg&q=60&fit=max&dpr=1&h=256","original":"http:\/\/nlmaf.dvl.to:8000\/img\/640f7751-172b-4e83-b84a-ff0db549e635\/gemini-generated-image-e25k7be25k7be25k.jpg","medium":"http:\/\/nlmaf.dvl.to:8000\/img\/640f7751-172b-4e83-b84a-ff0db549e635\/gemini-generated-image-e25k7be25k7be25k.jpg?fm=jpg&q=80&fit=max&h=430","width":2048,"height":2048,"tags":[],"deleteUrl":null,"updateUrl":"http:\/\/nlmaf.dvl.to:8000\/admin\/media-library\/medias\/single-update","updateBulkUrl":"http:\/\/nlmaf.dvl.to:8000\/admin\/media-library\/medias\/bulk-update","deleteBulkUrl":"http:\/\/nlmaf.dvl.to:8000\/admin\/media-library\/medias\/bulk-delete","metadatas":{"default":{"caption":null,"altText":"Gemini Generated Image e25k7be25k7be25k","video":null},"custom":{"caption":null,"altText":null,"video":null}},"pivot_id":61,"crops":{"desktop":{"pivot_id":61,"name":"desktop","width":2048,"height":1152,"x":0,"y":64},"tablet":{"pivot_id":62,"name":"tablet","width":2048,"height":1536,"x":0,"y":64},"mobile":{"pivot_id":63,"name":"mobile","width":2048,"height":2048,"x":0,"y":0}}}]},"browsers":[],"blocks":[]}],"repeaters":[]}');
CREATE TABLE IF NOT EXISTS "profile_program" ("profile_id" integer not null, "program_id" integer not null, "position" integer not null, "belt_id" integer, created_at TIMESTAMP NOT NULL DEFAULT TIMESTAMP, updated_at TIMESTAMP NOT NULL DEFAULT TIMESTAMP, deleted_at TIMESTAMP NULL DEFAULT NULL, "program_belt_id" integer, foreign key("program_id") references programs("id") on delete cascade on update no action, foreign key("profile_id") references profiles("id") on delete cascade on update no action, foreign key("belt_id") references "belts"("id") on delete set null);
INSERT INTO profile_program VALUES(3,1,1,NULL,'TIMESTAMP','TIMESTAMP',NULL,NULL);
INSERT INTO profile_program VALUES(1,1,1,NULL,'TIMESTAMP','TIMESTAMP',NULL,NULL);
CREATE TABLE IF NOT EXISTS "profile_program_belt" ("id" integer primary key autoincrement not null, "profile_id" integer not null, "program_belt_id" integer not null, "created_at" datetime, "updated_at" datetime, foreign key("profile_id") references "profiles"("id") on delete cascade, foreign key("program_belt_id") references "program_belts"("id") on delete cascade);
INSERT INTO profile_program_belt VALUES(1,3,1,NULL,NULL);
CREATE TABLE IF NOT EXISTS "profiles" ("id" integer primary key autoincrement not null, "deleted_at" datetime, "created_at" datetime, "updated_at" datetime, "published" tinyint(1) not null default ('0'), "first_name" varchar, "last_name" varchar, "bio" text, "email" varchar, "program_user_id" integer, "address" varchar, "city" varchar, "state" varchar, "zip" varchar, "user_id" integer not null, "name" varchar(255) not null, "program_belt_id" int(20) default (NULL), "current_belt" integer, foreign key("user_id") references users("id") on delete cascade on update cascade, foreign key("current_belt") references "program_belts"("id"));
INSERT INTO profiles VALUES(1,NULL,'2025-06-23 18:15:21','2025-06-27 18:02:51',0,'Fattest','Benny',NULL,'fat@benny.com',NULL,NULL,NULL,NULL,NULL,1,'Fattest Benny',NULL,NULL);
INSERT INTO profiles VALUES(3,NULL,'2025-06-23 21:14:03','2025-07-02 21:58:33',0,'Deverick','Strand',NULL,'dev@nolimitsmaf.com',NULL,NULL,NULL,NULL,NULL,3,'Deverick Strand',NULL,1);
CREATE TABLE IF NOT EXISTS "program_belts" ("id" integer primary key autoincrement not null, "deleted_at" datetime, "created_at" datetime, "updated_at" datetime, "published" tinyint(1) not null default '0', "name" varchar, "category" varchar, "color" varchar, "program_id" integer not null, "position" integer, "profile_id" integer, "requirements" text);
INSERT INTO program_belts VALUES(5,NULL,'2025-07-02 23:57:02','2025-07-02 23:57:02',0,'No Belt',NULL,NULL,1,1,NULL,NULL);
CREATE TABLE IF NOT EXISTS "program_belt_slugs" ("id" integer primary key autoincrement not null, "program_belt_id" integer not null, "deleted_at" datetime, "created_at" datetime, "updated_at" datetime, "slug" varchar not null, "locale" varchar not null, "active" tinyint(1) not null, foreign key("program_belt_id") references "program_belts"("id") on delete CASCADE on update NO ACTION);
INSERT INTO program_belt_slugs VALUES(1,1,NULL,'2025-06-30 00:35:31','2025-07-02 18:35:18','no-belt','en',1);
INSERT INTO program_belt_slugs VALUES(2,2,NULL,'2025-06-30 00:37:24','2025-07-02 18:39:28','white','en',1);
INSERT INTO program_belt_slugs VALUES(3,3,NULL,'2025-07-02 18:39:51','2025-07-02 18:43:52','yellow','en',1);
INSERT INTO program_belt_slugs VALUES(4,4,NULL,'2025-07-02 18:44:11','2025-07-02 23:48:28','orange','en',1);
INSERT INTO program_belt_slugs VALUES(5,5,NULL,'2025-07-02 23:57:02','2025-07-02 23:57:02','no-belt-2','en',1);
CREATE TABLE IF NOT EXISTS "belts" ("id" integer primary key autoincrement not null, "deleted_at" datetime, "created_at" datetime, "updated_at" datetime, "published" tinyint(1) not null default '0', "program_id" integer not null);
CREATE TABLE IF NOT EXISTS "belt_translations" ("id" integer primary key autoincrement not null, "belt_id" integer not null, "deleted_at" datetime, "created_at" datetime, "updated_at" datetime, "locale" varchar not null, "active" tinyint(1) not null default '0', "name" varchar, "category" varchar, "color" varchar, foreign key("belt_id") references "belts"("id") on delete CASCADE);
INSERT INTO sqlite_sequence VALUES('migrations',61);
INSERT INTO sqlite_sequence VALUES('twill_fileables',0);
INSERT INTO sqlite_sequence VALUES('activity_log',217);
INSERT INTO sqlite_sequence VALUES('twill_users',1);
INSERT INTO sqlite_sequence VALUES('homes',1);
INSERT INTO sqlite_sequence VALUES('home_translations',1);
INSERT INTO sqlite_sequence VALUES('home_revisions',7);
INSERT INTO sqlite_sequence VALUES('twill_blocks',70);
INSERT INTO sqlite_sequence VALUES('twill_medias',12);
INSERT INTO sqlite_sequence VALUES('twill_mediables',66);
INSERT INTO sqlite_sequence VALUES('pages',1);
INSERT INTO sqlite_sequence VALUES('page_slugs',1);
INSERT INTO sqlite_sequence VALUES('page_translations',1);
INSERT INTO sqlite_sequence VALUES('page_revisions',6);
INSERT INTO sqlite_sequence VALUES('navigations',3);
INSERT INTO sqlite_sequence VALUES('navigation_translations',3);
INSERT INTO sqlite_sequence VALUES('programs',3);
INSERT INTO sqlite_sequence VALUES('program_slugs',3);
INSERT INTO sqlite_sequence VALUES('program_translations',3);
INSERT INTO sqlite_sequence VALUES('program_revisions',19);
INSERT INTO sqlite_sequence VALUES('users',3);
INSERT INTO sqlite_sequence VALUES('profile_slugs',5);
INSERT INTO sqlite_sequence VALUES('profile_translations',2);
INSERT INTO sqlite_sequence VALUES('twill_related',1);
INSERT INTO sqlite_sequence VALUES('profile_program_belt',1);
INSERT INTO sqlite_sequence VALUES('profiles',3);
INSERT INTO sqlite_sequence VALUES('program_belts',5);
INSERT INTO sqlite_sequence VALUES('program_belt_slugs',5);
CREATE UNIQUE INDEX "users_email_unique" on "users" ("email");
CREATE INDEX "sessions_user_id_index" on "sessions" ("user_id");
CREATE INDEX "sessions_last_activity_index" on "sessions" ("last_activity");
CREATE INDEX "jobs_queue_index" on "jobs" ("queue");
CREATE UNIQUE INDEX "failed_jobs_uuid_unique" on "failed_jobs" ("uuid");
CREATE UNIQUE INDEX "twill_users_email_unique" on "twill_users" ("email");
CREATE INDEX "twill_blocks_blockable_type_blockable_id_index" on "twill_blocks" ("blockable_type", "blockable_id");
CREATE INDEX "twill_mediables_mediable_type_mediable_id_index" on "twill_mediables" ("mediable_type", "mediable_id");
CREATE INDEX "twill_settings_key_index" on "twill_settings" ("key");
CREATE INDEX "twill_settings_section_index" on "twill_settings" ("section");
CREATE UNIQUE INDEX "twill_setting_id_locale_unique" on "twill_setting_translations" ("twill_setting_id", "locale");
CREATE INDEX "twill_setting_translations_locale_index" on "twill_setting_translations" ("locale");
CREATE INDEX "twill_tagged_taggable_type_taggable_id_index" on "twill_tagged" ("taggable_type", "taggable_id");
CREATE UNIQUE INDEX "twill_features_unique" on "twill_features" ("featured_id", "featured_type", "bucket_key");
CREATE INDEX "twill_features_bucket_key_index" on "twill_features" ("bucket_key");
CREATE UNIQUE INDEX "related_unique" on "twill_related" ("subject_id", "subject_type", "related_id", "related_type", "browser_name");
CREATE INDEX "twill_related_browser_name_index" on "twill_related" ("browser_name");
CREATE INDEX "twill_mediables_locale_index" on "twill_mediables" ("locale");
CREATE INDEX "twill_fileables_fileable_type_fileable_id_index" on "twill_fileables" ("fileable_type", "fileable_id");
CREATE INDEX "twill_fileables_locale_index" on "twill_fileables" ("locale");
CREATE INDEX "activity_log_log_name_index" on "activity_log" ("log_name");
CREATE INDEX "twill_password_resets_email_index" on "twill_password_resets" ("email");
CREATE INDEX "twill_password_resets_token_index" on "twill_password_resets" ("token");
CREATE INDEX "personal_access_tokens_tokenable_type_tokenable_id_index" on "personal_access_tokens" ("tokenable_type", "tokenable_id");
CREATE UNIQUE INDEX "personal_access_tokens_token_unique" on "personal_access_tokens" ("token");
CREATE UNIQUE INDEX "home_id_locale_unique" on "home_translations" ("home_id", "locale");
CREATE INDEX "home_translations_locale_index" on "home_translations" ("locale");
CREATE INDEX "navigations__lft__rgt_parent_id_index" on "navigations" ("_lft", "_rgt", "parent_id");
CREATE UNIQUE INDEX "navigation_id_locale_unique" on "navigation_translations" ("navigation_id", "locale");
CREATE INDEX "navigation_translations_locale_index" on "navigation_translations" ("locale");
CREATE INDEX "pages__lft__rgt_parent_id_index" on "pages" ("_lft", "_rgt", "parent_id");
CREATE UNIQUE INDEX "page_id_locale_unique" on "page_translations" ("page_id", "locale");
CREATE INDEX "page_translations_locale_index" on "page_translations" ("locale");
CREATE INDEX "page_slugs_locale_index" on "page_slugs" ("locale");
CREATE UNIQUE INDEX "profile_id_locale_unique" on "profile_translations" ("profile_id", "locale");
CREATE INDEX "profile_translations_locale_index" on "profile_translations" ("locale");
CREATE INDEX "profile_slugs_locale_index" on "profile_slugs" ("locale");
CREATE UNIQUE INDEX "roles_name_unique" on "roles" ("name");
CREATE INDEX "programs__lft__rgt_parent_id_index" on "programs" ("_lft", "_rgt", "parent_id");
CREATE UNIQUE INDEX "program_id_locale_unique" on "program_translations" ("program_id", "locale");
CREATE INDEX "program_translations_locale_index" on "program_translations" ("locale");
CREATE INDEX "program_slugs_locale_index" on "program_slugs" ("locale");
CREATE INDEX "idx_profile_program_ubg6m" on "profile_program" ("program_id", "profile_id");
CREATE INDEX "profile_program_position_index" on "profile_program" ("position");
CREATE INDEX "program_belt_slugs_locale_index" on "program_belt_slugs" ("locale");
CREATE UNIQUE INDEX "belt_id_locale_unique" on "belt_translations" ("belt_id", "locale");
CREATE INDEX "belt_translations_locale_index" on "belt_translations" ("locale");
COMMIT;
