
BEGIN TRANSACTION;
CREATE TABLE IF NOT EXISTS "migrations" ("id" integer primary key , "migration" varchar not null, "batch" integer not null);
INSERT INTO migrations VALUES(1,'0001_01_01_000000_create_users_table',1);
INSERT INTO migrations VALUES(2,'0001_01_01_000001_create_cache_table',1);
INSERT INTO migrations VALUES(3,'0001_01_01_000002_create_jobs_table',1);
INSERT INTO migrations VALUES(4,'2020_02_09_000001_create_twill_default_users_tables',1);
INSERT INTO migrations VALUES(5,'2020_02_09_000002_create_twill_default_blocks_table',1);
INSERT INTO migrations VALUES(6,'2020_02_09_000003_create_twill_default_medias_tables',1);
INSERT INTO migrations VALUES(7,'2020_02_09_000004_create_twill_default_files_tables',1);
INSERT INTO migrations VALUES(8,'2020_02_09_000005_create_twill_default_settings_table',1);
INSERT INTO migrations VALUES(9,'2020_02_09_000006_create_twill_default_tags_tables',1);
INSERT INTO migrations VALUES(10,'2020_02_09_000007_create_twill_default_activity_log_table',1);
INSERT INTO migrations VALUES(11,'2020_02_09_000008_create_twill_default_features_table',1);
INSERT INTO migrations VALUES(12,'2020_02_09_000010_create_twill_default_related_table',1);
INSERT INTO migrations VALUES(13,'2020_02_09_000011_add_locale_column_to_twill_default-mediables',1);
INSERT INTO migrations VALUES(14,'2020_02_09_000012_change_locale_column_in_twill_default_fileables',1);
INSERT INTO migrations VALUES(15,'2020_02_09_000013_add_language_column_to_twill_default_users',1);
INSERT INTO migrations VALUES(16,'2020_02_09_000014_add_editor_name_column_to_blocks_table',1);
INSERT INTO migrations VALUES(17,'2020_02_09_000015_add_position_to_twill_default_mediables_table',1);
INSERT INTO migrations VALUES(18,'2020_02_09_000016_add_position_to_twill_default_fileables_table',1);
INSERT INTO migrations VALUES(19,'2021_07_08_000001_update_twill_default_users_table',1);
INSERT INTO migrations VALUES(20,'2022_01_25_000015_add_columns_to_activity_log_table',1);
INSERT INTO migrations VALUES(21,'2022_04_05_000015_update_activity_log_morph_size',1);
INSERT INTO migrations VALUES(22,'2022_08_29_110837_create_app_settings_tables',1);
INSERT INTO migrations VALUES(23,'2023_01_17_111835_add_cascade_on_delete_to_password_resets',1);
INSERT INTO migrations VALUES(24,'2023_01_22_113529_fix_component_block_names',1);
INSERT INTO migrations VALUES(25,'2023_01_22_113529_fix_component_block_names_2',1);
INSERT INTO migrations VALUES(26,'2023_03_24_125122_add_id_to_related',1);
INSERT INTO migrations VALUES(27,'2025_06_13_070227_add_two_factor_columns_to_users_table',1);
INSERT INTO migrations VALUES(28,'2025_06_13_070234_create_personal_access_tokens_table',1);
INSERT INTO migrations VALUES(29,'2025_06_13_142856_create_homes_tables',1);
INSERT INTO migrations VALUES(30,'2025_06_17_162408_create_navigations_tables',1);
INSERT INTO migrations VALUES(31,'2025_06_17_164913_create_pages_tables',1);
INSERT INTO migrations VALUES(32,'2025_06_18_173658_add_program_revisions_table',1);
INSERT INTO migrations VALUES(33,'2025_06_18_174134_create_program_slugs_table',1);
INSERT INTO migrations VALUES(34,'2025_06_19_025726_create_profiles_tables',2);
INSERT INTO migrations VALUES(35,'2025_06_19_153926_create_roles_table',2);
INSERT INTO migrations VALUES(36,'2025_06_19_154611_create_profile_role_table',2);
INSERT INTO migrations VALUES(37,'2025_06_19_154634_create_profile_program_table',2);
INSERT INTO migrations VALUES(38,'2025_06_23_150042_create_programs_tables',3);
INSERT INTO migrations VALUES(40,'2025_06_23_213721_create_profile_program_table',4);
INSERT INTO migrations VALUES(41,'2025_06_24_231916_modify_profile_program_for_belts_table',5);
INSERT INTO migrations VALUES(42,'2025_06_25_071611_create_belt_revisions_table',6);
INSERT INTO migrations VALUES(43,'2025_06_25_071926_create_belt_slugs_table',7);
INSERT INTO migrations VALUES(44,'2025_06_25_072019_create_belt_translations_table',8);
INSERT INTO migrations VALUES(45,'2025_06_25_075122_create_belt_requirements_tables',9);
INSERT INTO migrations VALUES(47,'2025_06_25_111715_create_belts_table_2',10);
INSERT INTO migrations VALUES(48,'2025_06_26_213159_create_program_belts_tables',11);
INSERT INTO migrations VALUES(49,'2025_06_27_173814_add_current_belt_id_to_profiles_table',12);
INSERT INTO migrations VALUES(52,'2025_06_28_000313_create_program_belts_tables',13);
INSERT INTO migrations VALUES(53,'2025_06_28_215503_create_profile_program_belt_table',14);
INSERT INTO migrations VALUES(54,'2025_06_28_215835_add_current_belt_to_profiles_table',15);
INSERT INTO migrations VALUES(55,'2025_06_28_223419_create_program_belts_tables',16);
INSERT INTO migrations VALUES(56,'2025_06_28_231433_create_profile_belt_requirements_table',17);
INSERT INTO migrations VALUES(57,'2025_06_28_231414_add_belt_to_profile_program_table',18);
INSERT INTO migrations VALUES(58,'2025_06_28_235148_create_program_belt_slugs_table',19);
INSERT INTO migrations VALUES(59,'2025_06_29_235507_create_belts_tables',20);
INSERT INTO migrations VALUES(60,'2025_07_01_000412_add_foregin_key_to_program_belts_table',21);
INSERT INTO migrations VALUES(61,'2025_07_01_013034_add_requirements_to_program_belts_table',22);
INSERT INTO migrations VALUES(62,'2025_01_01_000000_add_requirements_progress_to_profiles_table',23);
INSERT INTO migrations VALUES(63,'2025_07_03_012947_create_news_tables',24);
CREATE TABLE IF NOT EXISTS "users" ("id" integer primary key , "name" varchar not null, "email" varchar not null, "email_verified_at" timestamp, "password" varchar not null, "remember_token" varchar, "current_team_id" integer, "profile_photo_path" varchar, "created_at" timestamp, "updated_at" timestamp, "two_factor_secret" text, "two_factor_recovery_codes" text, "two_factor_confirmed_at" timestamp, first_name VARCHAR(255) NOT NULL, last_name VARCHAR(255) NOT NULL);
INSERT INTO users VALUES(1,'Fattest Benny','fat@benny.com',NULL,'$2y$12$1B8Px2hC8hmriwQIVnM/sureh02hOPiCYA/XH9JyLPNwtHoAZqtBS',NULL,NULL,NULL,'2025-06-23 18:15:20','2025-06-24 03:21:54',NULL,NULL,NULL,'Fattest','Benny');
INSERT INTO users VALUES(3,'Deverick Strand','dev@nolimitsmaf.com',NULL,'$2y$12$u4OfZE6WSCJpj37mVXQAHe9UO07J9zgTd/biFlGQba5XmHX/dhqdC',NULL,NULL,'profile-photos/iVRPqyQU3rUKtdHwdEkdGhhn8BAbwcTZw84EWaSV.jpg','2025-06-23 21:14:03','2025-07-04 23:20:56',NULL,NULL,NULL,'Deverick','Strand');
CREATE TABLE IF NOT EXISTS "password_reset_tokens" ("email" varchar not null, "token" varchar not null, "created_at" timestamp, primary key ("email"));
CREATE TABLE IF NOT EXISTS "sessions" ("id" varchar not null, "user_id" integer, "ip_address" varchar, "user_agent" text, "payload" text not null, "last_activity" integer not null, primary key ("id"));
INSERT INTO sessions VALUES('KCq5cTLE6zfWssrw6xaPWV3O4MnXLJU5JJUsukLV',3,'127.0.0.1','Mozilla/5.0 (Macintosh; Intel Mac OS X 10_15_7) AppleWebKit/537.36 (KHTML, like Gecko) Chrome/138.0.0.0 Safari/537.36 Edg/138.0.0.0','YToxMzp7czo2OiJfdG9rZW4iO3M6NDA6IjdqdmlOcWVodlo5Sk1HOGgxMVFSeWVYM0t4RmVHMHBlakdseVFWcHMiO3M6NjoiX2ZsYXNoIjthOjI6e3M6Mzoib2xkIjthOjA6e31zOjM6Im5ldyI7YTowOnt9fXM6OToiX3ByZXZpb3VzIjthOjE6e3M6MzoidXJsIjtzOjkyOiJodHRwOi8vbmxtYWYuZHZsLnRvOjgwMDAvc3RvcmFnZS9wcm9maWxlLXBob3Rvcy9pVlJQcXlRVTNyVUt0ZEh3ZEVrZEdoaG44QkFid2NUWnc4NEVXYVNWLmpwZyI7fXM6MzoidXJsIjthOjA6e31zOjUwOiJsb2dpbl93ZWJfNTliYTM2YWRkYzJiMmY5NDAxNTgwZjAxNGM3ZjU4ZWE0ZTMwOTg5ZCI7aTozO3M6NTg6ImxvZ2luX3R3aWxsX3VzZXJzXzU5YmEzNmFkZGMyYjJmOTQwMTU4MGYwMTRjN2Y1OGVhNGUzMDk4OWQiO2k6MTtzOjQ6ImF1dGgiO2E6MTp7czoyMToicGFzc3dvcmRfY29uZmlybWVkX2F0IjtpOjE3NTE3NjAzNzA7fXM6MjI6IlBIUERFQlVHQkFSX1NUQUNLX0RBVEEiO2E6MDp7fXM6MTg6InByb2ZpbGVzX2JhY2tfbGluayI7czozOToiaHR0cDovL25sbWFmLmR2bC50bzo4MDAwL2FkbWluL3Byb2ZpbGVzIjtzOjE1OiJwYWdlc19iYWNrX2xpbmsiO3M6MzU6Imh0dHA6Ly9ubG1hZi5kdmwudG86ODAwMC9hZG1pbi9ob21lIjtzOjg6InByb2dyYW1zIjthOjE6e3M6MTU6ImJlbHRzX2JhY2tfbGluayI7czo0NzoiaHR0cDovL25sbWFmLmR2bC50bzo4MDAwL2FkbWluL3Byb2dyYW1zLzEvYmVsdHMiO31zOjIxOiJwYXNzd29yZF9oYXNoX3NhbmN0dW0iO3M6NjA6IiQyeSQxMiR1NE9mWkU2V1NDSnBqMzdtVlhRQUhlOVVPMDdKOXpnVGQvYmlGbEdRYmE1WG1IWC9kaHFkQyI7czoxOToidHdvX2ZhY3Rvcl9lbXB0eV9hdCI7aToxNzUxNzYwNDk1O30=',1751760500);
CREATE TABLE IF NOT EXISTS "cache" ("key" varchar not null, "value" text not null, "expiration" integer not null, primary key ("key"));
INSERT INTO cache VALUES('nlmaf_cache_program.en.taekwondo','TzoxODoiQXBwXE1vZGVsc1xQcm9ncmFtIjo0MDp7czoxMzoiACoAY29ubmVjdGlvbiI7czo2OiJzcWxpdGUiO3M6ODoiACoAdGFibGUiO3M6ODoicHJvZ3JhbXMiO3M6MTM6IgAqAHByaW1hcnlLZXkiO3M6MjoiaWQiO3M6MTA6IgAqAGtleVR5cGUiO3M6MzoiaW50IjtzOjEyOiJpbmNyZW1lbnRpbmciO2I6MTtzOjc6IgAqAHdpdGgiO2E6MDp7fXM6MTI6IgAqAHdpdGhDb3VudCI7YTowOnt9czoxOToicHJldmVudHNMYXp5TG9hZGluZyI7YjowO3M6MTA6IgAqAHBlclBhZ2UiO2k6MTU7czo2OiJleGlzdHMiO2I6MTtzOjE4OiJ3YXNSZWNlbnRseUNyZWF0ZWQiO2I6MDtzOjI4OiIAKgBlc2NhcGVXaGVuQ2FzdGluZ1RvU3RyaW5nIjtiOjA7czoxMzoiACoAYXR0cmlidXRlcyI7YToxMDp7czoyOiJpZCI7aToxO3M6MTA6ImRlbGV0ZWRfYXQiO047czoxMDoiY3JlYXRlZF9hdCI7czoxOToiMjAyNS0wNi0yMyAxNToxMDoxNiI7czoxMDoidXBkYXRlZF9hdCI7czoxOToiMjAyNS0wNi0yNyAyMzo1ODoxNyI7czo5OiJwdWJsaXNoZWQiO2k6MTtzOjg6InBvc2l0aW9uIjtpOjA7czo0OiJfbGZ0IjtpOjE7czo0OiJfcmd0IjtpOjY7czo5OiJwYXJlbnRfaWQiO047czo2OiJibG9ja3MiO086Mjk6IklsbHVtaW5hdGVcU3VwcG9ydFxDb2xsZWN0aW9uIjoyOntzOjg6IgAqAGl0ZW1zIjthOjE6e2k6MDthOjU6e3M6MTE6ImVkaXRvcl9uYW1lIjtzOjc6ImRlZmF1bHQiO3M6ODoicG9zaXRpb24iO2k6MTtzOjQ6InR5cGUiO3M6MTI6ImNvbW1vbi1pbWFnZSI7czo3OiJjb250ZW50IjthOjA6e31zOjY6Im1lZGlhcyI7YToxOntzOjEyOiJjb21tb25faW1hZ2UiO2E6Mzp7czo3OiJkZXNrdG9wIjthOjY6e3M6Mzoic3JjIjtzOjE1NToiaHR0cDovL25sbWFmLmR2bC50bzo4MDAwL2ltZy82NDBmNzc1MS0xNzJiLTRlODMtYjg0YS1mZjBkYjU0OWU2MzUvZ2VtaW5pLWdlbmVyYXRlZC1pbWFnZS1lMjVrN2JlMjVrN2JlMjVrLmpwZz9mbT1qcGcmcT04MCZmaXQ9bWF4JmNyb3A9MjA0OCUyQzExNTIlMkMwJTJDNjQiO3M6NToid2lkdGgiO2k6MjA0ODtzOjY6ImhlaWdodCI7aToxMTUyO3M6MzoiYWx0IjtzOjM5OiJHZW1pbmkgR2VuZXJhdGVkIEltYWdlIGUyNWs3YmUyNWs3YmUyNWsiO3M6NzoiY2FwdGlvbiI7czowOiIiO3M6NToidmlkZW8iO3M6MDoiIjt9czo2OiJ0YWJsZXQiO2E6Njp7czozOiJzcmMiO3M6MTU1OiJodHRwOi8vbmxtYWYuZHZsLnRvOjgwMDAvaW1nLzY0MGY3NzUxLTE3MmItNGU4My1iODRhLWZmMGRiNTQ5ZTYzNS9nZW1pbmktZ2VuZXJhdGVkLWltYWdlLWUyNWs3YmUyNWs3YmUyNWsuanBnP2ZtPWpwZyZxPTgwJmZpdD1tYXgmY3JvcD0yMDQ4JTJDMTUzNiUyQzAlMkM2NCI7czo1OiJ3aWR0aCI7aToyMDQ4O3M6NjoiaGVpZ2h0IjtpOjE1MzY7czozOiJhbHQiO3M6Mzk6IkdlbWluaSBHZW5lcmF0ZWQgSW1hZ2UgZTI1azdiZTI1azdiZTI1ayI7czo3OiJjYXB0aW9uIjtzOjA6IiI7czo1OiJ2aWRlbyI7czowOiIiO31zOjY6Im1vYmlsZSI7YTo2OntzOjM6InNyYyI7czoxNTQ6Imh0dHA6Ly9ubG1hZi5kdmwudG86ODAwMC9pbWcvNjQwZjc3NTEtMTcyYi00ZTgzLWI4NGEtZmYwZGI1NDllNjM1L2dlbWluaS1nZW5lcmF0ZWQtaW1hZ2UtZTI1azdiZTI1azdiZTI1ay5qcGc/Zm09anBnJnE9ODAmZml0PW1heCZjcm9wPTIwNDglMkMyMDQ4JTJDMCUyQzAiO3M6NToid2lkdGgiO2k6MjA0ODtzOjY6ImhlaWdodCI7aToyMDQ4O3M6MzoiYWx0IjtzOjM5OiJHZW1pbmkgR2VuZXJhdGVkIEltYWdlIGUyNWs3YmUyNWs3YmUyNWsiO3M6NzoiY2FwdGlvbiI7czowOiIiO3M6NToidmlkZW8iO3M6MDoiIjt9fX19fXM6Mjg6IgAqAGVzY2FwZVdoZW5DYXN0aW5nVG9TdHJpbmciO2I6MDt9fXM6MTE6IgAqAG9yaWdpbmFsIjthOjk6e3M6MjoiaWQiO2k6MTtzOjEwOiJkZWxldGVkX2F0IjtOO3M6MTA6ImNyZWF0ZWRfYXQiO3M6MTk6IjIwMjUtMDYtMjMgMTU6MTA6MTYiO3M6MTA6InVwZGF0ZWRfYXQiO3M6MTk6IjIwMjUtMDYtMjcgMjM6NTg6MTciO3M6OToicHVibGlzaGVkIjtpOjE7czo4OiJwb3NpdGlvbiI7aTowO3M6NDoiX2xmdCI7aToxO3M6NDoiX3JndCI7aTo2O3M6OToicGFyZW50X2lkIjtOO31zOjEwOiIAKgBjaGFuZ2VzIjthOjA6e31zOjg6IgAqAGNhc3RzIjthOjE6e3M6MTA6ImRlbGV0ZWRfYXQiO3M6ODoiZGF0ZXRpbWUiO31zOjE3OiIAKgBjbGFzc0Nhc3RDYWNoZSI7YTowOnt9czoyMToiACoAYXR0cmlidXRlQ2FzdENhY2hlIjthOjA6e31zOjEzOiIAKgBkYXRlRm9ybWF0IjtOO3M6MTA6IgAqAGFwcGVuZHMiO2E6MDp7fXM6MTk6IgAqAGRpc3BhdGNoZXNFdmVudHMiO2E6MDp7fXM6MTQ6IgAqAG9ic2VydmFibGVzIjthOjA6e31zOjEyOiIAKgByZWxhdGlvbnMiO2E6Mzp7czo1OiJzbHVncyI7TzozOToiSWxsdW1pbmF0ZVxEYXRhYmFzZVxFbG9xdWVudFxDb2xsZWN0aW9uIjoyOntzOjg6IgAqAGl0ZW1zIjthOjE6e2k6MDtPOjI4OiJBcHBcTW9kZWxzXFNsdWdzXFByb2dyYW1TbHVnIjozMzp7czoxMzoiACoAY29ubmVjdGlvbiI7czo2OiJzcWxpdGUiO3M6ODoiACoAdGFibGUiO3M6MTM6InByb2dyYW1fc2x1Z3MiO3M6MTM6IgAqAHByaW1hcnlLZXkiO3M6MjoiaWQiO3M6MTA6IgAqAGtleVR5cGUiO3M6MzoiaW50IjtzOjEyOiJpbmNyZW1lbnRpbmciO2I6MTtzOjc6IgAqAHdpdGgiO2E6MDp7fXM6MTI6IgAqAHdpdGhDb3VudCI7YTowOnt9czoxOToicHJldmVudHNMYXp5TG9hZGluZyI7YjowO3M6MTA6IgAqAHBlclBhZ2UiO2k6MTU7czo2OiJleGlzdHMiO2I6MTtzOjE4OiJ3YXNSZWNlbnRseUNyZWF0ZWQiO2I6MDtzOjI4OiIAKgBlc2NhcGVXaGVuQ2FzdGluZ1RvU3RyaW5nIjtiOjA7czoxMzoiACoAYXR0cmlidXRlcyI7YTo4OntzOjI6ImlkIjtpOjE7czoxMDoicHJvZ3JhbV9pZCI7aToxO3M6MTA6ImRlbGV0ZWRfYXQiO047czoxMDoiY3JlYXRlZF9hdCI7czoxOToiMjAyNS0wNi0yMyAxNToxMDoxNiI7czoxMDoidXBkYXRlZF9hdCI7czoxOToiMjAyNS0wNi0yNyAyMzo1ODoxNyI7czo0OiJzbHVnIjtzOjk6InRhZWt3b25kbyI7czo2OiJsb2NhbGUiO3M6MjoiZW4iO3M6NjoiYWN0aXZlIjtpOjE7fXM6MTE6IgAqAG9yaWdpbmFsIjthOjg6e3M6MjoiaWQiO2k6MTtzOjEwOiJwcm9ncmFtX2lkIjtpOjE7czoxMDoiZGVsZXRlZF9hdCI7TjtzOjEwOiJjcmVhdGVkX2F0IjtzOjE5OiIyMDI1LTA2LTIzIDE1OjEwOjE2IjtzOjEwOiJ1cGRhdGVkX2F0IjtzOjE5OiIyMDI1LTA2LTI3IDIzOjU4OjE3IjtzOjQ6InNsdWciO3M6OToidGFla3dvbmRvIjtzOjY6ImxvY2FsZSI7czoyOiJlbiI7czo2OiJhY3RpdmUiO2k6MTt9czoxMDoiACoAY2hhbmdlcyI7YTowOnt9czo4OiIAKgBjYXN0cyI7YToxOntzOjEwOiJkZWxldGVkX2F0IjtzOjg6ImRhdGV0aW1lIjt9czoxNzoiACoAY2xhc3NDYXN0Q2FjaGUiO2E6MDp7fXM6MjE6IgAqAGF0dHJpYnV0ZUNhc3RDYWNoZSI7YTowOnt9czoxMzoiACoAZGF0ZUZvcm1hdCI7TjtzOjEwOiIAKgBhcHBlbmRzIjthOjA6e31zOjE5OiIAKgBkaXNwYXRjaGVzRXZlbnRzIjthOjA6e31zOjE0OiIAKgBvYnNlcnZhYmxlcyI7YTowOnt9czoxMjoiACoAcmVsYXRpb25zIjthOjA6e31zOjEwOiIAKgB0b3VjaGVzIjthOjA6e31zOjEwOiJ0aW1lc3RhbXBzIjtiOjE7czoxMzoidXNlc1VuaXF1ZUlkcyI7YjowO3M6OToiACoAaGlkZGVuIjthOjA6e31zOjEwOiIAKgB2aXNpYmxlIjthOjA6e31zOjExOiIAKgBmaWxsYWJsZSI7YTowOnt9czoxMDoiACoAZ3VhcmRlZCI7YToxOntpOjA7czoxOiIqIjt9czoyMDoiACoAcHJlc2VudGVySW5zdGFuY2UiO047czoxNjoiACoAZm9yY2VEZWxldGluZyI7YjowO3M6MjA6InRyYW5zbGF0ZWRBdHRyaWJ1dGVzIjthOjA6e319fXM6Mjg6IgAqAGVzY2FwZVdoZW5DYXN0aW5nVG9TdHJpbmciO2I6MDt9czo2OiJwYXJlbnQiO047czo2OiJtZWRpYXMiO086Mzk6IklsbHVtaW5hdGVcRGF0YWJhc2VcRWxvcXVlbnRcQ29sbGVjdGlvbiI6Mjp7czo4OiIAKgBpdGVtcyI7YTowOnt9czoyODoiACoAZXNjYXBlV2hlbkNhc3RpbmdUb1N0cmluZyI7YjowO319czoxMDoiACoAdG91Y2hlcyI7YTowOnt9czoxMDoidGltZXN0YW1wcyI7YjoxO3M6MTM6InVzZXNVbmlxdWVJZHMiO2I6MDtzOjk6IgAqAGhpZGRlbiI7YTowOnt9czoxMDoiACoAdmlzaWJsZSI7YTowOnt9czoxMToiACoAZmlsbGFibGUiO2E6NDp7aTowO3M6OToicHVibGlzaGVkIjtpOjE7czo1OiJ0aXRsZSI7aToyO3M6NzoidGFnbGluZSI7aTozO3M6ODoicG9zaXRpb24iO31zOjEwOiIAKgBndWFyZGVkIjthOjE6e2k6MDtzOjE6IioiO31zOjIwOiIAKgBwcmVzZW50ZXJJbnN0YW5jZSI7TjtzOjE2OiIAKgBmb3JjZURlbGV0aW5nIjtiOjA7czoyMDoidHJhbnNsYXRlZEF0dHJpYnV0ZXMiO2E6Mjp7aTowO3M6NToidGl0bGUiO2k6MTtzOjc6InRhZ2xpbmUiO31zOjE0OiJzbHVnQXR0cmlidXRlcyI7YToxOntpOjA7czo1OiJ0aXRsZSI7fXM6MTY6InB1YmxpY0F0dHJpYnV0ZXMiO2E6NDp7aTowO3M6NToidGl0bGUiO2k6MTtzOjc6InRhZ2xpbmUiO2k6MjtzOjY6ImJsb2NrcyI7aTozO3M6NjoibWVkaWFzIjt9czoxNjoiACoAZGVmYXVsdExvY2FsZSI7TjtzOjEzOiJ0d2lsbFNsdWdEYXRhIjthOjA6e31zOjE3OiIAKgBjcm9wUGFyYW1zS2V5cyI7YTo0OntpOjA7czo2OiJjcm9wX3giO2k6MTtzOjY6ImNyb3BfeSI7aToyO3M6NjoiY3JvcF93IjtpOjM7czo2OiJjcm9wX2giO31zOjEwOiIAKgBwZW5kaW5nIjtOO3M6ODoiACoAbW92ZWQiO2I6MDt9',2067045783);
INSERT INTO cache VALUES('nlmaf_cache_page.en.assets/noise-texture.svg','N;',2067120496);
INSERT INTO cache VALUES('nlmaf_cache_page.en.storage/profile-photos/iVRPqyQU3rUKtdHwdEkdGhhn8BAbwcTZw84EWaSV.jpg','N;',2067120500);
INSERT INTO cache VALUES('nlmaf_cache_home.en','TzoxNToiQXBwXE1vZGVsc1xIb21lIjozNTp7czoxMzoiACoAY29ubmVjdGlvbiI7czo2OiJzcWxpdGUiO3M6ODoiACoAdGFibGUiO3M6NToiaG9tZXMiO3M6MTM6IgAqAHByaW1hcnlLZXkiO3M6MjoiaWQiO3M6MTA6IgAqAGtleVR5cGUiO3M6MzoiaW50IjtzOjEyOiJpbmNyZW1lbnRpbmciO2I6MTtzOjc6IgAqAHdpdGgiO2E6MDp7fXM6MTI6IgAqAHdpdGhDb3VudCI7YTowOnt9czoxOToicHJldmVudHNMYXp5TG9hZGluZyI7YjowO3M6MTA6IgAqAHBlclBhZ2UiO2k6MTU7czo2OiJleGlzdHMiO2I6MTtzOjE4OiJ3YXNSZWNlbnRseUNyZWF0ZWQiO2I6MDtzOjI4OiIAKgBlc2NhcGVXaGVuQ2FzdGluZ1RvU3RyaW5nIjtiOjA7czoxMzoiACoAYXR0cmlidXRlcyI7YTo1OntzOjI6ImlkIjtpOjE7czoxMDoiZGVsZXRlZF9hdCI7TjtzOjEwOiJjcmVhdGVkX2F0IjtzOjE5OiIyMDI1LTA2LTIyIDIwOjE0OjE4IjtzOjEwOiJ1cGRhdGVkX2F0IjtzOjE5OiIyMDI1LTA2LTIyIDIwOjE0OjE4IjtzOjY6ImJsb2NrcyI7TzoyOToiSWxsdW1pbmF0ZVxTdXBwb3J0XENvbGxlY3Rpb24iOjI6e3M6ODoiACoAaXRlbXMiO2E6Mjp7aTowO2E6NTp7czoxMToiZWRpdG9yX25hbWUiO3M6NzoiZGVmYXVsdCI7czo4OiJwb3NpdGlvbiI7aToxO3M6NDoidHlwZSI7czoxMToiY29tbW9uLWhlcm8iO3M6NzoiY29udGVudCI7YTo1OntzOjc6InZhcmlhbnQiO3M6NzoiZGVmYXVsdCI7czo3OiJoZWFkaW5nIjtzOjMxOiJSZWFjaCBZb3VyIEdvYWxzIFdpdGggTm8gTGltaXRzIjtzOjExOiJidXR0b25fdGV4dCI7czo4OiJKb2luIFVzISI7czoxMDoiYnV0dG9uX3VybCI7czo5OiIvcmVnaXN0ZXIiO3M6NzoiZGV0YWlscyI7czo4OToiQXQgTm8gTGltaXRzIE1hcnRpYWwgQXJ0cyBhbmQgRml0bmVzcyB3ZSBiZWxpZXZlIGV2ZXJ5b25lIGNhbiBsaXZlIGEgaGVhbHRoaWVyIGxpZmVzdHlsZS4iO31zOjY6Im1lZGlhcyI7YToxOntzOjU6ImltYWdlIjthOjM6e3M6NzoiZGVza3RvcCI7YTo2OntzOjM6InNyYyI7czoyMTI6Imh0dHA6Ly9ubG1hZi5kdmwudG86ODAwMC9pbWcvZmM4YjJkMjAtODhiYy00M2M1LTg5NmUtZWJkNThiYTNhZGEwL2ZpcmVmbHktZHluYW1pYy1zaG90LW9mLWFuLWluZGl2aWR1YWwtY2xlYXJseS1hLXBhcmVudC1vci1wcm9mZXNzaW9uYWwtcGVyZm9ybWluZy1hLXBvd2VyZi0yNzU0NDQuanBnP2ZtPWpwZyZxPTgwJmZpdD1tYXgmY3JvcD0yNjg4JTJDMTQwMCUyQzAlMkMwIjtzOjU6IndpZHRoIjtpOjI2ODg7czo2OiJoZWlnaHQiO2k6MTQwMDtzOjM6ImFsdCI7czoxMDA6IkZpcmVmbHkgIER5bmFtaWMgc2hvdCBvZiBhbiBpbmRpdmlkdWFsLCBjbGVhcmx5IGEgcGFyZW50IG9yIHByb2Zlc3Npb25hbCwgcGVyZm9ybWluZyBhIHBvd2VyZiAyNzU0NDQiO3M6NzoiY2FwdGlvbiI7czowOiIiO3M6NToidmlkZW8iO3M6MDoiIjt9czo2OiJ0YWJsZXQiO2E6Njp7czozOiJzcmMiO3M6MjE0OiJodHRwOi8vbmxtYWYuZHZsLnRvOjgwMDAvaW1nL2ZjOGIyZDIwLTg4YmMtNDNjNS04OTZlLWViZDU4YmEzYWRhMC9maXJlZmx5LWR5bmFtaWMtc2hvdC1vZi1hbi1pbmRpdmlkdWFsLWNsZWFybHktYS1wYXJlbnQtb3ItcHJvZmVzc2lvbmFsLXBlcmZvcm1pbmctYS1wb3dlcmYtMjc1NDQ0LmpwZz9mbT1qcGcmcT04MCZmaXQ9bWF4JmNyb3A9MjA0NiUyQzE1MzYlMkM1NzYlMkMwIjtzOjU6IndpZHRoIjtpOjIwNDY7czo2OiJoZWlnaHQiO2k6MTUzNjtzOjM6ImFsdCI7czoxMDA6IkZpcmVmbHkgIER5bmFtaWMgc2hvdCBvZiBhbiBpbmRpdmlkdWFsLCBjbGVhcmx5IGEgcGFyZW50IG9yIHByb2Zlc3Npb25hbCwgcGVyZm9ybWluZyBhIHBvd2VyZiAyNzU0NDQiO3M6NzoiY2FwdGlvbiI7czowOiIiO3M6NToidmlkZW8iO3M6MDoiIjt9czo2OiJtb2JpbGUiO2E6Njp7czozOiJzcmMiO3M6MjE0OiJodHRwOi8vbmxtYWYuZHZsLnRvOjgwMDAvaW1nL2ZjOGIyZDIwLTg4YmMtNDNjNS04OTZlLWViZDU4YmEzYWRhMC9maXJlZmx5LWR5bmFtaWMtc2hvdC1vZi1hbi1pbmRpdmlkdWFsLWNsZWFybHktYS1wYXJlbnQtb3ItcHJvZmVzc2lvbmFsLXBlcmZvcm1pbmctYS1wb3dlcmYtMjc1NDQ0LmpwZz9mbT1qcGcmcT04MCZmaXQ9bWF4JmNyb3A9MTUzNiUyQzE1MzYlMkM2NzIlMkMwIjtzOjU6IndpZHRoIjtpOjE1MzY7czo2OiJoZWlnaHQiO2k6MTUzNjtzOjM6ImFsdCI7czoxMDA6IkZpcmVmbHkgIER5bmFtaWMgc2hvdCBvZiBhbiBpbmRpdmlkdWFsLCBjbGVhcmx5IGEgcGFyZW50IG9yIHByb2Zlc3Npb25hbCwgcGVyZm9ybWluZyBhIHBvd2VyZiAyNzU0NDQiO3M6NzoiY2FwdGlvbiI7czowOiIiO3M6NToidmlkZW8iO3M6MDoiIjt9fX19aToxO2E6NTp7czoxMToiZWRpdG9yX25hbWUiO3M6NzoiZGVmYXVsdCI7czo4OiJwb3NpdGlvbiI7aToyO3M6NDoidHlwZSI7czoxMzoiY29tbW9uLXNsaWRlciI7czo3OiJjb250ZW50IjthOjA6e31zOjY6ImNoaWxkcyI7TzoyOToiSWxsdW1pbmF0ZVxTdXBwb3J0XENvbGxlY3Rpb24iOjI6e3M6ODoiACoAaXRlbXMiO2E6Mzp7aTowO2E6NTp7czoxMToiZWRpdG9yX25hbWUiO3M6NzoiZGVmYXVsdCI7czo4OiJwb3NpdGlvbiI7aToxO3M6NDoidHlwZSI7czoyMzoiZHluYW1pYy1yZXBlYXRlci1zbGlkZXMiO3M6NzoiY29udGVudCI7YToxOntzOjc6ImhlYWRpbmciO3M6MTM6IlRpbWUgTm8gTGltaXQiO31zOjY6Im1lZGlhcyI7YToxOntzOjU6ImltYWdlIjthOjM6e3M6NzoiZGVza3RvcCI7YTo2OntzOjM6InNyYyI7czoxNTM6Imh0dHA6Ly9ubG1hZi5kdmwudG86ODAwMC9pbWcvYTJkNzc5YjItOTFkYy00MDY1LThkODItZmVhYzU3NTIzNzVhL2dlbWluaS1nZW5lcmF0ZWQtaW1hZ2UteW0ycnFxeW0ycnFxeW0yci5wbmc/Zm09anBnJnE9ODAmZml0PW1heCZjcm9wPTEwMjQlMkM2OTQlMkMwJTJDMCI7czo1OiJ3aWR0aCI7aToxMDI0O3M6NjoiaGVpZ2h0IjtpOjY5NDtzOjM6ImFsdCI7czozOToiR2VtaW5pIEdlbmVyYXRlZCBJbWFnZSB5bTJycXF5bTJycXF5bTJyIjtzOjc6ImNhcHRpb24iO3M6MDoiIjtzOjU6InZpZGVvIjtzOjA6IiI7fXM6NjoidGFibGV0IjthOjY6e3M6Mzoic3JjIjtzOjE1MzoiaHR0cDovL25sbWFmLmR2bC50bzo4MDAwL2ltZy9hMmQ3NzliMi05MWRjLTQwNjUtOGQ4Mi1mZWFjNTc1MjM3NWEvZ2VtaW5pLWdlbmVyYXRlZC1pbWFnZS15bTJycXF5bTJycXF5bTJyLnBuZz9mbT1qcGcmcT04MCZmaXQ9bWF4JmNyb3A9OTI0JTJDNjk0JTJDMjIlMkMwIjtzOjU6IndpZHRoIjtpOjkyNDtzOjY6ImhlaWdodCI7aTo2OTQ7czozOiJhbHQiO3M6Mzk6IkdlbWluaSBHZW5lcmF0ZWQgSW1hZ2UgeW0ycnFxeW0ycnFxeW0yciI7czo3OiJjYXB0aW9uIjtzOjA6IiI7czo1OiJ2aWRlbyI7czowOiIiO31zOjY6Im1vYmlsZSI7YTo2OntzOjM6InNyYyI7czoxNTM6Imh0dHA6Ly9ubG1hZi5kdmwudG86ODAwMC9pbWcvYTJkNzc5YjItOTFkYy00MDY1LThkODItZmVhYzU3NTIzNzVhL2dlbWluaS1nZW5lcmF0ZWQtaW1hZ2UteW0ycnFxeW0ycnFxeW0yci5wbmc/Zm09anBnJnE9ODAmZml0PW1heCZjcm9wPTY5NCUyQzY5NCUyQzIyJTJDMCI7czo1OiJ3aWR0aCI7aTo2OTQ7czo2OiJoZWlnaHQiO2k6Njk0O3M6MzoiYWx0IjtzOjM5OiJHZW1pbmkgR2VuZXJhdGVkIEltYWdlIHltMnJxcXltMnJxcXltMnIiO3M6NzoiY2FwdGlvbiI7czowOiIiO3M6NToidmlkZW8iO3M6MDoiIjt9fX19aToxO2E6NTp7czoxMToiZWRpdG9yX25hbWUiO3M6NzoiZGVmYXVsdCI7czo4OiJwb3NpdGlvbiI7aToyO3M6NDoidHlwZSI7czoyMzoiZHluYW1pYy1yZXBlYXRlci1zbGlkZXMiO3M6NzoiY29udGVudCI7YToxOntzOjc6ImhlYWRpbmciO3M6MTc6IkxvY2F0aW9uIE5vIExpbWl0Ijt9czo2OiJtZWRpYXMiO2E6MTp7czo1OiJpbWFnZSI7YTozOntzOjc6ImRlc2t0b3AiO2E6Njp7czozOiJzcmMiO3M6MjgxOiJodHRwOi8vbmxtYWYuZHZsLnRvOjgwMDAvaW1nL2U5ZmI4MTk4LTI0M2ItNDQ0MC1hMWIwLWY1MGM1NzA4ZWI5MS96MnkwenpicXN0ajk4MWljLWRhbGxlMjAyNC0xMi0wMjE5LTUyLTA5LWFjb25jZXB0dWFsaW1hZ2VyZXByZXNlbnRpbmdsb2NhdGlvbm5vdGJlaW5nYWxpbWl0aW5nZmFjdG9yLWFwZXJzb25zdGFuZGluZ2ludGhlY2VudGVyb2ZhZ2xvd2luZ3dvcmxkbWFwd2l0aHZpYnJhbnRjb25uZWN0aW9ucy5qcGVnP2ZtPWpwZyZxPTgwJmZpdD1tYXgmY3JvcD02NTklMkMzNTAlMkMwJTJDMCI7czo1OiJ3aWR0aCI7aTo2NTk7czo2OiJoZWlnaHQiO2k6MzUwO3M6MzoiYWx0IjtzOjE3MDoiWjJ5MHpaYnFzdEo5ODFJQyBEQUxMwrdFMjAyNCAxMiAwMjE5LjUyLjA5IEFjb25jZXB0dWFsaW1hZ2VyZXByZXNlbnRpbmdsb2NhdGlvbm5vdGJlaW5nYWxpbWl0aW5nZmFjdG9yIGFwZXJzb25zdGFuZGluZ2ludGhlY2VudGVyb2ZhZ2xvd2luZ3dvcmxkbWFwLHdpdGh2aWJyYW50Y29ubmVjdGlvbnMiO3M6NzoiY2FwdGlvbiI7czowOiIiO3M6NToidmlkZW8iO3M6MDoiIjt9czo2OiJ0YWJsZXQiO2E6Njp7czozOiJzcmMiO3M6MjgzOiJodHRwOi8vbmxtYWYuZHZsLnRvOjgwMDAvaW1nL2U5ZmI4MTk4LTI0M2ItNDQ0MC1hMWIwLWY1MGM1NzA4ZWI5MS96MnkwenpicXN0ajk4MWljLWRhbGxlMjAyNC0xMi0wMjE5LTUyLTA5LWFjb25jZXB0dWFsaW1hZ2VyZXByZXNlbnRpbmdsb2NhdGlvbm5vdGJlaW5nYWxpbWl0aW5nZmFjdG9yLWFwZXJzb25zdGFuZGluZ2ludGhlY2VudGVyb2ZhZ2xvd2luZ3dvcmxkbWFwd2l0aHZpYnJhbnRjb25uZWN0aW9ucy5qcGVnP2ZtPWpwZyZxPTgwJmZpdD1tYXgmY3JvcD00NjYlMkMzNTAlMkMxODYlMkMwIjtzOjU6IndpZHRoIjtpOjQ2NjtzOjY6ImhlaWdodCI7aTozNTA7czozOiJhbHQiO3M6MTcwOiJaMnkwelpicXN0Sjk4MUlDIERBTEzCt0UyMDI0IDEyIDAyMTkuNTIuMDkgQWNvbmNlcHR1YWxpbWFnZXJlcHJlc2VudGluZ2xvY2F0aW9ubm90YmVpbmdhbGltaXRpbmdmYWN0b3IgYXBlcnNvbnN0YW5kaW5naW50aGVjZW50ZXJvZmFnbG93aW5nd29ybGRtYXAsd2l0aHZpYnJhbnRjb25uZWN0aW9ucyI7czo3OiJjYXB0aW9uIjtzOjA6IiI7czo1OiJ2aWRlbyI7czowOiIiO31zOjY6Im1vYmlsZSI7YTo2OntzOjM6InNyYyI7czoyODM6Imh0dHA6Ly9ubG1hZi5kdmwudG86ODAwMC9pbWcvZTlmYjgxOTgtMjQzYi00NDQwLWExYjAtZjUwYzU3MDhlYjkxL3oyeTB6emJxc3RqOTgxaWMtZGFsbGUyMDI0LTEyLTAyMTktNTItMDktYWNvbmNlcHR1YWxpbWFnZXJlcHJlc2VudGluZ2xvY2F0aW9ubm90YmVpbmdhbGltaXRpbmdmYWN0b3ItYXBlcnNvbnN0YW5kaW5naW50aGVjZW50ZXJvZmFnbG93aW5nd29ybGRtYXB3aXRodmlicmFudGNvbm5lY3Rpb25zLmpwZWc/Zm09anBnJnE9ODAmZml0PW1heCZjcm9wPTM1MCUyQzM1MCUyQzMwNiUyQzAiO3M6NToid2lkdGgiO2k6MzUwO3M6NjoiaGVpZ2h0IjtpOjM1MDtzOjM6ImFsdCI7czoxNzA6IloyeTB6WmJxc3RKOTgxSUMgREFMTMK3RTIwMjQgMTIgMDIxOS41Mi4wOSBBY29uY2VwdHVhbGltYWdlcmVwcmVzZW50aW5nbG9jYXRpb25ub3RiZWluZ2FsaW1pdGluZ2ZhY3RvciBhcGVyc29uc3RhbmRpbmdpbnRoZWNlbnRlcm9mYWdsb3dpbmd3b3JsZG1hcCx3aXRodmlicmFudGNvbm5lY3Rpb25zIjtzOjc6ImNhcHRpb24iO3M6MDoiIjtzOjU6InZpZGVvIjtzOjA6IiI7fX19fWk6MjthOjU6e3M6MTE6ImVkaXRvcl9uYW1lIjtzOjc6ImRlZmF1bHQiO3M6ODoicG9zaXRpb24iO2k6MztzOjQ6InR5cGUiO3M6MjM6ImR5bmFtaWMtcmVwZWF0ZXItc2xpZGVzIjtzOjc6ImNvbnRlbnQiO2E6MTp7czo3OiJoZWFkaW5nIjtzOjE5OiJFeHBlcmllbmNlIE5vIExpbWl0Ijt9czo2OiJtZWRpYXMiO2E6MTp7czo1OiJpbWFnZSI7YTozOntzOjc6ImRlc2t0b3AiO2E6Njp7czozOiJzcmMiO3M6Mjg2OiJodHRwOi8vbmxtYWYuZHZsLnRvOjgwMDAvaW1nLzkwNzI3YzYwLThiOWQtNGVjNy1iYzMzLTQ0NTBiYjFjZmEwYi96MnkxaTVicXN0ajk4MWllLWRhbGxlMjAyNC0xMi0xMzIzLTM5LTQ4LWFkeW5hbWljYW5kbW90aXZhdGlvbmFsaWxsdXN0cmF0aW9uZW1waGFzaXppbmd0aGVpZGVhb2ZsaW1pdGxlc3NmaXRuZXNzb3Bwb3J0dW5pdGllc2ludmFyaW91c2xvY2F0aW9ucy10aGVpbWFnZXNob3dzZGl2ZXJzZWluZGl2aWR1LmpwZWc/Zm09anBnJnE9ODAmZml0PW1heCZjcm9wPTY1MCUyQzM1MCUyQzAlMkMwIjtzOjU6IndpZHRoIjtpOjY1MDtzOjY6ImhlaWdodCI7aTozNTA7czozOiJhbHQiO3M6MTc0OiJaMnkxSTVicXN0Sjk4MUlFIERBTEzCt0UyMDI0IDEyIDEzMjMuMzkuNDggQWR5bmFtaWNhbmRtb3RpdmF0aW9uYWxpbGx1c3RyYXRpb25lbXBoYXNpemluZ3RoZWlkZWFvZmxpbWl0bGVzc2ZpdG5lc3NvcHBvcnR1bml0aWVzaW52YXJpb3VzbG9jYXRpb25zLlRoZWltYWdlc2hvd3NkaXZlcnNlaW5kaXZpZHUiO3M6NzoiY2FwdGlvbiI7czowOiIiO3M6NToidmlkZW8iO3M6MDoiIjt9czo2OiJ0YWJsZXQiO2E6Njp7czozOiJzcmMiO3M6Mjg4OiJodHRwOi8vbmxtYWYuZHZsLnRvOjgwMDAvaW1nLzkwNzI3YzYwLThiOWQtNGVjNy1iYzMzLTQ0NTBiYjFjZmEwYi96MnkxaTVicXN0ajk4MWllLWRhbGxlMjAyNC0xMi0xMzIzLTM5LTQ4LWFkeW5hbWljYW5kbW90aXZhdGlvbmFsaWxsdXN0cmF0aW9uZW1waGFzaXppbmd0aGVpZGVhb2ZsaW1pdGxlc3NmaXRuZXNzb3Bwb3J0dW5pdGllc2ludmFyaW91c2xvY2F0aW9ucy10aGVpbWFnZXNob3dzZGl2ZXJzZWluZGl2aWR1LmpwZWc/Zm09anBnJnE9ODAmZml0PW1heCZjcm9wPTQ2NyUyQzM1MCUyQzE3NSUyQzAiO3M6NToid2lkdGgiO2k6NDY3O3M6NjoiaGVpZ2h0IjtpOjM1MDtzOjM6ImFsdCI7czoxNzQ6IloyeTFJNWJxc3RKOTgxSUUgREFMTMK3RTIwMjQgMTIgMTMyMy4zOS40OCBBZHluYW1pY2FuZG1vdGl2YXRpb25hbGlsbHVzdHJhdGlvbmVtcGhhc2l6aW5ndGhlaWRlYW9mbGltaXRsZXNzZml0bmVzc29wcG9ydHVuaXRpZXNpbnZhcmlvdXNsb2NhdGlvbnMuVGhlaW1hZ2VzaG93c2RpdmVyc2VpbmRpdmlkdSI7czo3OiJjYXB0aW9uIjtzOjA6IiI7czo1OiJ2aWRlbyI7czowOiIiO31zOjY6Im1vYmlsZSI7YTo2OntzOjM6InNyYyI7czoyODg6Imh0dHA6Ly9ubG1hZi5kdmwudG86ODAwMC9pbWcvOTA3MjdjNjAtOGI5ZC00ZWM3LWJjMzMtNDQ1MGJiMWNmYTBiL3oyeTFpNWJxc3RqOTgxaWUtZGFsbGUyMDI0LTEyLTEzMjMtMzktNDgtYWR5bmFtaWNhbmRtb3RpdmF0aW9uYWxpbGx1c3RyYXRpb25lbXBoYXNpemluZ3RoZWlkZWFvZmxpbWl0bGVzc2ZpdG5lc3NvcHBvcnR1bml0aWVzaW52YXJpb3VzbG9jYXRpb25zLXRoZWltYWdlc2hvd3NkaXZlcnNlaW5kaXZpZHUuanBlZz9mbT1qcGcmcT04MCZmaXQ9bWF4JmNyb3A9MzUwJTJDMzUwJTJDMjk2JTJDMCI7czo1OiJ3aWR0aCI7aTozNTA7czo2OiJoZWlnaHQiO2k6MzUwO3M6MzoiYWx0IjtzOjE3NDoiWjJ5MUk1YnFzdEo5ODFJRSBEQUxMwrdFMjAyNCAxMiAxMzIzLjM5LjQ4IEFkeW5hbWljYW5kbW90aXZhdGlvbmFsaWxsdXN0cmF0aW9uZW1waGFzaXppbmd0aGVpZGVhb2ZsaW1pdGxlc3NmaXRuZXNzb3Bwb3J0dW5pdGllc2ludmFyaW91c2xvY2F0aW9ucy5UaGVpbWFnZXNob3dzZGl2ZXJzZWluZGl2aWR1IjtzOjc6ImNhcHRpb24iO3M6MDoiIjtzOjU6InZpZGVvIjtzOjA6IiI7fX19fX1zOjI4OiIAKgBlc2NhcGVXaGVuQ2FzdGluZ1RvU3RyaW5nIjtiOjA7fX19czoyODoiACoAZXNjYXBlV2hlbkNhc3RpbmdUb1N0cmluZyI7YjowO319czoxMToiACoAb3JpZ2luYWwiO2E6NDp7czoyOiJpZCI7aToxO3M6MTA6ImRlbGV0ZWRfYXQiO047czoxMDoiY3JlYXRlZF9hdCI7czoxOToiMjAyNS0wNi0yMiAyMDoxNDoxOCI7czoxMDoidXBkYXRlZF9hdCI7czoxOToiMjAyNS0wNi0yMiAyMDoxNDoxOCI7fXM6MTA6IgAqAGNoYW5nZXMiO2E6MDp7fXM6ODoiACoAY2FzdHMiO2E6MTp7czoxMDoiZGVsZXRlZF9hdCI7czo4OiJkYXRldGltZSI7fXM6MTc6IgAqAGNsYXNzQ2FzdENhY2hlIjthOjA6e31zOjIxOiIAKgBhdHRyaWJ1dGVDYXN0Q2FjaGUiO2E6MDp7fXM6MTM6IgAqAGRhdGVGb3JtYXQiO047czoxMDoiACoAYXBwZW5kcyI7YTowOnt9czoxOToiACoAZGlzcGF0Y2hlc0V2ZW50cyI7YTowOnt9czoxNDoiACoAb2JzZXJ2YWJsZXMiO2E6MDp7fXM6MTI6IgAqAHJlbGF0aW9ucyI7YToxOntzOjEyOiJ0cmFuc2xhdGlvbnMiO086Mzk6IklsbHVtaW5hdGVcRGF0YWJhc2VcRWxvcXVlbnRcQ29sbGVjdGlvbiI6Mjp7czo4OiIAKgBpdGVtcyI7YToxOntpOjA7TzozOToiQXBwXE1vZGVsc1xUcmFuc2xhdGlvbnNcSG9tZVRyYW5zbGF0aW9uIjozNDp7czoxMzoiACoAY29ubmVjdGlvbiI7czo2OiJzcWxpdGUiO3M6ODoiACoAdGFibGUiO3M6MTc6ImhvbWVfdHJhbnNsYXRpb25zIjtzOjEzOiIAKgBwcmltYXJ5S2V5IjtzOjI6ImlkIjtzOjEwOiIAKgBrZXlUeXBlIjtzOjM6ImludCI7czoxMjoiaW5jcmVtZW50aW5nIjtiOjE7czo3OiIAKgB3aXRoIjthOjA6e31zOjEyOiIAKgB3aXRoQ291bnQiO2E6MDp7fXM6MTk6InByZXZlbnRzTGF6eUxvYWRpbmciO2I6MDtzOjEwOiIAKgBwZXJQYWdlIjtpOjE1O3M6NjoiZXhpc3RzIjtiOjE7czoxODoid2FzUmVjZW50bHlDcmVhdGVkIjtiOjA7czoyODoiACoAZXNjYXBlV2hlbkNhc3RpbmdUb1N0cmluZyI7YjowO3M6MTM6IgAqAGF0dHJpYnV0ZXMiO2E6MTA6e3M6MjoiaWQiO2k6MTtzOjc6ImhvbWVfaWQiO2k6MTtzOjEwOiJkZWxldGVkX2F0IjtOO3M6MTA6ImNyZWF0ZWRfYXQiO3M6MTk6IjIwMjUtMDYtMjIgMjA6MTQ6MTgiO3M6MTA6InVwZGF0ZWRfYXQiO3M6MTk6IjIwMjUtMDYtMjMgMTc6MzY6MTYiO3M6NjoibG9jYWxlIjtzOjI6ImVuIjtzOjY6ImFjdGl2ZSI7aToxO3M6NToidGl0bGUiO3M6NDoiSG9tZSI7czoxMDoibWV0YV90aXRsZSI7czo0MToiTm8gTGltaXRzIE1hcnRpYWwgQXJ0cyBhbmQgRml0bmVzcyB8IEhvbWUiO3M6MTY6Im1ldGFfZGVzY3JpcHRpb24iO3M6OTA6Ik5vIExpbWl0cyBNYXJ0aWFsIEFydHMgYW5kIEZpdG5lc3MgaXMgZGVkaWNhdGVkIHRvIGhlbHBpbmcgeW91IGxpdmUgYSBoZWFsdGhpZXIgbGlmZXN0eWxlLiI7fXM6MTE6IgAqAG9yaWdpbmFsIjthOjEwOntzOjI6ImlkIjtpOjE7czo3OiJob21lX2lkIjtpOjE7czoxMDoiZGVsZXRlZF9hdCI7TjtzOjEwOiJjcmVhdGVkX2F0IjtzOjE5OiIyMDI1LTA2LTIyIDIwOjE0OjE4IjtzOjEwOiJ1cGRhdGVkX2F0IjtzOjE5OiIyMDI1LTA2LTIzIDE3OjM2OjE2IjtzOjY6ImxvY2FsZSI7czoyOiJlbiI7czo2OiJhY3RpdmUiO2k6MTtzOjU6InRpdGxlIjtzOjQ6IkhvbWUiO3M6MTA6Im1ldGFfdGl0bGUiO3M6NDE6Ik5vIExpbWl0cyBNYXJ0aWFsIEFydHMgYW5kIEZpdG5lc3MgfCBIb21lIjtzOjE2OiJtZXRhX2Rlc2NyaXB0aW9uIjtzOjkwOiJObyBMaW1pdHMgTWFydGlhbCBBcnRzIGFuZCBGaXRuZXNzIGlzIGRlZGljYXRlZCB0byBoZWxwaW5nIHlvdSBsaXZlIGEgaGVhbHRoaWVyIGxpZmVzdHlsZS4iO31zOjEwOiIAKgBjaGFuZ2VzIjthOjA6e31zOjg6IgAqAGNhc3RzIjthOjE6e3M6MTA6ImRlbGV0ZWRfYXQiO3M6ODoiZGF0ZXRpbWUiO31zOjE3OiIAKgBjbGFzc0Nhc3RDYWNoZSI7YTowOnt9czoyMToiACoAYXR0cmlidXRlQ2FzdENhY2hlIjthOjA6e31zOjEzOiIAKgBkYXRlRm9ybWF0IjtOO3M6MTA6IgAqAGFwcGVuZHMiO2E6MDp7fXM6MTk6IgAqAGRpc3BhdGNoZXNFdmVudHMiO2E6MDp7fXM6MTQ6IgAqAG9ic2VydmFibGVzIjthOjA6e31zOjEyOiIAKgByZWxhdGlvbnMiO2E6MDp7fXM6MTA6IgAqAHRvdWNoZXMiO2E6MDp7fXM6MTA6InRpbWVzdGFtcHMiO2I6MTtzOjEzOiJ1c2VzVW5pcXVlSWRzIjtiOjA7czo5OiIAKgBoaWRkZW4iO2E6MDp7fXM6MTA6IgAqAHZpc2libGUiO2E6MDp7fXM6MTE6IgAqAGZpbGxhYmxlIjthOjA6e31zOjEwOiIAKgBndWFyZGVkIjthOjE6e2k6MDtzOjE6IioiO31zOjIwOiIAKgBwcmVzZW50ZXJJbnN0YW5jZSI7TjtzOjE2OiIAKgBmb3JjZURlbGV0aW5nIjtiOjA7czoyMDoidHJhbnNsYXRlZEF0dHJpYnV0ZXMiO2E6MDp7fXM6MTg6IgAqAGJhc2VNb2R1bGVNb2RlbCI7czoxNToiQXBwXE1vZGVsc1xIb21lIjt9fXM6Mjg6IgAqAGVzY2FwZVdoZW5DYXN0aW5nVG9TdHJpbmciO2I6MDt9fXM6MTA6IgAqAHRvdWNoZXMiO2E6MDp7fXM6MTA6InRpbWVzdGFtcHMiO2I6MTtzOjEzOiJ1c2VzVW5pcXVlSWRzIjtiOjA7czo5OiIAKgBoaWRkZW4iO2E6MDp7fXM6MTA6IgAqAHZpc2libGUiO2E6MDp7fXM6MTE6IgAqAGZpbGxhYmxlIjthOjM6e2k6MDtzOjU6InRpdGxlIjtpOjE7czoxMDoibWV0YV90aXRsZSI7aToyO3M6MTY6Im1ldGFfZGVzY3JpcHRpb24iO31zOjEwOiIAKgBndWFyZGVkIjthOjE6e2k6MDtzOjE6IioiO31zOjIwOiIAKgBwcmVzZW50ZXJJbnN0YW5jZSI7TjtzOjE2OiIAKgBmb3JjZURlbGV0aW5nIjtiOjA7czoyMDoidHJhbnNsYXRlZEF0dHJpYnV0ZXMiO2E6NDp7aTowO3M6NToidGl0bGUiO2k6MTtzOjEwOiJtZXRhX3RpdGxlIjtpOjI7czoxNjoibWV0YV9kZXNjcmlwdGlvbiI7aTozO3M6NjoiYWN0aXZlIjt9czoxNjoicHVibGljQXR0cmlidXRlcyI7YTo0OntpOjA7czo1OiJ0aXRsZSI7aToxO3M6MTA6Im1ldGFfdGl0bGUiO2k6MjtzOjE2OiJtZXRhX2Rlc2NyaXB0aW9uIjtpOjM7czo2OiJibG9ja3MiO31zOjE2OiIAKgBkZWZhdWx0TG9jYWxlIjtOO30=',2067046076);
INSERT INTO cache VALUES('nlmaf_cache_page.en.about','TzoxNToiQXBwXE1vZGVsc1xQYWdlIjo0MDp7czoxMzoiACoAY29ubmVjdGlvbiI7czo2OiJzcWxpdGUiO3M6ODoiACoAdGFibGUiO3M6NToicGFnZXMiO3M6MTM6IgAqAHByaW1hcnlLZXkiO3M6MjoiaWQiO3M6MTA6IgAqAGtleVR5cGUiO3M6MzoiaW50IjtzOjEyOiJpbmNyZW1lbnRpbmciO2I6MTtzOjc6IgAqAHdpdGgiO2E6MDp7fXM6MTI6IgAqAHdpdGhDb3VudCI7YTowOnt9czoxOToicHJldmVudHNMYXp5TG9hZGluZyI7YjowO3M6MTA6IgAqAHBlclBhZ2UiO2k6MTU7czo2OiJleGlzdHMiO2I6MTtzOjE4OiJ3YXNSZWNlbnRseUNyZWF0ZWQiO2I6MDtzOjI4OiIAKgBlc2NhcGVXaGVuQ2FzdGluZ1RvU3RyaW5nIjtiOjA7czoxMzoiACoAYXR0cmlidXRlcyI7YToxMDp7czoyOiJpZCI7aToxO3M6MTA6ImRlbGV0ZWRfYXQiO047czoxMDoiY3JlYXRlZF9hdCI7czoxOToiMjAyNS0wNi0yMiAyMjo0Mjo1NCI7czoxMDoidXBkYXRlZF9hdCI7czoxOToiMjAyNS0wNi0yOSAyMjoxMDo0NCI7czo5OiJwdWJsaXNoZWQiO2k6MTtzOjQ6Il9sZnQiO2k6MTtzOjQ6Il9yZ3QiO2k6MjtzOjk6InBhcmVudF9pZCI7TjtzOjg6InBvc2l0aW9uIjtpOjE7czo2OiJibG9ja3MiO086Mjk6IklsbHVtaW5hdGVcU3VwcG9ydFxDb2xsZWN0aW9uIjoyOntzOjg6IgAqAGl0ZW1zIjthOjI6e2k6MDthOjU6e3M6MTE6ImVkaXRvcl9uYW1lIjtzOjc6ImRlZmF1bHQiO3M6ODoicG9zaXRpb24iO2k6MTtzOjQ6InR5cGUiO3M6MTE6ImNvbW1vbi1oZXJvIjtzOjc6ImNvbnRlbnQiO2E6Mjp7czo3OiJ2YXJpYW50IjtzOjY6ImJhbm5lciI7czo3OiJoZWFkaW5nIjtzOjI1OiJNYWRlIGZvciB0aGUgV2F5IFlvdSBNb3ZlIjt9czo2OiJtZWRpYXMiO2E6MTp7czo1OiJpbWFnZSI7YTozOntzOjc6ImRlc2t0b3AiO2E6Njp7czozOiJzcmMiO3M6MTg2OiJodHRwOi8vbmxtYWYuZHZsLnRvOjgwMDAvaW1nLzNiZTNlMTRmLTIwMzItNGEyZi05YjMwLWEwM2UzMjUwMmQ2NS9maXJlZmx5LWEtZ3JvdXAtb2YtMy10by01LWV4cGVyaWVuY2VkLXJ1bm5lcnMtcnVubmluZy1vbi1hLXRyYWlsLTcwNzg3Ny5qcGc/Zm09anBnJnE9ODAmZml0PW1heCZjcm9wPTIwNDglMkMyMDQ4JTJDMCUyQzAiO3M6NToid2lkdGgiO2k6MjA0ODtzOjY6ImhlaWdodCI7aToyMDQ4O3M6MzoiYWx0IjtzOjcxOiJGaXJlZmx5IGEgZ3JvdXAgb2YgMyB0byA1IGV4cGVyaWVuY2VkIHJ1bm5lcnMgcnVubmluZyBvbiBhIHRyYWlsIDcwNzg3NyI7czo3OiJjYXB0aW9uIjtzOjA6IiI7czo1OiJ2aWRlbyI7czowOiIiO31zOjY6InRhYmxldCI7YTo2OntzOjM6InNyYyI7czoxODg6Imh0dHA6Ly9ubG1hZi5kdmwudG86ODAwMC9pbWcvM2JlM2UxNGYtMjAzMi00YTJmLTliMzAtYTAzZTMyNTAyZDY1L2ZpcmVmbHktYS1ncm91cC1vZi0zLXRvLTUtZXhwZXJpZW5jZWQtcnVubmVycy1ydW5uaW5nLW9uLWEtdHJhaWwtNzA3ODc3LmpwZz9mbT1qcGcmcT04MCZmaXQ9bWF4JmNyb3A9MjA0OCUyQzE1MzYlMkMwJTJDNDQ4IjtzOjU6IndpZHRoIjtpOjIwNDg7czo2OiJoZWlnaHQiO2k6MTUzNjtzOjM6ImFsdCI7czo3MToiRmlyZWZseSBhIGdyb3VwIG9mIDMgdG8gNSBleHBlcmllbmNlZCBydW5uZXJzIHJ1bm5pbmcgb24gYSB0cmFpbCA3MDc4NzciO3M6NzoiY2FwdGlvbiI7czowOiIiO3M6NToidmlkZW8iO3M6MDoiIjt9czo2OiJtb2JpbGUiO2E6Njp7czozOiJzcmMiO3M6MTg2OiJodHRwOi8vbmxtYWYuZHZsLnRvOjgwMDAvaW1nLzNiZTNlMTRmLTIwMzItNGEyZi05YjMwLWEwM2UzMjUwMmQ2NS9maXJlZmx5LWEtZ3JvdXAtb2YtMy10by01LWV4cGVyaWVuY2VkLXJ1bm5lcnMtcnVubmluZy1vbi1hLXRyYWlsLTcwNzg3Ny5qcGc/Zm09anBnJnE9ODAmZml0PW1heCZjcm9wPTIwNDglMkMyMDQ4JTJDMCUyQzAiO3M6NToid2lkdGgiO2k6MjA0ODtzOjY6ImhlaWdodCI7aToyMDQ4O3M6MzoiYWx0IjtzOjcxOiJGaXJlZmx5IGEgZ3JvdXAgb2YgMyB0byA1IGV4cGVyaWVuY2VkIHJ1bm5lcnMgcnVubmluZyBvbiBhIHRyYWlsIDcwNzg3NyI7czo3OiJjYXB0aW9uIjtzOjA6IiI7czo1OiJ2aWRlbyI7czowOiIiO319fX1pOjE7YTo1OntzOjExOiJlZGl0b3JfbmFtZSI7czo3OiJkZWZhdWx0IjtzOjg6InBvc2l0aW9uIjtpOjI7czo0OiJ0eXBlIjtzOjEyOiJjb21tb24tY2FyZHMiO3M6NzoiY29udGVudCI7YToyOntzOjc6ImhlYWRpbmciO3M6MTM6Ik1lZXQgT3VyIFRlYW0iO3M6NDoidHlwZSI7czo3OiJwcm9maWxlIjt9czo2OiJjaGlsZHMiO086Mjk6IklsbHVtaW5hdGVcU3VwcG9ydFxDb2xsZWN0aW9uIjoyOntzOjg6IgAqAGl0ZW1zIjthOjM6e2k6MDthOjU6e3M6MTE6ImVkaXRvcl9uYW1lIjtzOjc6ImRlZmF1bHQiO3M6ODoicG9zaXRpb24iO2k6MTtzOjQ6InR5cGUiO3M6MjI6ImR5bmFtaWMtcmVwZWF0ZXItY2FyZHMiO3M6NzoiY29udGVudCI7YToyOntzOjU6InRpdGxlIjtzOjE1OiJCcmlhbm5lIEphY2tzb24iO3M6NzoiZGV0YWlscyI7czo2OiJNYXN0ZXIiO31zOjY6Im1lZGlhcyI7YToxOntzOjU6ImltYWdlIjthOjM6e3M6NzoiZGVza3RvcCI7YTo2OntzOjM6InNyYyI7czoxMjE6Imh0dHA6Ly9ubG1hZi5kdmwudG86ODAwMC9pbWcvOTRhMDYwN2EtNWRlZi00Yzg0LWJiODMtMzY1NTcxZjNhYjMyL2JyaWFubmUuanBlZz9mbT1qcGcmcT04MCZmaXQ9bWF4JmNyb3A9NDAwJTJDMzAwJTJDMCUyQzAiO3M6NToid2lkdGgiO2k6NDAwO3M6NjoiaGVpZ2h0IjtpOjMwMDtzOjM6ImFsdCI7czo4OiJCcmlhbm5lICI7czo3OiJjYXB0aW9uIjtzOjA6IiI7czo1OiJ2aWRlbyI7czowOiIiO31zOjY6InRhYmxldCI7YTo2OntzOjM6InNyYyI7czoxMjE6Imh0dHA6Ly9ubG1hZi5kdmwudG86ODAwMC9pbWcvOTRhMDYwN2EtNWRlZi00Yzg0LWJiODMtMzY1NTcxZjNhYjMyL2JyaWFubmUuanBlZz9mbT1qcGcmcT04MCZmaXQ9bWF4JmNyb3A9NDAwJTJDMzAwJTJDMCUyQzAiO3M6NToid2lkdGgiO2k6NDAwO3M6NjoiaGVpZ2h0IjtpOjMwMDtzOjM6ImFsdCI7czo4OiJCcmlhbm5lICI7czo3OiJjYXB0aW9uIjtzOjA6IiI7czo1OiJ2aWRlbyI7czowOiIiO31zOjY6Im1vYmlsZSI7YTo2OntzOjM6InNyYyI7czoxMjE6Imh0dHA6Ly9ubG1hZi5kdmwudG86ODAwMC9pbWcvOTRhMDYwN2EtNWRlZi00Yzg0LWJiODMtMzY1NTcxZjNhYjMyL2JyaWFubmUuanBlZz9mbT1qcGcmcT04MCZmaXQ9bWF4JmNyb3A9MzAwJTJDMzAwJTJDOSUyQzAiO3M6NToid2lkdGgiO2k6MzAwO3M6NjoiaGVpZ2h0IjtpOjMwMDtzOjM6ImFsdCI7czo4OiJCcmlhbm5lICI7czo3OiJjYXB0aW9uIjtzOjA6IiI7czo1OiJ2aWRlbyI7czowOiIiO319fX1pOjE7YTo1OntzOjExOiJlZGl0b3JfbmFtZSI7czo3OiJkZWZhdWx0IjtzOjg6InBvc2l0aW9uIjtpOjI7czo0OiJ0eXBlIjtzOjIyOiJkeW5hbWljLXJlcGVhdGVyLWNhcmRzIjtzOjc6ImNvbnRlbnQiO2E6Mjp7czo1OiJ0aXRsZSI7czoxMToiSnVsaWV0IFJ1aXoiO3M6NzoiZGV0YWlscyI7czoxMDoiSW5zdHJ1Y3RvciI7fXM6NjoibWVkaWFzIjthOjE6e3M6NToiaW1hZ2UiO2E6Mzp7czo3OiJkZXNrdG9wIjthOjY6e3M6Mzoic3JjIjtzOjEyMDoiaHR0cDovL25sbWFmLmR2bC50bzo4MDAwL2ltZy8xYTljMzdjZS1hYzI3LTQxOGQtOWMxYS1lMmVmOTQ4ODY3YjcvanVsaWV0LmpwZWc/Zm09anBnJnE9ODAmZml0PW1heCZjcm9wPTQwMCUyQzMwMCUyQzAlMkMwIjtzOjU6IndpZHRoIjtpOjQwMDtzOjY6ImhlaWdodCI7aTozMDA7czozOiJhbHQiO3M6NjoiSnVsaWV0IjtzOjc6ImNhcHRpb24iO3M6MDoiIjtzOjU6InZpZGVvIjtzOjA6IiI7fXM6NjoidGFibGV0IjthOjY6e3M6Mzoic3JjIjtzOjEyMDoiaHR0cDovL25sbWFmLmR2bC50bzo4MDAwL2ltZy8xYTljMzdjZS1hYzI3LTQxOGQtOWMxYS1lMmVmOTQ4ODY3YjcvanVsaWV0LmpwZWc/Zm09anBnJnE9ODAmZml0PW1heCZjcm9wPTQwMCUyQzMwMCUyQzAlMkMwIjtzOjU6IndpZHRoIjtpOjQwMDtzOjY6ImhlaWdodCI7aTozMDA7czozOiJhbHQiO3M6NjoiSnVsaWV0IjtzOjc6ImNhcHRpb24iO3M6MDoiIjtzOjU6InZpZGVvIjtzOjA6IiI7fXM6NjoibW9iaWxlIjthOjY6e3M6Mzoic3JjIjtzOjEyMDoiaHR0cDovL25sbWFmLmR2bC50bzo4MDAwL2ltZy8xYTljMzdjZS1hYzI3LTQxOGQtOWMxYS1lMmVmOTQ4ODY3YjcvanVsaWV0LmpwZWc/Zm09anBnJnE9ODAmZml0PW1heCZjcm9wPTMwMCUyQzMwMCUyQzklMkMwIjtzOjU6IndpZHRoIjtpOjMwMDtzOjY6ImhlaWdodCI7aTozMDA7czozOiJhbHQiO3M6NjoiSnVsaWV0IjtzOjc6ImNhcHRpb24iO3M6MDoiIjtzOjU6InZpZGVvIjtzOjA6IiI7fX19fWk6MjthOjU6e3M6MTE6ImVkaXRvcl9uYW1lIjtzOjc6ImRlZmF1bHQiO3M6ODoicG9zaXRpb24iO2k6MztzOjQ6InR5cGUiO3M6MjI6ImR5bmFtaWMtcmVwZWF0ZXItY2FyZHMiO3M6NzoiY29udGVudCI7YToyOntzOjU6InRpdGxlIjtzOjExOiJLZWxseSBUeWdlciI7czo3OiJkZXRhaWxzIjtzOjEwOiJJbnN0cnVjdG9yIjt9czo2OiJtZWRpYXMiO2E6MTp7czo1OiJpbWFnZSI7YTozOntzOjc6ImRlc2t0b3AiO2E6Njp7czozOiJzcmMiO3M6MTE5OiJodHRwOi8vbmxtYWYuZHZsLnRvOjgwMDAvaW1nLzUyMmI5ZmE0LTlhODgtNGYyZS04M2JiLWQ5MzM0MjdiYmNhNC9rZWxseS5qcGVnP2ZtPWpwZyZxPTgwJmZpdD1tYXgmY3JvcD00MDAlMkMzMDAlMkMwJTJDMCI7czo1OiJ3aWR0aCI7aTo0MDA7czo2OiJoZWlnaHQiO2k6MzAwO3M6MzoiYWx0IjtzOjU6IktlbGx5IjtzOjc6ImNhcHRpb24iO3M6MDoiIjtzOjU6InZpZGVvIjtzOjA6IiI7fXM6NjoidGFibGV0IjthOjY6e3M6Mzoic3JjIjtzOjExOToiaHR0cDovL25sbWFmLmR2bC50bzo4MDAwL2ltZy81MjJiOWZhNC05YTg4LTRmMmUtODNiYi1kOTMzNDI3YmJjYTQva2VsbHkuanBlZz9mbT1qcGcmcT04MCZmaXQ9bWF4JmNyb3A9NDAwJTJDMzAwJTJDMCUyQzAiO3M6NToid2lkdGgiO2k6NDAwO3M6NjoiaGVpZ2h0IjtpOjMwMDtzOjM6ImFsdCI7czo1OiJLZWxseSI7czo3OiJjYXB0aW9uIjtzOjA6IiI7czo1OiJ2aWRlbyI7czowOiIiO31zOjY6Im1vYmlsZSI7YTo2OntzOjM6InNyYyI7czoxMTk6Imh0dHA6Ly9ubG1hZi5kdmwudG86ODAwMC9pbWcvNTIyYjlmYTQtOWE4OC00ZjJlLTgzYmItZDkzMzQyN2JiY2E0L2tlbGx5LmpwZWc/Zm09anBnJnE9ODAmZml0PW1heCZjcm9wPTMwMCUyQzMwMCUyQzklMkMwIjtzOjU6IndpZHRoIjtpOjMwMDtzOjY6ImhlaWdodCI7aTozMDA7czozOiJhbHQiO3M6NToiS2VsbHkiO3M6NzoiY2FwdGlvbiI7czowOiIiO3M6NToidmlkZW8iO3M6MDoiIjt9fX19fXM6Mjg6IgAqAGVzY2FwZVdoZW5DYXN0aW5nVG9TdHJpbmciO2I6MDt9fX1zOjI4OiIAKgBlc2NhcGVXaGVuQ2FzdGluZ1RvU3RyaW5nIjtiOjA7fX1zOjExOiIAKgBvcmlnaW5hbCI7YTo5OntzOjI6ImlkIjtpOjE7czoxMDoiZGVsZXRlZF9hdCI7TjtzOjEwOiJjcmVhdGVkX2F0IjtzOjE5OiIyMDI1LTA2LTIyIDIyOjQyOjU0IjtzOjEwOiJ1cGRhdGVkX2F0IjtzOjE5OiIyMDI1LTA2LTI5IDIyOjEwOjQ0IjtzOjk6InB1Ymxpc2hlZCI7aToxO3M6NDoiX2xmdCI7aToxO3M6NDoiX3JndCI7aToyO3M6OToicGFyZW50X2lkIjtOO3M6ODoicG9zaXRpb24iO2k6MTt9czoxMDoiACoAY2hhbmdlcyI7YTowOnt9czo4OiIAKgBjYXN0cyI7YToxOntzOjEwOiJkZWxldGVkX2F0IjtzOjg6ImRhdGV0aW1lIjt9czoxNzoiACoAY2xhc3NDYXN0Q2FjaGUiO2E6MDp7fXM6MjE6IgAqAGF0dHJpYnV0ZUNhc3RDYWNoZSI7YTowOnt9czoxMzoiACoAZGF0ZUZvcm1hdCI7TjtzOjEwOiIAKgBhcHBlbmRzIjthOjA6e31zOjE5OiIAKgBkaXNwYXRjaGVzRXZlbnRzIjthOjA6e31zOjE0OiIAKgBvYnNlcnZhYmxlcyI7YTowOnt9czoxMjoiACoAcmVsYXRpb25zIjthOjQ6e3M6NToic2x1Z3MiO086Mzk6IklsbHVtaW5hdGVcRGF0YWJhc2VcRWxvcXVlbnRcQ29sbGVjdGlvbiI6Mjp7czo4OiIAKgBpdGVtcyI7YToxOntpOjA7TzoyNToiQXBwXE1vZGVsc1xTbHVnc1xQYWdlU2x1ZyI6MzM6e3M6MTM6IgAqAGNvbm5lY3Rpb24iO3M6Njoic3FsaXRlIjtzOjg6IgAqAHRhYmxlIjtzOjEwOiJwYWdlX3NsdWdzIjtzOjEzOiIAKgBwcmltYXJ5S2V5IjtzOjI6ImlkIjtzOjEwOiIAKgBrZXlUeXBlIjtzOjM6ImludCI7czoxMjoiaW5jcmVtZW50aW5nIjtiOjE7czo3OiIAKgB3aXRoIjthOjA6e31zOjEyOiIAKgB3aXRoQ291bnQiO2E6MDp7fXM6MTk6InByZXZlbnRzTGF6eUxvYWRpbmciO2I6MDtzOjEwOiIAKgBwZXJQYWdlIjtpOjE1O3M6NjoiZXhpc3RzIjtiOjE7czoxODoid2FzUmVjZW50bHlDcmVhdGVkIjtiOjA7czoyODoiACoAZXNjYXBlV2hlbkNhc3RpbmdUb1N0cmluZyI7YjowO3M6MTM6IgAqAGF0dHJpYnV0ZXMiO2E6ODp7czoyOiJpZCI7aToxO3M6NzoicGFnZV9pZCI7aToxO3M6MTA6ImRlbGV0ZWRfYXQiO047czoxMDoiY3JlYXRlZF9hdCI7czoxOToiMjAyNS0wNi0yMiAyMjo0Mjo1NCI7czoxMDoidXBkYXRlZF9hdCI7czoxOToiMjAyNS0wNi0yOSAyMjoxMDo0NCI7czo0OiJzbHVnIjtzOjU6ImFib3V0IjtzOjY6ImxvY2FsZSI7czoyOiJlbiI7czo2OiJhY3RpdmUiO2k6MTt9czoxMToiACoAb3JpZ2luYWwiO2E6ODp7czoyOiJpZCI7aToxO3M6NzoicGFnZV9pZCI7aToxO3M6MTA6ImRlbGV0ZWRfYXQiO047czoxMDoiY3JlYXRlZF9hdCI7czoxOToiMjAyNS0wNi0yMiAyMjo0Mjo1NCI7czoxMDoidXBkYXRlZF9hdCI7czoxOToiMjAyNS0wNi0yOSAyMjoxMDo0NCI7czo0OiJzbHVnIjtzOjU6ImFib3V0IjtzOjY6ImxvY2FsZSI7czoyOiJlbiI7czo2OiJhY3RpdmUiO2k6MTt9czoxMDoiACoAY2hhbmdlcyI7YTowOnt9czo4OiIAKgBjYXN0cyI7YToxOntzOjEwOiJkZWxldGVkX2F0IjtzOjg6ImRhdGV0aW1lIjt9czoxNzoiACoAY2xhc3NDYXN0Q2FjaGUiO2E6MDp7fXM6MjE6IgAqAGF0dHJpYnV0ZUNhc3RDYWNoZSI7YTowOnt9czoxMzoiACoAZGF0ZUZvcm1hdCI7TjtzOjEwOiIAKgBhcHBlbmRzIjthOjA6e31zOjE5OiIAKgBkaXNwYXRjaGVzRXZlbnRzIjthOjA6e31zOjE0OiIAKgBvYnNlcnZhYmxlcyI7YTowOnt9czoxMjoiACoAcmVsYXRpb25zIjthOjA6e31zOjEwOiIAKgB0b3VjaGVzIjthOjA6e31zOjEwOiJ0aW1lc3RhbXBzIjtiOjE7czoxMzoidXNlc1VuaXF1ZUlkcyI7YjowO3M6OToiACoAaGlkZGVuIjthOjA6e31zOjEwOiIAKgB2aXNpYmxlIjthOjA6e31zOjExOiIAKgBmaWxsYWJsZSI7YTowOnt9czoxMDoiACoAZ3VhcmRlZCI7YToxOntpOjA7czoxOiIqIjt9czoyMDoiACoAcHJlc2VudGVySW5zdGFuY2UiO047czoxNjoiACoAZm9yY2VEZWxldGluZyI7YjowO3M6MjA6InRyYW5zbGF0ZWRBdHRyaWJ1dGVzIjthOjA6e319fXM6Mjg6IgAqAGVzY2FwZVdoZW5DYXN0aW5nVG9TdHJpbmciO2I6MDt9czo2OiJwYXJlbnQiO047czoxMjoidHJhbnNsYXRpb25zIjtPOjM5OiJJbGx1bWluYXRlXERhdGFiYXNlXEVsb3F1ZW50XENvbGxlY3Rpb24iOjI6e3M6ODoiACoAaXRlbXMiO2E6MTp7aTowO086Mzk6IkFwcFxNb2RlbHNcVHJhbnNsYXRpb25zXFBhZ2VUcmFuc2xhdGlvbiI6MzQ6e3M6MTM6IgAqAGNvbm5lY3Rpb24iO3M6Njoic3FsaXRlIjtzOjg6IgAqAHRhYmxlIjtzOjE3OiJwYWdlX3RyYW5zbGF0aW9ucyI7czoxMzoiACoAcHJpbWFyeUtleSI7czoyOiJpZCI7czoxMDoiACoAa2V5VHlwZSI7czozOiJpbnQiO3M6MTI6ImluY3JlbWVudGluZyI7YjoxO3M6NzoiACoAd2l0aCI7YTowOnt9czoxMjoiACoAd2l0aENvdW50IjthOjA6e31zOjE5OiJwcmV2ZW50c0xhenlMb2FkaW5nIjtiOjA7czoxMDoiACoAcGVyUGFnZSI7aToxNTtzOjY6ImV4aXN0cyI7YjoxO3M6MTg6Indhc1JlY2VudGx5Q3JlYXRlZCI7YjowO3M6Mjg6IgAqAGVzY2FwZVdoZW5DYXN0aW5nVG9TdHJpbmciO2I6MDtzOjEzOiIAKgBhdHRyaWJ1dGVzIjthOjEwOntzOjI6ImlkIjtpOjE7czo3OiJwYWdlX2lkIjtpOjE7czoxMDoiZGVsZXRlZF9hdCI7TjtzOjEwOiJjcmVhdGVkX2F0IjtzOjE5OiIyMDI1LTA2LTIyIDIyOjQyOjU0IjtzOjEwOiJ1cGRhdGVkX2F0IjtzOjE5OiIyMDI1LTA2LTI5IDIyOjEwOjQ0IjtzOjY6ImxvY2FsZSI7czoyOiJlbiI7czo2OiJhY3RpdmUiO2k6MTtzOjU6InRpdGxlIjtzOjU6IkFib3V0IjtzOjEwOiJtZXRhX3RpdGxlIjtzOjQyOiJObyBMaW1pdHMgTWFydGlhbCBBcnRzIGFuZCBGaXRuZXNzIHwgQWJvdXQiO3M6MTY6Im1ldGFfZGVzY3JpcHRpb24iO047fXM6MTE6IgAqAG9yaWdpbmFsIjthOjEwOntzOjI6ImlkIjtpOjE7czo3OiJwYWdlX2lkIjtpOjE7czoxMDoiZGVsZXRlZF9hdCI7TjtzOjEwOiJjcmVhdGVkX2F0IjtzOjE5OiIyMDI1LTA2LTIyIDIyOjQyOjU0IjtzOjEwOiJ1cGRhdGVkX2F0IjtzOjE5OiIyMDI1LTA2LTI5IDIyOjEwOjQ0IjtzOjY6ImxvY2FsZSI7czoyOiJlbiI7czo2OiJhY3RpdmUiO2k6MTtzOjU6InRpdGxlIjtzOjU6IkFib3V0IjtzOjEwOiJtZXRhX3RpdGxlIjtzOjQyOiJObyBMaW1pdHMgTWFydGlhbCBBcnRzIGFuZCBGaXRuZXNzIHwgQWJvdXQiO3M6MTY6Im1ldGFfZGVzY3JpcHRpb24iO047fXM6MTA6IgAqAGNoYW5nZXMiO2E6MDp7fXM6ODoiACoAY2FzdHMiO2E6MTp7czoxMDoiZGVsZXRlZF9hdCI7czo4OiJkYXRldGltZSI7fXM6MTc6IgAqAGNsYXNzQ2FzdENhY2hlIjthOjA6e31zOjIxOiIAKgBhdHRyaWJ1dGVDYXN0Q2FjaGUiO2E6MDp7fXM6MTM6IgAqAGRhdGVGb3JtYXQiO047czoxMDoiACoAYXBwZW5kcyI7YTowOnt9czoxOToiACoAZGlzcGF0Y2hlc0V2ZW50cyI7YTowOnt9czoxNDoiACoAb2JzZXJ2YWJsZXMiO2E6MDp7fXM6MTI6IgAqAHJlbGF0aW9ucyI7YTowOnt9czoxMDoiACoAdG91Y2hlcyI7YTowOnt9czoxMDoidGltZXN0YW1wcyI7YjoxO3M6MTM6InVzZXNVbmlxdWVJZHMiO2I6MDtzOjk6IgAqAGhpZGRlbiI7YTowOnt9czoxMDoiACoAdmlzaWJsZSI7YTowOnt9czoxMToiACoAZmlsbGFibGUiO2E6MDp7fXM6MTA6IgAqAGd1YXJkZWQiO2E6MTp7aTowO3M6MToiKiI7fXM6MjA6IgAqAHByZXNlbnRlckluc3RhbmNlIjtOO3M6MTY6IgAqAGZvcmNlRGVsZXRpbmciO2I6MDtzOjIwOiJ0cmFuc2xhdGVkQXR0cmlidXRlcyI7YTowOnt9czoxODoiACoAYmFzZU1vZHVsZU1vZGVsIjtzOjE1OiJBcHBcTW9kZWxzXFBhZ2UiO319czoyODoiACoAZXNjYXBlV2hlbkNhc3RpbmdUb1N0cmluZyI7YjowO31zOjY6Im1lZGlhcyI7TzozOToiSWxsdW1pbmF0ZVxEYXRhYmFzZVxFbG9xdWVudFxDb2xsZWN0aW9uIjoyOntzOjg6IgAqAGl0ZW1zIjthOjA6e31zOjI4OiIAKgBlc2NhcGVXaGVuQ2FzdGluZ1RvU3RyaW5nIjtiOjA7fX1zOjEwOiIAKgB0b3VjaGVzIjthOjA6e31zOjEwOiJ0aW1lc3RhbXBzIjtiOjE7czoxMzoidXNlc1VuaXF1ZUlkcyI7YjowO3M6OToiACoAaGlkZGVuIjthOjA6e31zOjEwOiIAKgB2aXNpYmxlIjthOjA6e31zOjExOiIAKgBmaWxsYWJsZSI7YTo1OntpOjA7czo5OiJwdWJsaXNoZWQiO2k6MTtzOjU6InRpdGxlIjtpOjI7czoxMDoibWV0YV90aXRsZSI7aTozO3M6MTY6Im1ldGFfZGVzY3JpcHRpb24iO2k6NDtzOjg6InBvc2l0aW9uIjt9czoxMDoiACoAZ3VhcmRlZCI7YToxOntpOjA7czoxOiIqIjt9czoyMDoiACoAcHJlc2VudGVySW5zdGFuY2UiO047czoxNjoiACoAZm9yY2VEZWxldGluZyI7YjowO3M6MjA6InRyYW5zbGF0ZWRBdHRyaWJ1dGVzIjthOjQ6e2k6MDtzOjU6InRpdGxlIjtpOjE7czoxMDoibWV0YV90aXRsZSI7aToyO3M6MTY6Im1ldGFfZGVzY3JpcHRpb24iO2k6MztzOjY6ImFjdGl2ZSI7fXM6MTQ6InNsdWdBdHRyaWJ1dGVzIjthOjE6e2k6MDtzOjU6InRpdGxlIjt9czoxNjoicHVibGljQXR0cmlidXRlcyI7YTo1OntpOjA7czo1OiJ0aXRsZSI7aToxO3M6MTA6Im1ldGFfdGl0bGUiO2k6MjtzOjE2OiJtZXRhX2Rlc2NyaXB0aW9uIjtpOjM7czo2OiJibG9ja3MiO2k6NDtzOjg6InBvc2l0aW9uIjt9czoxNjoiACoAZGVmYXVsdExvY2FsZSI7TjtzOjEzOiJ0d2lsbFNsdWdEYXRhIjthOjA6e31zOjE3OiIAKgBjcm9wUGFyYW1zS2V5cyI7YTo0OntpOjA7czo2OiJjcm9wX3giO2k6MTtzOjY6ImNyb3BfeSI7aToyO3M6NjoiY3JvcF93IjtpOjM7czo2OiJjcm9wX2giO31zOjEwOiIAKgBwZW5kaW5nIjtOO3M6ODoiACoAbW92ZWQiO2I6MDt9',2067054719);
INSERT INTO cache VALUES('nlmaf_cache_twill-manifest','a:33:{s:15:"Inter-Bold.woff";s:44:"/assets/twill/fonts/Inter-Bold.c770cfb9.woff";s:16:"Inter-Bold.woff2";s:45:"/assets/twill/fonts/Inter-Bold.17fc55dd.woff2";s:21:"Inter-BoldItalic.woff";s:50:"/assets/twill/fonts/Inter-BoldItalic.4830a219.woff";s:22:"Inter-BoldItalic.woff2";s:51:"/assets/twill/fonts/Inter-BoldItalic.3616ad4f.woff2";s:17:"Inter-Italic.woff";s:46:"/assets/twill/fonts/Inter-Italic.ec075471.woff";s:18:"Inter-Italic.woff2";s:47:"/assets/twill/fonts/Inter-Italic.3e44c6fa.woff2";s:17:"Inter-Medium.woff";s:46:"/assets/twill/fonts/Inter-Medium.cb882891.woff";s:18:"Inter-Medium.woff2";s:47:"/assets/twill/fonts/Inter-Medium.fadc0302.woff2";s:23:"Inter-MediumItalic.woff";s:52:"/assets/twill/fonts/Inter-MediumItalic.5dcf5a66.woff";s:24:"Inter-MediumItalic.woff2";s:53:"/assets/twill/fonts/Inter-MediumItalic.7cd62035.woff2";s:18:"Inter-Regular.woff";s:47:"/assets/twill/fonts/Inter-Regular.4f8a0d7b.woff";s:19:"Inter-Regular.woff2";s:48:"/assets/twill/fonts/Inter-Regular.a2b4ebbf.woff2";s:16:"chunk-common.css";s:43:"/assets/twill/css/chunk-common.eea3635b.css";s:15:"chunk-common.js";s:41:"/assets/twill/js/chunk-common.03a98958.js";s:17:"chunk-vendors.css";s:44:"/assets/twill/css/chunk-vendors.96caa2e9.css";s:16:"chunk-vendors.js";s:42:"/assets/twill/js/chunk-vendors.a20b3d59.js";s:15:"icons-files.php";s:47:"/views/partials/icons/icons-files-svg.blade.php";s:17:"icons-wysiwyg.php";s:49:"/views/partials/icons/icons-wysiwyg-svg.blade.php";s:9:"icons.php";s:41:"/views/partials/icons/icons-svg.blade.php";s:16:"main-buckets.css";s:43:"/assets/twill/css/main-buckets.bd3bf89d.css";s:17:"main-buckets.html";s:18:"/main-buckets.html";s:15:"main-buckets.js";s:41:"/assets/twill/js/main-buckets.a5ef5711.js";s:18:"main-dashboard.css";s:45:"/assets/twill/css/main-dashboard.08050331.css";s:19:"main-dashboard.html";s:20:"/main-dashboard.html";s:17:"main-dashboard.js";s:43:"/assets/twill/js/main-dashboard.a2ec0df9.js";s:13:"main-form.css";s:40:"/assets/twill/css/main-form.861de3c5.css";s:14:"main-form.html";s:15:"/main-form.html";s:12:"main-form.js";s:38:"/assets/twill/js/main-form.924688f6.js";s:14:"main-free.html";s:15:"/main-free.html";s:12:"main-free.js";s:38:"/assets/twill/js/main-free.cdce1f23.js";s:16:"main-listing.css";s:43:"/assets/twill/css/main-listing.ecd5753d.css";s:17:"main-listing.html";s:18:"/main-listing.html";s:15:"main-listing.js";s:41:"/assets/twill/js/main-listing.01ea5744.js";}',2067108657);
INSERT INTO cache VALUES('nlmaf_cache_571a1e01ba7b607b5bf173b0c2e189c4:timer','i:1751760412;',1751760412);
INSERT INTO cache VALUES('nlmaf_cache_571a1e01ba7b607b5bf173b0c2e189c4','i:1;',1751760412);
CREATE TABLE IF NOT EXISTS "cache_locks" ("key" varchar not null, "owner" varchar not null, "expiration" integer not null, primary key ("key"));
CREATE TABLE IF NOT EXISTS "jobs" ("id" integer primary key , "queue" varchar not null, "payload" text not null, "attempts" integer not null, "reserved_at" integer, "available_at" integer not null, "created_at" integer not null);
CREATE TABLE IF NOT EXISTS "job_batches" ("id" varchar not null, "name" varchar not null, "total_jobs" integer not null, "pending_jobs" integer not null, "failed_jobs" integer not null, "failed_job_ids" text not null, "options" text, "cancelled_at" integer, "created_at" integer not null, "finished_at" integer, primary key ("id"));
CREATE TABLE IF NOT EXISTS "failed_jobs" ("id" integer primary key , "uuid" varchar not null, "connection" text not null, "queue" text not null, "payload" text not null, "exception" text not null, "failed_at" timestamp not null default CURRENT_TIMESTAMP);
CREATE TABLE IF NOT EXISTS "twill_users" ("id" integer primary key , "deleted_at" timestamp, "created_at" timestamp, "updated_at" timestamp, "published" smallint not null default '0', "name" varchar not null, "email" varchar not null, "password" varchar, "role" varchar not null, "title" varchar, "description" text, "remember_token" varchar, "language" varchar, "last_login_at" timestamp, "registered_at" timestamp, "require_new_password" smallint not null default '0');
INSERT INTO twill_users VALUES(1,NULL,'2025-06-22 20:13:49','2025-07-05 20:06:10',1,'Admin','dev@nolimitsmaf.com','$2y$12$eH.yc3f3gA8mxGMBKx.C8OzwspShZUpIgW.9NcMl4Di/5sR4E0H/2','SUPERADMIN',NULL,NULL,NULL,NULL,'2025-07-05 20:06:10','2025-06-22 20:13:49',0);
CREATE TABLE IF NOT EXISTS "twill_blocks" ("id" integer primary key , "blockable_id" integer, "blockable_type" varchar, "position" integer not null, "content" text not null, "type" varchar not null, "child_key" varchar, "parent_id" integer, "editor_name" varchar);
INSERT INTO twill_blocks VALUES(1,1,'home',1,'{"variant":"default","heading":"Reach Your Goals With No Limits","button_text":"Join Us!","button_url":"\/register","details":"At No Limits Martial Arts and Fitness we believe everyone can live a healthier lifestyle."}','common-hero',NULL,NULL,'default');
INSERT INTO twill_blocks VALUES(2,1,'home',2,'{}','common-slider',NULL,NULL,'default');
INSERT INTO twill_blocks VALUES(3,1,'home',1,'{"heading":"Time No Limit"}','dynamic-repeater-slides','slides',2,'default');
INSERT INTO twill_blocks VALUES(4,1,'home',2,'{"heading":"Location No Limit"}','dynamic-repeater-slides','slides',2,'default');
INSERT INTO twill_blocks VALUES(5,1,'home',3,'{"heading":"Experience No Limit"}','dynamic-repeater-slides','slides',2,'default');
INSERT INTO twill_blocks VALUES(6,1,'page',2,'{"heading":"Meet Our Team","type":"profile"}','common-cards',NULL,NULL,'default');
INSERT INTO twill_blocks VALUES(7,1,'page',1,'{"title":"Brianne Jackson","details":"Master"}','dynamic-repeater-cards','cards',6,'default');
INSERT INTO twill_blocks VALUES(8,1,'page',2,'{"title":"Juliet Ruiz","details":"Instructor"}','dynamic-repeater-cards','cards',6,'default');
INSERT INTO twill_blocks VALUES(9,1,'page',3,'{"title":"Kelly Tyger","details":"Instructor"}','dynamic-repeater-cards','cards',6,'default');
INSERT INTO twill_blocks VALUES(10,1,'page',1,'{"variant":"banner","heading":"Made for the Way You Move"}','common-hero',NULL,NULL,'default');
INSERT INTO twill_blocks VALUES(11,1,'program',1,'{}','common-image',NULL,NULL,'default');
INSERT INTO twill_blocks VALUES(71,1,'news',1,'{"details":"This is some new","heading":"News"}','common-news',NULL,NULL,'content');
INSERT INTO twill_blocks VALUES(72,2,'news',1,'{"event_date":"2025-07-30T16:00:00.000Z","details":"This is an event","heading":"New Event","date":"2025-07-26T16:00:00.000Z"}','common-event',NULL,NULL,'content');
INSERT INTO twill_blocks VALUES(73,3,'news',1,'{"heading":"Second","date":"2025-07-31T16:00:00.000Z","details":"Second"}','common-event',NULL,NULL,'content');
INSERT INTO twill_blocks VALUES(74,4,'news',1,'{"heading":"Heading","details":"Details"}','common-news',NULL,NULL,'content');
CREATE TABLE IF NOT EXISTS "twill_medias" ("id" integer primary key , "created_at" timestamp, "updated_at" timestamp, "deleted_at" timestamp, "uuid" text not null, "alt_text" text, "width" integer not null, "height" integer not null, "caption" text, "filename" text);
INSERT INTO twill_medias VALUES(1,'2025-06-22 22:32:23','2025-06-22 22:32:23',NULL,'94a0607a-5def-4c84-bb83-365571f3ab32/brianne.jpeg','Brianne ',400,300,NULL,'brianne .jpeg');
INSERT INTO twill_medias VALUES(2,'2025-06-22 22:37:47','2025-06-22 22:37:47',NULL,'3be3e14f-2032-4a2f-9b30-a03e32502d65/firefly-a-group-of-3-to-5-experienced-runners-running-on-a-trail-707877.jpg','Firefly a group of 3 to 5 experienced runners running on a trail 707877',2048,2048,NULL,'Firefly_a group of 3 to 5 experienced runners running on a trail 707877.jpg');
INSERT INTO twill_medias VALUES(3,'2025-06-22 22:40:30','2025-06-22 22:40:30',NULL,'50baf355-568c-4bef-8c2d-a03a778bfbee/firefly-a-pair-of-elderly-women-walking-in-the-park-for-fitness-411060.jpg','Firefly a pair of elderly women walking in the park for fitness 411060',2048,2048,NULL,'Firefly_a pair of elderly women walking in the park for fitness 411060.jpg');
INSERT INTO twill_medias VALUES(4,'2025-06-22 22:41:13','2025-06-22 22:41:13',NULL,'e9fb8198-243b-4440-a1b0-f50c5708eb91/z2y0zzbqstj981ic-dalle2024-12-0219-52-09-aconceptualimagerepresentinglocationnotbeingalimitingfactor-apersonstandinginthecenterofaglowingworldmapwithvibrantconnections.jpeg','Z2y0zZbqstJ981IC DALLE2024 12 0219.52.09 Aconceptualimagerepresentinglocationnotbeingalimitingfactor apersonstandinginthecenterofaglowingworldmap,withvibrantconnections',659,350,NULL,'Z2y0zZbqstJ981IC_DALLE2024-12-0219.52.09-Aconceptualimagerepresentinglocationnotbeingalimitingfactor_apersonstandinginthecenterofaglowingworldmap,withvibrantconnections.jpeg');
INSERT INTO twill_medias VALUES(5,'2025-06-22 22:41:20','2025-06-22 22:41:20',NULL,'da396ae4-2717-49e9-a267-8cbd9c2de074/firefly-a-teenage-boy-lifting-weights-698148.jpg','Firefly a teenage boy lifting weights 698148',2048,2048,NULL,'Firefly_a teenage boy lifting weights 698148.jpg');
INSERT INTO twill_medias VALUES(6,'2025-06-22 22:42:21','2025-06-22 22:42:21',NULL,'a2d779b2-91dc-4065-8d82-feac5752375a/gemini-generated-image-ym2rqqym2rqqym2r.png','Gemini Generated Image ym2rqqym2rqqym2r',1024,694,NULL,'Gemini_Generated_Image_ym2rqqym2rqqym2r.png');
INSERT INTO twill_medias VALUES(7,'2025-06-22 23:01:32','2025-06-22 23:01:32',NULL,'a0153669-840b-42ee-819d-f675937d6df2/z2y0zzbqstj981ic-dalle2024-12-0219-52-09-aconceptualimagerepresentinglocationnotbeingalimitingfactor-apersonstandinginthecenterofaglowingworldmapwithvibrantconnections.jpeg','Z2y0zZbqstJ981IC DALLE2024 12 0219.52.09 Aconceptualimagerepresentinglocationnotbeingalimitingfactor apersonstandinginthecenterofaglowingworldmap,withvibrantconnections',659,350,NULL,'Z2y0zZbqstJ981IC_DALLE2024-12-0219.52.09-Aconceptualimagerepresentinglocationnotbeingalimitingfactor_apersonstandinginthecenterofaglowingworldmap,withvibrantconnections.jpeg');
INSERT INTO twill_medias VALUES(8,'2025-06-22 23:02:02','2025-06-22 23:02:02',NULL,'90727c60-8b9d-4ec7-bc33-4450bb1cfa0b/z2y1i5bqstj981ie-dalle2024-12-1323-39-48-adynamicandmotivationalillustrationemphasizingtheideaoflimitlessfitnessopportunitiesinvariouslocations-theimageshowsdiverseindividu.jpeg','Z2y1I5bqstJ981IE DALLE2024 12 1323.39.48 Adynamicandmotivationalillustrationemphasizingtheideaoflimitlessfitnessopportunitiesinvariouslocations.Theimageshowsdiverseindividu',650,350,NULL,'Z2y1I5bqstJ981IE_DALLE2024-12-1323.39.48-Adynamicandmotivationalillustrationemphasizingtheideaoflimitlessfitnessopportunitiesinvariouslocations.Theimageshowsdiverseindividu.jpeg');
INSERT INTO twill_medias VALUES(9,'2025-06-22 23:22:13','2025-06-22 23:22:13',NULL,'1a9c37ce-ac27-418d-9c1a-e2ef948867b7/juliet.jpeg','Juliet',400,300,NULL,'Juliet.jpeg');
INSERT INTO twill_medias VALUES(10,'2025-06-22 23:22:42','2025-06-22 23:22:42',NULL,'522b9fa4-9a88-4f2e-83bb-d933427bbca4/kelly.jpeg','Kelly',400,300,NULL,'Kelly.jpeg');
INSERT INTO twill_medias VALUES(11,'2025-06-23 15:13:39','2025-06-23 15:13:39',NULL,'640f7751-172b-4e83-b84a-ff0db549e635/gemini-generated-image-e25k7be25k7be25k.jpg','Gemini Generated Image e25k7be25k7be25k',2048,2048,NULL,'Gemini_Generated_Image_e25k7be25k7be25k.jpg');
INSERT INTO twill_medias VALUES(12,'2025-06-23 17:35:51','2025-06-23 17:35:51',NULL,'fc8b2d20-88bc-43c5-896e-ebd58ba3ada0/firefly-dynamic-shot-of-an-individual-clearly-a-parent-or-professional-performing-a-powerf-275444.jpg','Firefly  Dynamic shot of an individual, clearly a parent or professional, performing a powerf 275444',2688,1536,NULL,'Firefly_-Dynamic shot of an individual, clearly a parent or professional, performing a powerf 275444.jpg');
CREATE TABLE IF NOT EXISTS "twill_mediables" ("id" integer primary key , "created_at" timestamp, "updated_at" timestamp, "deleted_at" timestamp, "mediable_id" integer, "mediable_type" varchar, "media_id" integer not null, "crop_x" integer, "crop_y" integer, "crop_w" integer, "crop_h" integer, "role" varchar, "crop" varchar, "lqip_data" text, "ratio" varchar, "metadatas" text not null, "locale" varchar not null default 'en', "position" integer not null default '1', foreign key("media_id") references "twill_medias"("id") on delete cascade on update cascade);
INSERT INTO twill_mediables VALUES(10,'2025-06-22 23:02:13','2025-06-23 17:36:16',NULL,3,'blocks',6,0,0,1024,694,'image','desktop',NULL,'desktop','{"caption":null,"altText":null,"video":null}','en',1);
INSERT INTO twill_mediables VALUES(11,'2025-06-22 23:02:13','2025-06-23 17:36:16',NULL,3,'blocks',6,22,0,924,694,'image','tablet',NULL,'tablet','{"caption":null,"altText":null,"video":null}','en',1);
INSERT INTO twill_mediables VALUES(12,'2025-06-22 23:02:13','2025-06-23 17:36:16',NULL,3,'blocks',6,22,0,694,694,'image','mobile',NULL,'mobile','{"caption":null,"altText":null,"video":null}','en',1);
INSERT INTO twill_mediables VALUES(13,'2025-06-22 23:02:13','2025-06-23 17:36:16',NULL,4,'blocks',4,0,0,659,350,'image','desktop',NULL,'desktop','{"caption":null,"altText":null,"video":null}','en',1);
INSERT INTO twill_mediables VALUES(14,'2025-06-22 23:02:13','2025-06-23 17:36:16',NULL,4,'blocks',4,186,0,466,350,'image','tablet',NULL,'tablet','{"caption":null,"altText":null,"video":null}','en',1);
INSERT INTO twill_mediables VALUES(15,'2025-06-22 23:02:13','2025-06-23 17:36:16',NULL,4,'blocks',4,306,0,350,350,'image','mobile',NULL,'mobile','{"caption":null,"altText":null,"video":null}','en',1);
INSERT INTO twill_mediables VALUES(16,'2025-06-22 23:02:13','2025-06-23 17:36:16',NULL,5,'blocks',8,0,0,650,350,'image','desktop',NULL,'desktop','{"caption":null,"altText":null,"video":null}','en',1);
INSERT INTO twill_mediables VALUES(17,'2025-06-22 23:02:13','2025-06-23 17:36:16',NULL,5,'blocks',8,175,0,467,350,'image','tablet',NULL,'tablet','{"caption":null,"altText":null,"video":null}','en',1);
INSERT INTO twill_mediables VALUES(18,'2025-06-22 23:02:13','2025-06-23 17:36:16',NULL,5,'blocks',8,296,0,350,350,'image','mobile',NULL,'mobile','{"caption":null,"altText":null,"video":null}','en',1);
INSERT INTO twill_mediables VALUES(49,'2025-06-22 23:24:48','2025-06-29 22:10:44',NULL,10,'blocks',2,0,0,2048,2048,'image','desktop',NULL,'desktop','{"caption":null,"altText":null,"video":null}','en',1);
INSERT INTO twill_mediables VALUES(50,'2025-06-22 23:24:48','2025-06-29 22:10:44',NULL,10,'blocks',2,0,448,2048,1536,'image','tablet',NULL,'tablet','{"caption":null,"altText":null,"video":null}','en',1);
INSERT INTO twill_mediables VALUES(51,'2025-06-22 23:24:48','2025-06-29 22:10:44',NULL,10,'blocks',2,0,0,2048,2048,'image','mobile',NULL,'mobile','{"caption":null,"altText":null,"video":null}','en',1);
INSERT INTO twill_mediables VALUES(52,'2025-06-22 23:24:48','2025-06-29 22:10:44',NULL,7,'blocks',1,0,0,400,300,'image','desktop',NULL,'desktop','{"caption":null,"altText":null,"video":null}','en',1);
INSERT INTO twill_mediables VALUES(53,'2025-06-22 23:24:48','2025-06-29 22:10:44',NULL,7,'blocks',1,0,0,400,300,'image','tablet',NULL,'tablet','{"caption":null,"altText":null,"video":null}','en',1);
INSERT INTO twill_mediables VALUES(54,'2025-06-22 23:24:48','2025-06-29 22:10:44',NULL,7,'blocks',1,9,0,300,300,'image','mobile',NULL,'mobile','{"caption":null,"altText":null,"video":null}','en',1);
INSERT INTO twill_mediables VALUES(55,'2025-06-22 23:24:48','2025-06-29 22:10:44',NULL,8,'blocks',9,0,0,400,300,'image','desktop',NULL,'desktop','{"caption":null,"altText":null,"video":null}','en',1);
INSERT INTO twill_mediables VALUES(56,'2025-06-22 23:24:48','2025-06-29 22:10:44',NULL,8,'blocks',9,0,0,400,300,'image','tablet',NULL,'tablet','{"caption":null,"altText":null,"video":null}','en',1);
INSERT INTO twill_mediables VALUES(57,'2025-06-22 23:24:48','2025-06-29 22:10:44',NULL,8,'blocks',9,9,0,300,300,'image','mobile',NULL,'mobile','{"caption":null,"altText":null,"video":null}','en',1);
INSERT INTO twill_mediables VALUES(58,'2025-06-22 23:24:48','2025-06-29 22:10:44',NULL,9,'blocks',10,0,0,400,300,'image','desktop',NULL,'desktop','{"caption":null,"altText":null,"video":null}','en',1);
INSERT INTO twill_mediables VALUES(59,'2025-06-22 23:24:48','2025-06-29 22:10:44',NULL,9,'blocks',10,0,0,400,300,'image','tablet',NULL,'tablet','{"caption":null,"altText":null,"video":null}','en',1);
INSERT INTO twill_mediables VALUES(60,'2025-06-22 23:24:48','2025-06-29 22:10:44',NULL,9,'blocks',10,9,0,300,300,'image','mobile',NULL,'mobile','{"caption":null,"altText":null,"video":null}','en',1);
INSERT INTO twill_mediables VALUES(61,'2025-06-23 15:13:46','2025-06-27 23:58:17',NULL,11,'blocks',11,0,64,2048,1152,'common_image','desktop',NULL,'desktop','{"caption":null,"altText":null,"video":null}','en',1);
INSERT INTO twill_mediables VALUES(62,'2025-06-23 15:13:46','2025-06-27 23:58:17',NULL,11,'blocks',11,0,64,2048,1536,'common_image','tablet',NULL,'tablet','{"caption":null,"altText":null,"video":null}','en',1);
INSERT INTO twill_mediables VALUES(63,'2025-06-23 15:13:46','2025-06-27 23:58:17',NULL,11,'blocks',11,0,0,2048,2048,'common_image','mobile',NULL,'mobile','{"caption":null,"altText":null,"video":null}','en',1);
INSERT INTO twill_mediables VALUES(64,'2025-06-23 17:36:16','2025-06-23 17:36:16',NULL,1,'blocks',12,0,0,2688,1400,'image','desktop',NULL,'desktop','{"caption":null,"altText":null,"video":null}','en',1);
INSERT INTO twill_mediables VALUES(65,'2025-06-23 17:36:16','2025-06-23 17:36:16',NULL,1,'blocks',12,576,0,2046,1536,'image','tablet',NULL,'tablet','{"caption":null,"altText":null,"video":null}','en',1);
INSERT INTO twill_mediables VALUES(66,'2025-06-23 17:36:16','2025-06-23 17:36:16',NULL,1,'blocks',12,672,0,1536,1536,'image','mobile',NULL,'mobile','{"caption":null,"altText":null,"video":null}','en',1);
INSERT INTO twill_mediables VALUES(67,'2025-07-03 14:40:14','2025-07-03 16:43:10',NULL,71,'blocks',5,0,0,2048,2048,'image','desktop',NULL,'desktop','{"caption":null,"altText":null,"video":null}','en',1);
INSERT INTO twill_mediables VALUES(68,'2025-07-03 14:40:14','2025-07-03 16:43:10',NULL,71,'blocks',5,0,192,2048,1536,'image','tablet',NULL,'tablet','{"caption":null,"altText":null,"video":null}','en',1);
INSERT INTO twill_mediables VALUES(69,'2025-07-03 14:40:14','2025-07-03 16:43:10',NULL,71,'blocks',5,0,0,2048,2048,'image','mobile',NULL,'mobile','{"caption":null,"altText":null,"video":null}','en',1);
INSERT INTO twill_mediables VALUES(70,'2025-07-03 14:40:58','2025-07-03 16:26:25',NULL,72,'blocks',3,0,0,2048,2048,'image','desktop',NULL,'desktop','{"caption":null,"altText":null,"video":null}','en',1);
INSERT INTO twill_mediables VALUES(71,'2025-07-03 14:40:58','2025-07-03 16:26:25',NULL,72,'blocks',3,0,320,2048,1536,'image','tablet',NULL,'tablet','{"caption":null,"altText":null,"video":null}','en',1);
INSERT INTO twill_mediables VALUES(72,'2025-07-03 14:40:58','2025-07-03 16:26:25',NULL,72,'blocks',3,0,0,2048,2048,'image','mobile',NULL,'mobile','{"caption":null,"altText":null,"video":null}','en',1);
INSERT INTO twill_mediables VALUES(73,'2025-07-03 16:45:48','2025-07-03 16:45:48',NULL,73,'blocks',3,0,0,2048,2048,'image','desktop',NULL,'desktop','{"caption":null,"altText":null,"video":null}','en',1);
INSERT INTO twill_mediables VALUES(74,'2025-07-03 16:45:48','2025-07-03 16:45:48',NULL,73,'blocks',3,0,320,2048,1536,'image','tablet',NULL,'tablet','{"caption":null,"altText":null,"video":null}','en',1);
INSERT INTO twill_mediables VALUES(75,'2025-07-03 16:45:48','2025-07-03 16:45:48',NULL,73,'blocks',3,0,0,2048,2048,'image','mobile',NULL,'mobile','{"caption":null,"altText":null,"video":null}','en',1);
INSERT INTO twill_mediables VALUES(76,'2025-07-03 16:50:03','2025-07-03 16:50:03',NULL,74,'blocks',2,0,0,2048,2048,'image','desktop',NULL,'desktop','{"caption":null,"altText":null,"video":null}','en',1);
INSERT INTO twill_mediables VALUES(77,'2025-07-03 16:50:03','2025-07-03 16:50:03',NULL,74,'blocks',2,0,448,2048,1536,'image','tablet',NULL,'tablet','{"caption":null,"altText":null,"video":null}','en',1);
INSERT INTO twill_mediables VALUES(78,'2025-07-03 16:50:03','2025-07-03 16:50:03',NULL,74,'blocks',2,0,0,2048,2048,'image','mobile',NULL,'mobile','{"caption":null,"altText":null,"video":null}','en',1);
CREATE TABLE IF NOT EXISTS "twill_files" ("id" integer primary key , "created_at" timestamp, "updated_at" timestamp, "deleted_at" timestamp, "uuid" text not null, "filename" text, "size" integer not null);
CREATE TABLE IF NOT EXISTS "twill_settings" ("id" integer primary key , "created_at" timestamp, "updated_at" timestamp, "deleted_at" timestamp, "key" varchar, "section" varchar);
CREATE TABLE IF NOT EXISTS "twill_setting_translations" ("id" integer primary key , "twill_setting_id" integer not null, "deleted_at" timestamp, "created_at" timestamp, "updated_at" timestamp, "locale" varchar not null, "active" smallint not null default '0', "value" text, foreign key("twill_setting_id") references "twill_settings"("id") on delete CASCADE);
CREATE TABLE IF NOT EXISTS "twill_tagged" ("id" integer primary key , "taggable_type" varchar not null, "taggable_id" integer not null, "tag_id" integer not null);
CREATE TABLE IF NOT EXISTS "twill_tags" ("id" integer primary key , "namespace" varchar not null, "slug" varchar not null, "name" varchar not null, "count" integer not null default '0');
CREATE TABLE IF NOT EXISTS "twill_features" ("id" integer primary key , "featured_id" varchar not null, "featured_type" varchar not null, "bucket_key" varchar not null, "position" integer not null, "starred" smallint not null default '0', "created_at" timestamp, "updated_at" timestamp);
CREATE TABLE IF NOT EXISTS "twill_related" ("id" integer primary key , "subject_id" integer, "subject_type" varchar not null, "related_id" integer, "related_type" varchar not null, "browser_name" varchar not null, "position" integer not null);
CREATE TABLE IF NOT EXISTS "twill_fileables" ("id" integer primary key , "created_at" timestamp, "updated_at" timestamp, "deleted_at" timestamp, "file_id" integer not null, "fileable_id" integer, "fileable_type" varchar, "role" varchar, "locale" varchar not null, "position" integer not null default '1', foreign key("file_id") references twill_files("id") on delete cascade on update cascade);
CREATE TABLE IF NOT EXISTS "activity_log" ("id" integer primary key , "log_name" varchar, "description" text not null, "subject_id" integer, "subject_type" varchar, "causer_id" integer, "causer_type" varchar, "properties" text, "created_at" timestamp, "updated_at" timestamp, "event" varchar, "batch_uuid" varchar);
INSERT INTO activity_log VALUES(1,'default','updated',1,'home',1,'users','[]','2025-06-22 20:17:05','2025-06-22 20:17:05',NULL,NULL);
INSERT INTO activity_log VALUES(2,'default','updated',1,'home',1,'users','[]','2025-06-22 20:58:57','2025-06-22 20:58:57',NULL,NULL);
INSERT INTO activity_log VALUES(3,'default','updated',1,'home',1,'users','[]','2025-06-22 22:42:38','2025-06-22 22:42:38',NULL,NULL);
INSERT INTO activity_log VALUES(4,'default','created',1,'page',1,'users','[]','2025-06-22 22:42:54','2025-06-22 22:42:54',NULL,NULL);
INSERT INTO activity_log VALUES(5,'default','updated',1,'page',1,'users','[]','2025-06-22 22:42:59','2025-06-22 22:42:59',NULL,NULL);
INSERT INTO activity_log VALUES(6,'default','updated',1,'home',1,'users','[]','2025-06-22 22:56:29','2025-06-22 22:56:29',NULL,NULL);
INSERT INTO activity_log VALUES(7,'default','updated',1,'home',1,'users','[]','2025-06-22 23:02:13','2025-06-22 23:02:13',NULL,NULL);
INSERT INTO activity_log VALUES(8,'default','created',1,'navigation',1,'users','[]','2025-06-22 23:20:03','2025-06-22 23:20:03',NULL,NULL);
INSERT INTO activity_log VALUES(9,'default','updated',1,'navigation',1,'users','[]','2025-06-22 23:20:09','2025-06-22 23:20:09',NULL,NULL);
INSERT INTO activity_log VALUES(10,'default','created',2,'navigation',1,'users','[]','2025-06-22 23:20:47','2025-06-22 23:20:47',NULL,NULL);
INSERT INTO activity_log VALUES(11,'default','updated',2,'navigation',1,'users','[]','2025-06-22 23:20:55','2025-06-22 23:20:55',NULL,NULL);
INSERT INTO activity_log VALUES(12,'default','updated',1,'page',1,'users','[]','2025-06-22 23:22:50','2025-06-22 23:22:50',NULL,NULL);
INSERT INTO activity_log VALUES(13,'default','updated',1,'page',1,'users','[]','2025-06-22 23:23:12','2025-06-22 23:23:12',NULL,NULL);
INSERT INTO activity_log VALUES(14,'default','updated',1,'page',1,'users','[]','2025-06-22 23:24:30','2025-06-22 23:24:30',NULL,NULL);
INSERT INTO activity_log VALUES(15,'default','updated',1,'page',1,'users','[]','2025-06-22 23:24:48','2025-06-22 23:24:48',NULL,NULL);
INSERT INTO activity_log VALUES(16,'default','created',1,'program',1,'users','[]','2025-06-23 15:10:16','2025-06-23 15:10:16',NULL,NULL);
INSERT INTO activity_log VALUES(17,'default','updated',1,'program',1,'users','[]','2025-06-23 15:12:07','2025-06-23 15:12:07',NULL,NULL);
INSERT INTO activity_log VALUES(18,'default','updated',1,'program',1,'users','[]','2025-06-23 15:13:46','2025-06-23 15:13:46',NULL,NULL);
INSERT INTO activity_log VALUES(19,'default','created',3,'navigation',1,'users','[]','2025-06-23 15:14:02','2025-06-23 15:14:02',NULL,NULL);
INSERT INTO activity_log VALUES(20,'default','updated',3,'navigation',1,'users','[]','2025-06-23 15:14:32','2025-06-23 15:14:32',NULL,NULL);
INSERT INTO activity_log VALUES(21,'default','updated',1,'home',1,'users','[]','2025-06-23 17:36:16','2025-06-23 17:36:16',NULL,NULL);
INSERT INTO activity_log VALUES(22,'default','updated',3,'profile',1,'users','[]','2025-06-23 21:32:29','2025-06-23 21:32:29',NULL,NULL);
INSERT INTO activity_log VALUES(23,'default','updated',3,'profile',1,'users','[]','2025-06-23 21:33:00','2025-06-23 21:33:00',NULL,NULL);
INSERT INTO activity_log VALUES(24,'default','updated',3,'profile',1,'users','[]','2025-06-23 21:38:49','2025-06-23 21:38:49',NULL,NULL);
INSERT INTO activity_log VALUES(25,'default','updated',3,'profile',1,'users','[]','2025-06-23 21:39:05','2025-06-23 21:39:05',NULL,NULL);
INSERT INTO activity_log VALUES(26,'default','updated',3,'profile',1,'users','[]','2025-06-23 21:46:40','2025-06-23 21:46:40',NULL,NULL);
INSERT INTO activity_log VALUES(27,'default','updated',3,'profile',1,'users','[]','2025-06-23 21:49:56','2025-06-23 21:49:56',NULL,NULL);
INSERT INTO activity_log VALUES(28,'default','updated',3,'profile',1,'users','[]','2025-06-23 21:50:14','2025-06-23 21:50:14',NULL,NULL);
INSERT INTO activity_log VALUES(29,'default','updated',3,'profile',1,'users','[]','2025-06-23 21:51:32','2025-06-23 21:51:32',NULL,NULL);
INSERT INTO activity_log VALUES(30,'default','updated',3,'profile',1,'users','[]','2025-06-23 21:57:13','2025-06-23 21:57:13',NULL,NULL);
INSERT INTO activity_log VALUES(31,'default','updated',3,'profile',1,'users','[]','2025-06-23 21:57:28','2025-06-23 21:57:28',NULL,NULL);
INSERT INTO activity_log VALUES(32,'default','updated',3,'profile',1,'users','[]','2025-06-23 22:02:05','2025-06-23 22:02:05',NULL,NULL);
INSERT INTO activity_log VALUES(33,'default','updated',3,'profile',1,'users','[]','2025-06-23 22:34:43','2025-06-23 22:34:43',NULL,NULL);
INSERT INTO activity_log VALUES(34,'default','updated',3,'profile',1,'users','[]','2025-06-23 22:34:57','2025-06-23 22:34:57',NULL,NULL);
INSERT INTO activity_log VALUES(35,'default','updated',3,'profile',1,'users','[]','2025-06-23 22:37:30','2025-06-23 22:37:30',NULL,NULL);
INSERT INTO activity_log VALUES(36,'default','updated',3,'profile',1,'users','[]','2025-06-23 23:22:54','2025-06-23 23:22:54',NULL,NULL);
INSERT INTO activity_log VALUES(37,'default','updated',3,'profile',1,'users','[]','2025-06-23 23:23:02','2025-06-23 23:23:02',NULL,NULL);
INSERT INTO activity_log VALUES(38,'default','published',2,'navigation',1,'users','[]','2025-06-23 23:28:15','2025-06-23 23:28:15',NULL,NULL);
INSERT INTO activity_log VALUES(39,'default','published',3,'navigation',1,'users','[]','2025-06-23 23:28:18','2025-06-23 23:28:18',NULL,NULL);
INSERT INTO activity_log VALUES(40,'default','created',1,'belt',1,'users','[]','2025-06-25 07:30:38','2025-06-25 07:30:38',NULL,NULL);
INSERT INTO activity_log VALUES(41,'default','deleted',1,'belt',1,'users','[]','2025-06-25 08:24:36','2025-06-25 08:24:36',NULL,NULL);
INSERT INTO activity_log VALUES(42,'default','created',2,'belt',1,'users','[]','2025-06-25 08:24:44','2025-06-25 08:24:44',NULL,NULL);
INSERT INTO activity_log VALUES(43,'default','updated',2,'belt',1,'users','[]','2025-06-25 08:26:27','2025-06-25 08:26:27',NULL,NULL);
INSERT INTO activity_log VALUES(44,'default','created',3,'belt',1,'users','[]','2025-06-25 08:34:26','2025-06-25 08:34:26',NULL,NULL);
INSERT INTO activity_log VALUES(45,'default','updated',3,'belt',1,'users','[]','2025-06-25 08:34:35','2025-06-25 08:34:35',NULL,NULL);
INSERT INTO activity_log VALUES(46,'default','updated',3,'belt',1,'users','[]','2025-06-25 08:34:41','2025-06-25 08:34:41',NULL,NULL);
INSERT INTO activity_log VALUES(47,'default','created',1,'beltRequirement',1,'users','[]','2025-06-25 08:55:00','2025-06-25 08:55:00',NULL,NULL);
INSERT INTO activity_log VALUES(48,'default','updated',3,'profile',1,'users','[]','2025-06-26 16:45:15','2025-06-26 16:45:15',NULL,NULL);
INSERT INTO activity_log VALUES(49,'default','updated',1,'profile',1,'users','[]','2025-06-26 17:04:36','2025-06-26 17:04:36',NULL,NULL);
INSERT INTO activity_log VALUES(50,'default','created',2,'program',1,'users','[]','2025-06-26 18:09:53','2025-06-26 18:09:53',NULL,NULL);
INSERT INTO activity_log VALUES(51,'default','updated',3,'profile',1,'users','[]','2025-06-26 18:25:07','2025-06-26 18:25:07',NULL,NULL);
INSERT INTO activity_log VALUES(52,'default','updated',1,'program',1,'users','[]','2025-06-26 20:44:48','2025-06-26 20:44:48',NULL,NULL);
INSERT INTO activity_log VALUES(53,'default','updated',1,'program',1,'users','[]','2025-06-26 20:49:35','2025-06-26 20:49:35',NULL,NULL);
INSERT INTO activity_log VALUES(54,'default','updated',1,'profile',1,'users','[]','2025-06-26 20:49:55','2025-06-26 20:49:55',NULL,NULL);
INSERT INTO activity_log VALUES(55,'default','updated',3,'profile',1,'users','[]','2025-06-26 20:50:02','2025-06-26 20:50:02',NULL,NULL);
INSERT INTO activity_log VALUES(56,'default','deleted',2,'program',1,'users','[]','2025-06-26 21:56:13','2025-06-26 21:56:13',NULL,NULL);
INSERT INTO activity_log VALUES(57,'default','created',1,'programBelt',1,'users','[]','2025-06-26 22:05:42','2025-06-26 22:05:42',NULL,NULL);
INSERT INTO activity_log VALUES(58,'default','updated',1,'programBelt',1,'users','[]','2025-06-26 22:13:06','2025-06-26 22:13:06',NULL,NULL);
INSERT INTO activity_log VALUES(59,'default','updated',1,'programBelt',1,'users','[]','2025-06-26 22:13:13','2025-06-26 22:13:13',NULL,NULL);
INSERT INTO activity_log VALUES(60,'default','created',2,'programBelt',1,'users','[]','2025-06-26 22:13:32','2025-06-26 22:13:32',NULL,NULL);
INSERT INTO activity_log VALUES(61,'default','updated',2,'programBelt',1,'users','[]','2025-06-26 22:16:43','2025-06-26 22:16:43',NULL,NULL);
INSERT INTO activity_log VALUES(62,'default','updated',3,'profile',1,'users','[]','2025-06-27 17:12:47','2025-06-27 17:12:47',NULL,NULL);
INSERT INTO activity_log VALUES(63,'default','updated',3,'profile',1,'users','[]','2025-06-27 17:18:39','2025-06-27 17:18:39',NULL,NULL);
INSERT INTO activity_log VALUES(64,'default','updated',3,'profile',1,'users','[]','2025-06-27 17:24:27','2025-06-27 17:24:27',NULL,NULL);
INSERT INTO activity_log VALUES(65,'default','updated',3,'profile',1,'users','[]','2025-06-27 17:33:52','2025-06-27 17:33:52',NULL,NULL);
INSERT INTO activity_log VALUES(66,'default','updated',3,'profile',1,'users','[]','2025-06-27 17:34:03','2025-06-27 17:34:03',NULL,NULL);
INSERT INTO activity_log VALUES(67,'default','updated',3,'profile',1,'users','[]','2025-06-27 17:35:20','2025-06-27 17:35:20',NULL,NULL);
INSERT INTO activity_log VALUES(68,'default','updated',3,'profile',1,'users','[]','2025-06-27 17:35:32','2025-06-27 17:35:32',NULL,NULL);
INSERT INTO activity_log VALUES(69,'default','updated',3,'profile',1,'users','[]','2025-06-27 17:40:24','2025-06-27 17:40:24',NULL,NULL);
INSERT INTO activity_log VALUES(70,'default','updated',3,'profile',1,'users','[]','2025-06-27 17:40:33','2025-06-27 17:40:33',NULL,NULL);
INSERT INTO activity_log VALUES(71,'default','updated',3,'profile',1,'users','[]','2025-06-27 17:43:53','2025-06-27 17:43:53',NULL,NULL);
INSERT INTO activity_log VALUES(72,'default','updated',3,'profile',1,'users','[]','2025-06-27 17:44:12','2025-06-27 17:44:12',NULL,NULL);
INSERT INTO activity_log VALUES(73,'default','updated',3,'profile',1,'users','[]','2025-06-27 17:49:20','2025-06-27 17:49:20',NULL,NULL);
INSERT INTO activity_log VALUES(74,'default','updated',3,'profile',1,'users','[]','2025-06-27 17:49:30','2025-06-27 17:49:30',NULL,NULL);
INSERT INTO activity_log VALUES(75,'default','updated',3,'profile',1,'users','[]','2025-06-27 17:58:17','2025-06-27 17:58:17',NULL,NULL);
INSERT INTO activity_log VALUES(76,'default','updated',3,'profile',1,'users','[]','2025-06-27 17:58:29','2025-06-27 17:58:29',NULL,NULL);
INSERT INTO activity_log VALUES(77,'default','updated',3,'profile',1,'users','[]','2025-06-27 17:59:02','2025-06-27 17:59:02',NULL,NULL);
INSERT INTO activity_log VALUES(78,'default','updated',3,'profile',1,'users','[]','2025-06-27 17:59:18','2025-06-27 17:59:18',NULL,NULL);
INSERT INTO activity_log VALUES(79,'default','updated',3,'profile',1,'users','[]','2025-06-27 17:59:55','2025-06-27 17:59:55',NULL,NULL);
INSERT INTO activity_log VALUES(80,'default','updated',1,'profile',1,'users','[]','2025-06-27 18:01:52','2025-06-27 18:01:52',NULL,NULL);
INSERT INTO activity_log VALUES(81,'default','updated',1,'profile',1,'users','[]','2025-06-27 18:02:51','2025-06-27 18:02:51',NULL,NULL);
INSERT INTO activity_log VALUES(82,'default','updated',1,'profile',1,'users','[]','2025-06-27 18:06:30','2025-06-27 18:06:30',NULL,NULL);
INSERT INTO activity_log VALUES(83,'default','updated',3,'profile',1,'users','[]','2025-06-27 21:27:14','2025-06-27 21:27:14',NULL,NULL);
INSERT INTO activity_log VALUES(84,'default','updated',1,'program',1,'users','[]','2025-06-27 21:55:13','2025-06-27 21:55:13',NULL,NULL);
INSERT INTO activity_log VALUES(85,'default','updated',1,'program',1,'users','[]','2025-06-27 22:50:59','2025-06-27 22:50:59',NULL,NULL);
INSERT INTO activity_log VALUES(86,'default','updated',1,'program',1,'users','[]','2025-06-27 22:51:09','2025-06-27 22:51:09',NULL,NULL);
INSERT INTO activity_log VALUES(87,'default','updated',1,'program',1,'users','[]','2025-06-27 22:51:32','2025-06-27 22:51:32',NULL,NULL);
INSERT INTO activity_log VALUES(88,'default','updated',1,'program',1,'users','[]','2025-06-27 22:57:02','2025-06-27 22:57:02',NULL,NULL);
INSERT INTO activity_log VALUES(89,'default','updated',1,'program',1,'users','[]','2025-06-27 22:59:58','2025-06-27 22:59:58',NULL,NULL);
INSERT INTO activity_log VALUES(90,'default','updated',1,'program',1,'users','[]','2025-06-27 23:32:42','2025-06-27 23:32:42',NULL,NULL);
INSERT INTO activity_log VALUES(91,'default','updated',1,'program',1,'users','[]','2025-06-27 23:32:54','2025-06-27 23:32:54',NULL,NULL);
INSERT INTO activity_log VALUES(92,'default','updated',1,'program',1,'users','[]','2025-06-27 23:33:08','2025-06-27 23:33:08',NULL,NULL);
INSERT INTO activity_log VALUES(93,'default','updated',1,'program',1,'users','[]','2025-06-27 23:37:26','2025-06-27 23:37:26',NULL,NULL);
INSERT INTO activity_log VALUES(94,'default','updated',1,'program',1,'users','[]','2025-06-27 23:37:33','2025-06-27 23:37:33',NULL,NULL);
INSERT INTO activity_log VALUES(95,'default','updated',1,'program',1,'users','[]','2025-06-27 23:42:49','2025-06-27 23:42:49',NULL,NULL);
INSERT INTO activity_log VALUES(96,'default','updated',3,'profile',1,'users','[]','2025-06-27 23:43:12','2025-06-27 23:43:12',NULL,NULL);
INSERT INTO activity_log VALUES(97,'default','updated',1,'program',1,'users','[]','2025-06-27 23:50:46','2025-06-27 23:50:46',NULL,NULL);
INSERT INTO activity_log VALUES(98,'default','updated',1,'program',1,'users','[]','2025-06-27 23:54:40','2025-06-27 23:54:40',NULL,NULL);
INSERT INTO activity_log VALUES(99,'default','updated',1,'program',1,'users','[]','2025-06-27 23:57:55','2025-06-27 23:57:55',NULL,NULL);
INSERT INTO activity_log VALUES(100,'default','updated',1,'program',1,'users','[]','2025-06-27 23:58:17','2025-06-27 23:58:17',NULL,NULL);
INSERT INTO activity_log VALUES(101,'default','created',1,'programBelt',1,'users','[]','2025-06-28 00:26:47','2025-06-28 00:26:47',NULL,NULL);
INSERT INTO activity_log VALUES(102,'default','updated',1,'programBelt',1,'users','[]','2025-06-28 00:34:39','2025-06-28 00:34:39',NULL,NULL);
INSERT INTO activity_log VALUES(103,'default','updated',1,'programBelt',1,'users','[]','2025-06-28 00:46:22','2025-06-28 00:46:22',NULL,NULL);
INSERT INTO activity_log VALUES(104,'default','updated',1,'programBelt',1,'users','[]','2025-06-28 00:46:23','2025-06-28 00:46:23',NULL,NULL);
INSERT INTO activity_log VALUES(105,'default','updated',1,'programBelt',1,'users','[]','2025-06-28 00:53:47','2025-06-28 00:53:47',NULL,NULL);
INSERT INTO activity_log VALUES(106,'default','updated',3,'profile',1,'users','[]','2025-06-28 01:00:00','2025-06-28 01:00:00',NULL,NULL);
INSERT INTO activity_log VALUES(107,'default','updated',3,'profile',1,'users','[]','2025-06-28 01:02:52','2025-06-28 01:02:52',NULL,NULL);
INSERT INTO activity_log VALUES(108,'default','updated',3,'profile',1,'users','[]','2025-06-28 01:03:06','2025-06-28 01:03:06',NULL,NULL);
INSERT INTO activity_log VALUES(109,'default','updated',3,'profile',1,'users','[]','2025-06-28 01:04:32','2025-06-28 01:04:32',NULL,NULL);
INSERT INTO activity_log VALUES(110,'default','updated',3,'profile',1,'users','[]','2025-06-28 01:06:52','2025-06-28 01:06:52',NULL,NULL);
INSERT INTO activity_log VALUES(111,'default','updated',3,'profile',1,'users','[]','2025-06-28 04:43:41','2025-06-28 04:43:41',NULL,NULL);
INSERT INTO activity_log VALUES(112,'default','updated',3,'profile',1,'users','[]','2025-06-28 04:44:06','2025-06-28 04:44:06',NULL,NULL);
INSERT INTO activity_log VALUES(113,'default','updated',3,'profile',1,'users','[]','2025-06-28 04:49:44','2025-06-28 04:49:44',NULL,NULL);
INSERT INTO activity_log VALUES(114,'default','updated',3,'profile',1,'users','[]','2025-06-28 04:56:07','2025-06-28 04:56:07',NULL,NULL);
INSERT INTO activity_log VALUES(115,'default','updated',3,'profile',1,'users','[]','2025-06-28 04:56:18','2025-06-28 04:56:18',NULL,NULL);
INSERT INTO activity_log VALUES(116,'default','updated',3,'profile',1,'users','[]','2025-06-28 21:44:27','2025-06-28 21:44:27',NULL,NULL);
INSERT INTO activity_log VALUES(117,'default','updated',3,'profile',1,'users','[]','2025-06-28 21:44:59','2025-06-28 21:44:59',NULL,NULL);
INSERT INTO activity_log VALUES(118,'default','updated',3,'profile',1,'users','[]','2025-06-28 21:55:25','2025-06-28 21:55:25',NULL,NULL);
INSERT INTO activity_log VALUES(119,'default','updated',3,'profile',1,'users','[]','2025-06-28 21:55:35','2025-06-28 21:55:35',NULL,NULL);
INSERT INTO activity_log VALUES(120,'default','updated',3,'profile',1,'users','[]','2025-06-28 21:58:55','2025-06-28 21:58:55',NULL,NULL);
INSERT INTO activity_log VALUES(121,'default','updated',3,'profile',1,'users','[]','2025-06-28 21:59:07','2025-06-28 21:59:07',NULL,NULL);
INSERT INTO activity_log VALUES(122,'default','updated',3,'profile',1,'users','[]','2025-06-28 21:59:38','2025-06-28 21:59:38',NULL,NULL);
INSERT INTO activity_log VALUES(123,'default','updated',3,'profile',1,'users','[]','2025-06-28 22:00:32','2025-06-28 22:00:32',NULL,NULL);
INSERT INTO activity_log VALUES(124,'default','updated',3,'profile',1,'users','[]','2025-06-28 22:01:50','2025-06-28 22:01:50',NULL,NULL);
INSERT INTO activity_log VALUES(125,'default','updated',3,'profile',1,'users','[]','2025-06-28 22:03:58','2025-06-28 22:03:58',NULL,NULL);
INSERT INTO activity_log VALUES(126,'default','updated',3,'profile',1,'users','[]','2025-06-28 22:04:56','2025-06-28 22:04:56',NULL,NULL);
INSERT INTO activity_log VALUES(127,'default','updated',3,'profile',1,'users','[]','2025-06-28 22:07:23','2025-06-28 22:07:23',NULL,NULL);
INSERT INTO activity_log VALUES(128,'default','updated',3,'profile',1,'users','[]','2025-06-28 22:10:22','2025-06-28 22:10:22',NULL,NULL);
INSERT INTO activity_log VALUES(129,'default','updated',3,'profile',1,'users','[]','2025-06-28 22:20:15','2025-06-28 22:20:15',NULL,NULL);
INSERT INTO activity_log VALUES(130,'default','updated',3,'profile',1,'users','[]','2025-06-28 22:20:34','2025-06-28 22:20:34',NULL,NULL);
INSERT INTO activity_log VALUES(131,'default','updated',3,'profile',1,'users','[]','2025-06-28 22:26:50','2025-06-28 22:26:50',NULL,NULL);
INSERT INTO activity_log VALUES(132,'default','created',1,'programBelt',1,'users','[]','2025-06-28 22:55:50','2025-06-28 22:55:50',NULL,NULL);
INSERT INTO activity_log VALUES(133,'default','updated',1,'programBelt',1,'users','[]','2025-06-28 22:56:01','2025-06-28 22:56:01',NULL,NULL);
INSERT INTO activity_log VALUES(134,'default','updated',1,'programBelt',1,'users','[]','2025-06-28 23:05:45','2025-06-28 23:05:45',NULL,NULL);
INSERT INTO activity_log VALUES(135,'default','updated',3,'profile',1,'users','[]','2025-06-28 23:19:02','2025-06-28 23:19:02',NULL,NULL);
INSERT INTO activity_log VALUES(136,'default','updated',3,'profile',1,'users','[]','2025-06-28 23:21:48','2025-06-28 23:21:48',NULL,NULL);
INSERT INTO activity_log VALUES(137,'default','updated',3,'profile',1,'users','[]','2025-06-28 23:23:43','2025-06-28 23:23:43',NULL,NULL);
INSERT INTO activity_log VALUES(138,'default','updated',3,'profile',1,'users','[]','2025-06-28 23:24:20','2025-06-28 23:24:20',NULL,NULL);
INSERT INTO activity_log VALUES(139,'default','updated',3,'profile',1,'users','[]','2025-06-28 23:24:35','2025-06-28 23:24:35',NULL,NULL);
INSERT INTO activity_log VALUES(140,'default','updated',3,'profile',1,'users','[]','2025-06-28 23:28:11','2025-06-28 23:28:11',NULL,NULL);
INSERT INTO activity_log VALUES(141,'default','updated',3,'profile',1,'users','[]','2025-06-28 23:28:27','2025-06-28 23:28:27',NULL,NULL);
INSERT INTO activity_log VALUES(142,'default','updated',3,'profile',1,'users','[]','2025-06-28 23:28:39','2025-06-28 23:28:39',NULL,NULL);
INSERT INTO activity_log VALUES(143,'default','updated',1,'profile',1,'users','[]','2025-06-28 23:30:27','2025-06-28 23:30:27',NULL,NULL);
INSERT INTO activity_log VALUES(144,'default','updated',1,'profile',1,'users','[]','2025-06-28 23:30:40','2025-06-28 23:30:40',NULL,NULL);
INSERT INTO activity_log VALUES(145,'default','updated',1,'profile',1,'users','[]','2025-06-28 23:30:41','2025-06-28 23:30:41',NULL,NULL);
INSERT INTO activity_log VALUES(146,'default','updated',1,'profile',1,'users','[]','2025-06-28 23:30:53','2025-06-28 23:30:53',NULL,NULL);
INSERT INTO activity_log VALUES(147,'default','updated',3,'profile',1,'users','[]','2025-06-28 23:35:52','2025-06-28 23:35:52',NULL,NULL);
INSERT INTO activity_log VALUES(148,'default','updated',1,'profile',1,'users','[]','2025-06-28 23:36:03','2025-06-28 23:36:03',NULL,NULL);
INSERT INTO activity_log VALUES(149,'default','updated',1,'profile',1,'users','[]','2025-06-28 23:36:11','2025-06-28 23:36:11',NULL,NULL);
INSERT INTO activity_log VALUES(150,'default','updated',3,'profile',1,'users','[]','2025-06-28 23:36:20','2025-06-28 23:36:20',NULL,NULL);
INSERT INTO activity_log VALUES(151,'default','updated',3,'profile',1,'users','[]','2025-06-28 23:40:02','2025-06-28 23:40:02',NULL,NULL);
INSERT INTO activity_log VALUES(152,'default','updated',3,'profile',1,'users','[]','2025-06-28 23:40:14','2025-06-28 23:40:14',NULL,NULL);
INSERT INTO activity_log VALUES(153,'default','updated',3,'profile',1,'users','[]','2025-06-28 23:46:49','2025-06-28 23:46:49',NULL,NULL);
INSERT INTO activity_log VALUES(154,'default','updated',3,'profile',1,'users','[]','2025-06-28 23:48:00','2025-06-28 23:48:00',NULL,NULL);
INSERT INTO activity_log VALUES(155,'default','updated',3,'profile',1,'users','[]','2025-06-29 00:13:40','2025-06-29 00:13:40',NULL,NULL);
INSERT INTO activity_log VALUES(156,'default','updated',3,'profile',1,'users','[]','2025-06-29 00:13:53','2025-06-29 00:13:53',NULL,NULL);
INSERT INTO activity_log VALUES(157,'default','updated',3,'profile',1,'users','[]','2025-06-29 00:30:49','2025-06-29 00:30:49',NULL,NULL);
INSERT INTO activity_log VALUES(158,'default','updated',3,'profile',1,'users','[]','2025-06-29 02:41:57','2025-06-29 02:41:57',NULL,NULL);
INSERT INTO activity_log VALUES(159,'default','updated',3,'profile',1,'users','[]','2025-06-29 02:44:09','2025-06-29 02:44:09',NULL,NULL);
INSERT INTO activity_log VALUES(160,'default','updated',3,'profile',1,'users','[]','2025-06-29 02:44:21','2025-06-29 02:44:21',NULL,NULL);
INSERT INTO activity_log VALUES(161,'default','updated',3,'profile',1,'users','[]','2025-06-29 02:44:24','2025-06-29 02:44:24',NULL,NULL);
INSERT INTO activity_log VALUES(162,'default','updated',3,'profile',1,'users','[]','2025-06-29 02:48:43','2025-06-29 02:48:43',NULL,NULL);
INSERT INTO activity_log VALUES(163,'default','updated',3,'profile',1,'users','[]','2025-06-29 02:53:30','2025-06-29 02:53:30',NULL,NULL);
INSERT INTO activity_log VALUES(164,'default','updated',3,'profile',1,'users','[]','2025-06-29 02:54:24','2025-06-29 02:54:24',NULL,NULL);
INSERT INTO activity_log VALUES(165,'default','updated',3,'profile',1,'users','[]','2025-06-29 02:56:26','2025-06-29 02:56:26',NULL,NULL);
INSERT INTO activity_log VALUES(166,'default','updated',3,'profile',1,'users','[]','2025-06-29 04:54:03','2025-06-29 04:54:03',NULL,NULL);
INSERT INTO activity_log VALUES(167,'default','updated',3,'profile',1,'users','[]','2025-06-29 04:54:13','2025-06-29 04:54:13',NULL,NULL);
INSERT INTO activity_log VALUES(168,'default','updated',3,'profile',1,'users','[]','2025-06-29 13:02:46','2025-06-29 13:02:46',NULL,NULL);
INSERT INTO activity_log VALUES(169,'default','updated',3,'profile',1,'users','[]','2025-06-29 13:03:04','2025-06-29 13:03:04',NULL,NULL);
INSERT INTO activity_log VALUES(170,'default','updated',3,'profile',1,'users','[]','2025-06-29 13:07:40','2025-06-29 13:07:40',NULL,NULL);
INSERT INTO activity_log VALUES(171,'default','updated',3,'profile',1,'users','[]','2025-06-29 13:07:45','2025-06-29 13:07:45',NULL,NULL);
INSERT INTO activity_log VALUES(172,'default','updated',3,'profile',1,'users','[]','2025-06-29 13:08:21','2025-06-29 13:08:21',NULL,NULL);
INSERT INTO activity_log VALUES(173,'default','updated',3,'profile',1,'users','[]','2025-06-29 13:08:26','2025-06-29 13:08:26',NULL,NULL);
INSERT INTO activity_log VALUES(174,'default','updated',3,'profile',1,'users','[]','2025-06-29 14:53:23','2025-06-29 14:53:23',NULL,NULL);
INSERT INTO activity_log VALUES(175,'default','updated',3,'profile',1,'users','[]','2025-06-29 14:53:35','2025-06-29 14:53:35',NULL,NULL);
INSERT INTO activity_log VALUES(176,'default','updated',3,'profile',1,'users','[]','2025-06-29 20:25:03','2025-06-29 20:25:03',NULL,NULL);
INSERT INTO activity_log VALUES(177,'default','updated',3,'profile',1,'users','[]','2025-06-29 20:25:07','2025-06-29 20:25:07',NULL,NULL);
INSERT INTO activity_log VALUES(178,'default','updated',3,'profile',1,'users','[]','2025-06-29 20:25:17','2025-06-29 20:25:17',NULL,NULL);
INSERT INTO activity_log VALUES(179,'default','updated',3,'profile',1,'users','[]','2025-06-29 20:26:51','2025-06-29 20:26:51',NULL,NULL);
INSERT INTO activity_log VALUES(180,'default','updated',3,'profile',1,'users','[]','2025-06-29 20:27:04','2025-06-29 20:27:04',NULL,NULL);
INSERT INTO activity_log VALUES(181,'default','updated',3,'profile',1,'users','[]','2025-06-29 20:33:55','2025-06-29 20:33:55',NULL,NULL);
INSERT INTO activity_log VALUES(182,'default','updated',3,'profile',1,'users','[]','2025-06-29 20:34:04','2025-06-29 20:34:04',NULL,NULL);
INSERT INTO activity_log VALUES(183,'default','updated',3,'profile',1,'users','[]','2025-06-29 20:34:09','2025-06-29 20:34:09',NULL,NULL);
INSERT INTO activity_log VALUES(184,'default','updated',3,'profile',1,'users','[]','2025-06-29 20:34:10','2025-06-29 20:34:10',NULL,NULL);
INSERT INTO activity_log VALUES(185,'default','updated',3,'profile',1,'users','[]','2025-06-29 20:40:48','2025-06-29 20:40:48',NULL,NULL);
INSERT INTO activity_log VALUES(186,'default','updated',3,'profile',1,'users','[]','2025-06-29 20:40:58','2025-06-29 20:40:58',NULL,NULL);
INSERT INTO activity_log VALUES(187,'default','updated',1,'page',1,'users','[]','2025-06-29 20:44:05','2025-06-29 20:44:05',NULL,NULL);
INSERT INTO activity_log VALUES(188,'default','updated',1,'page',1,'users','[]','2025-06-29 22:10:44','2025-06-29 22:10:44',NULL,NULL);
INSERT INTO activity_log VALUES(189,'default','updated',1,'programBelt',1,'users','[]','2025-06-30 00:35:31','2025-06-30 00:35:31',NULL,NULL);
INSERT INTO activity_log VALUES(190,'default','created',2,'programBelt',1,'users','[]','2025-06-30 00:37:24','2025-06-30 00:37:24',NULL,NULL);
INSERT INTO activity_log VALUES(191,'default','updated',2,'programBelt',1,'users','[]','2025-06-30 00:37:50','2025-06-30 00:37:50',NULL,NULL);
INSERT INTO activity_log VALUES(192,'default','updated',3,'profile',1,'users','[]','2025-06-30 23:27:55','2025-06-30 23:27:55',NULL,NULL);
INSERT INTO activity_log VALUES(193,'default','updated',3,'profile',1,'users','[]','2025-06-30 23:28:01','2025-06-30 23:28:01',NULL,NULL);
INSERT INTO activity_log VALUES(194,'default','updated',3,'profile',1,'users','[]','2025-06-30 23:28:09','2025-06-30 23:28:09',NULL,NULL);
INSERT INTO activity_log VALUES(195,'default','updated',3,'profile',1,'users','[]','2025-07-01 00:12:08','2025-07-01 00:12:08',NULL,NULL);
INSERT INTO activity_log VALUES(196,'default','updated',3,'profile',1,'users','[]','2025-07-01 00:12:18','2025-07-01 00:12:18',NULL,NULL);
INSERT INTO activity_log VALUES(197,'default','updated',3,'profile',1,'users','[]','2025-07-01 00:34:04','2025-07-01 00:34:04',NULL,NULL);
INSERT INTO activity_log VALUES(198,'default','updated',3,'profile',1,'users','[]','2025-07-01 00:34:34','2025-07-01 00:34:34',NULL,NULL);
INSERT INTO activity_log VALUES(199,'default','updated',3,'profile',1,'users','[]','2025-07-01 00:34:43','2025-07-01 00:34:43',NULL,NULL);
INSERT INTO activity_log VALUES(200,'default','updated',2,'programBelt',1,'users','[]','2025-07-01 01:41:18','2025-07-01 01:41:18',NULL,NULL);
INSERT INTO activity_log VALUES(201,'default','updated',1,'programBelt',1,'users','[]','2025-07-01 01:41:28','2025-07-01 01:41:28',NULL,NULL);
INSERT INTO activity_log VALUES(202,'default','updated',2,'programBelt',1,'users','[]','2025-07-01 01:50:24','2025-07-01 01:50:24',NULL,NULL);
INSERT INTO activity_log VALUES(203,'default','updated',3,'profile',1,'users','[]','2025-07-01 13:37:20','2025-07-01 13:37:20',NULL,NULL);
INSERT INTO activity_log VALUES(204,'default','updated',2,'programBelt',1,'users','[]','2025-07-01 19:30:39','2025-07-01 19:30:39',NULL,NULL);
INSERT INTO activity_log VALUES(205,'default','updated',3,'profile',1,'users','[]','2025-07-01 23:02:45','2025-07-01 23:02:45',NULL,NULL);
INSERT INTO activity_log VALUES(206,'default','updated',1,'programBelt',1,'users','[]','2025-07-02 18:35:18','2025-07-02 18:35:18',NULL,NULL);
INSERT INTO activity_log VALUES(207,'default','updated',2,'programBelt',1,'users','[]','2025-07-02 18:39:28','2025-07-02 18:39:28',NULL,NULL);
INSERT INTO activity_log VALUES(208,'default','created',3,'programBelt',1,'users','[]','2025-07-02 18:39:51','2025-07-02 18:39:51',NULL,NULL);
INSERT INTO activity_log VALUES(209,'default','updated',3,'programBelt',1,'users','[]','2025-07-02 18:43:52','2025-07-02 18:43:52',NULL,NULL);
INSERT INTO activity_log VALUES(210,'default','created',4,'programBelt',1,'users','[]','2025-07-02 18:44:11','2025-07-02 18:44:11',NULL,NULL);
INSERT INTO activity_log VALUES(211,'default','updated',3,'profile',1,'users','[]','2025-07-02 18:55:54','2025-07-02 18:55:54',NULL,NULL);
INSERT INTO activity_log VALUES(212,'default','updated',3,'profile',1,'users','[]','2025-07-02 18:56:16','2025-07-02 18:56:16',NULL,NULL);
INSERT INTO activity_log VALUES(213,'default','updated',3,'profile',1,'users','[]','2025-07-02 21:58:12','2025-07-02 21:58:12',NULL,NULL);
INSERT INTO activity_log VALUES(214,'default','updated',3,'profile',1,'users','[]','2025-07-02 21:58:33','2025-07-02 21:58:33',NULL,NULL);
INSERT INTO activity_log VALUES(215,'default','updated',4,'programBelt',1,'users','[]','2025-07-02 23:42:27','2025-07-02 23:42:27',NULL,NULL);
INSERT INTO activity_log VALUES(216,'default','updated',4,'programBelt',1,'users','[]','2025-07-02 23:48:28','2025-07-02 23:48:28',NULL,NULL);
INSERT INTO activity_log VALUES(217,'default','updated',3,'profile',1,'users','[]','2025-07-03 00:19:18','2025-07-03 00:19:18',NULL,NULL);
INSERT INTO activity_log VALUES(218,'default','updated',3,'profile',1,'users','[]','2025-07-03 00:20:06','2025-07-03 00:20:06',NULL,NULL);
INSERT INTO activity_log VALUES(219,'default','updated',3,'profile',1,'users','[]','2025-07-03 00:22:41','2025-07-03 00:22:41',NULL,NULL);
INSERT INTO activity_log VALUES(220,'default','updated',3,'profile',1,'users','[]','2025-07-03 00:43:56','2025-07-03 00:43:56',NULL,NULL);
INSERT INTO activity_log VALUES(221,'default','updated',3,'profile',1,'users','[]','2025-07-03 00:45:45','2025-07-03 00:45:45',NULL,NULL);
INSERT INTO activity_log VALUES(222,'default','updated',3,'profile',1,'users','[]','2025-07-03 01:07:15','2025-07-03 01:07:15',NULL,NULL);
INSERT INTO activity_log VALUES(223,'default','updated',3,'profile',1,'users','[]','2025-07-03 01:17:21','2025-07-03 01:17:21',NULL,NULL);
INSERT INTO activity_log VALUES(224,'default','updated',3,'profile',1,'users','[]','2025-07-03 01:17:37','2025-07-03 01:17:37',NULL,NULL);
INSERT INTO activity_log VALUES(225,'default','updated',3,'profile',1,'users','[]','2025-07-03 01:17:38','2025-07-03 01:17:38',NULL,NULL);
INSERT INTO activity_log VALUES(226,'default','updated',3,'profile',1,'users','[]','2025-07-03 01:18:49','2025-07-03 01:18:49',NULL,NULL);
INSERT INTO activity_log VALUES(227,'default','updated',3,'profile',1,'users','[]','2025-07-03 01:19:05','2025-07-03 01:19:05',NULL,NULL);
INSERT INTO activity_log VALUES(228,'default','created',4,'navigation',1,'users','[]','2025-07-03 01:54:07','2025-07-03 01:54:07',NULL,NULL);
INSERT INTO activity_log VALUES(229,'default','updated',4,'navigation',1,'users','[]','2025-07-03 01:54:14','2025-07-03 01:54:14',NULL,NULL);
INSERT INTO activity_log VALUES(230,'default','created',1,'news',1,'users','[]','2025-07-03 14:09:30','2025-07-03 14:09:30',NULL,NULL);
INSERT INTO activity_log VALUES(231,'default','updated',1,'news',1,'users','[]','2025-07-03 14:40:14','2025-07-03 14:40:14',NULL,NULL);
INSERT INTO activity_log VALUES(232,'default','created',2,'news',1,'users','[]','2025-07-03 14:40:24','2025-07-03 14:40:24',NULL,NULL);
INSERT INTO activity_log VALUES(233,'default','updated',2,'news',1,'users','[]','2025-07-03 14:40:58','2025-07-03 14:40:58',NULL,NULL);
INSERT INTO activity_log VALUES(234,'default','updated',2,'news',1,'users','[]','2025-07-03 16:19:11','2025-07-03 16:19:11',NULL,NULL);
INSERT INTO activity_log VALUES(235,'default','updated',2,'news',1,'users','[]','2025-07-03 16:26:26','2025-07-03 16:26:26',NULL,NULL);
INSERT INTO activity_log VALUES(236,'default','unpublished',1,'news',1,'users','[]','2025-07-03 16:27:58','2025-07-03 16:27:58',NULL,NULL);
INSERT INTO activity_log VALUES(237,'default','published',1,'news',1,'users','[]','2025-07-03 16:27:59','2025-07-03 16:27:59',NULL,NULL);
INSERT INTO activity_log VALUES(238,'default','updated',1,'news',1,'users','[]','2025-07-03 16:43:10','2025-07-03 16:43:10',NULL,NULL);
INSERT INTO activity_log VALUES(239,'default','created',3,'news',1,'users','[]','2025-07-03 16:45:07','2025-07-03 16:45:07',NULL,NULL);
INSERT INTO activity_log VALUES(240,'default','updated',3,'news',1,'users','[]','2025-07-03 16:45:48','2025-07-03 16:45:48',NULL,NULL);
INSERT INTO activity_log VALUES(241,'default','created',4,'news',1,'users','[]','2025-07-03 16:49:41','2025-07-03 16:49:41',NULL,NULL);
INSERT INTO activity_log VALUES(242,'default','updated',4,'news',1,'users','[]','2025-07-03 16:50:03','2025-07-03 16:50:03',NULL,NULL);
INSERT INTO activity_log VALUES(243,'default','deleted',3,'program',1,'users','[]','2025-07-03 19:57:59','2025-07-03 19:57:59',NULL,NULL);
INSERT INTO activity_log VALUES(244,'default','created',4,'program',1,'users','[]','2025-07-03 19:58:35','2025-07-03 19:58:35',NULL,NULL);
INSERT INTO activity_log VALUES(245,'default','updated',4,'program',1,'users','[]','2025-07-03 19:59:05','2025-07-03 19:59:05',NULL,NULL);
INSERT INTO activity_log VALUES(246,'default','deleted',4,'program',1,'users','[]','2025-07-03 20:23:45','2025-07-03 20:23:45',NULL,NULL);
CREATE TABLE IF NOT EXISTS "app_settings" ("id" integer primary key , "deleted_at" timestamp, "created_at" timestamp, "updated_at" timestamp, "published" smallint not null default '0', "name" varchar);
CREATE TABLE IF NOT EXISTS "twill_password_resets" ("email" varchar not null, "token" varchar not null, "created_at" timestamp, foreign key("email") references "twill_users"("email") on delete cascade on update cascade);
CREATE TABLE IF NOT EXISTS "personal_access_tokens" ("id" integer primary key , "tokenable_type" varchar not null, "tokenable_id" integer not null, "name" varchar not null, "token" varchar not null, "abilities" text, "last_used_at" timestamp, "expires_at" timestamp, "created_at" timestamp, "updated_at" timestamp);
CREATE TABLE IF NOT EXISTS "homes" ("id" integer primary key , "deleted_at" timestamp, "created_at" timestamp, "updated_at" timestamp);
INSERT INTO homes VALUES(1,NULL,'2025-06-22 20:14:18','2025-06-22 20:14:18');
CREATE TABLE IF NOT EXISTS "home_translations" ("id" integer primary key , "home_id" integer not null, "deleted_at" timestamp, "created_at" timestamp, "updated_at" timestamp, "locale" varchar not null, "active" smallint not null default '0', "title" varchar, "meta_title" varchar, "meta_description" varchar, foreign key("home_id") references "homes"("id") on delete CASCADE);
INSERT INTO home_translations VALUES(1,1,NULL,'2025-06-22 20:14:18','2025-06-23 17:36:16','en',1,'Home','No Limits Martial Arts and Fitness | Home','No Limits Martial Arts and Fitness is dedicated to helping you live a healthier lifestyle.');
CREATE TABLE IF NOT EXISTS "home_revisions" ("id" integer primary key , "home_id" integer not null, "user_id" integer, "created_at" timestamp, "updated_at" timestamp, "payload" text not null, foreign key("home_id") references "homes"("id") on delete cascade, foreign key("user_id") references "twill_users"("id") on delete set null);
INSERT INTO home_revisions VALUES(1,1,1,'2025-06-22 20:14:18','2025-06-22 20:14:18','{"title":{"en":"Home"},"description":{"en":""},"published":false}');
INSERT INTO home_revisions VALUES(2,1,1,'2025-06-22 20:17:05','2025-06-22 20:17:05','{"title":{"en":"Home"},"meta_title":{"en":"No Limits Martial Arts and Fitness | Home"},"meta_description":{"en":"No Limits Martial Arts and Fitness is dedicated to helping you live a healthier lifestyle."},"cmsSaveType":"update","published":false,"public":false,"publish_start_date":null,"publish_end_date":null,"languages":[{"shortlabel":"EN","label":"English","value":"en","disabled":false,"published":true}],"parent_id":0,"medias":[],"browsers":[],"blocks":[{"id":1750637679442,"type":"a17-block-common-hero","is_repeater":false,"editor_name":"default","content":{"variant":"default","heading":"Reach Your Goals With No Limits","button_text":"Join Us!","button_url":"\/register","details":"At No Limits Martial Arts and Fitness we believe everyone can live a healthier lifestyle."},"medias":[],"browsers":[],"blocks":[]}],"repeaters":[]}');
INSERT INTO home_revisions VALUES(3,1,1,'2025-06-22 20:58:57','2025-06-22 20:58:57','{"title":{"en":"Home"},"meta_title":{"en":"No Limits Martial Arts and Fitness | Home"},"meta_description":{"en":"No Limits Martial Arts and Fitness is dedicated to helping you live a healthier lifestyle."},"cmsSaveType":"update","published":false,"public":false,"publish_start_date":null,"publish_end_date":null,"languages":[{"shortlabel":"EN","label":"English","value":"en","disabled":false,"published":true}],"parent_id":0,"medias":[],"browsers":[],"blocks":[{"id":1,"type":"a17-block-common-hero","is_repeater":false,"editor_name":"default","content":{"variant":"default","heading":"Reach Your Goals With No Limits","button_text":"Join Us!","button_url":"\/register","details":"At No Limits Martial Arts and Fitness we believe everyone can live a healthier lifestyle."},"medias":[],"browsers":[],"blocks":[]}],"repeaters":[]}');
INSERT INTO home_revisions VALUES(4,1,1,'2025-06-22 22:42:38','2025-06-22 22:42:38','{"title":{"en":"Home"},"meta_title":{"en":"No Limits Martial Arts and Fitness | Home"},"meta_description":{"en":"No Limits Martial Arts and Fitness is dedicated to helping you live a healthier lifestyle."},"cmsSaveType":"update","published":false,"public":false,"publish_start_date":null,"publish_end_date":null,"languages":[{"shortlabel":"EN","label":"English","value":"en","disabled":false,"published":true}],"parent_id":0,"medias":[],"browsers":[],"blocks":[{"id":1,"type":"a17-block-common-hero","is_repeater":false,"editor_name":"default","content":{"variant":"default","heading":"Reach Your Goals With No Limits","button_text":"Join Us!","button_url":"\/register","details":"At No Limits Martial Arts and Fitness we believe everyone can live a healthier lifestyle."},"medias":{"image":[{"id":6,"name":"Gemini_Generated_Image_ym2rqqym2rqqym2r.png","thumbnail":"http:\/\/nlmaf.dvl.to:8000\/img\/a2d779b2-91dc-4065-8d82-feac5752375a\/gemini-generated-image-ym2rqqym2rqqym2r.png?fm=jpg&q=60&fit=max&dpr=1&h=256","original":"http:\/\/nlmaf.dvl.to:8000\/img\/a2d779b2-91dc-4065-8d82-feac5752375a\/gemini-generated-image-ym2rqqym2rqqym2r.png","medium":"http:\/\/nlmaf.dvl.to:8000\/img\/a2d779b2-91dc-4065-8d82-feac5752375a\/gemini-generated-image-ym2rqqym2rqqym2r.png?fm=jpg&q=80&fit=max&h=430","width":"1024","height":"694","tags":[],"deleteUrl":"http:\/\/nlmaf.dvl.to:8000\/admin\/media-library\/medias\/6","updateUrl":"http:\/\/nlmaf.dvl.to:8000\/admin\/media-library\/medias\/single-update","updateBulkUrl":"http:\/\/nlmaf.dvl.to:8000\/admin\/media-library\/medias\/bulk-update","deleteBulkUrl":"http:\/\/nlmaf.dvl.to:8000\/admin\/media-library\/medias\/bulk-delete","metadatas":{"default":{"caption":null,"altText":"Gemini Generated Image ym2rqqym2rqqym2r","video":null},"custom":{"caption":null,"altText":null,"video":null}},"disabled":false,"crops":{"desktop":{"name":"desktop","x":0,"y":0,"width":1024,"height":694},"tablet":{"name":"tablet","x":22,"y":0,"width":924,"height":694},"mobile":{"name":"mobile","x":22,"y":0,"width":694,"height":694}}}]},"browsers":[],"blocks":[]}],"repeaters":[]}');
INSERT INTO home_revisions VALUES(5,1,1,'2025-06-22 22:56:29','2025-06-22 22:56:29','{"title":{"en":"Home"},"meta_title":{"en":"No Limits Martial Arts and Fitness | Home"},"meta_description":{"en":"No Limits Martial Arts and Fitness is dedicated to helping you live a healthier lifestyle."},"cmsSaveType":"update","published":false,"public":false,"publish_start_date":null,"publish_end_date":null,"languages":[{"shortlabel":"EN","label":"English","value":"en","disabled":false,"published":true}],"parent_id":0,"medias":[],"browsers":[],"blocks":[{"id":1,"type":"a17-block-common-hero","is_repeater":false,"editor_name":"default","content":{"variant":"default","heading":"Reach Your Goals With No Limits","button_text":"Join Us!","button_url":"\/register","details":"At No Limits Martial Arts and Fitness we believe everyone can live a healthier lifestyle."},"medias":{"image":[{"id":3,"name":"Firefly_a pair of elderly women walking in the park for fitness 411060.jpg","thumbnail":"http:\/\/nlmaf.dvl.to:8000\/img\/50baf355-568c-4bef-8c2d-a03a778bfbee\/firefly-a-pair-of-elderly-women-walking-in-the-park-for-fitness-411060.jpg?fm=jpg&q=60&fit=max&dpr=1&h=256","original":"http:\/\/nlmaf.dvl.to:8000\/img\/50baf355-568c-4bef-8c2d-a03a778bfbee\/firefly-a-pair-of-elderly-women-walking-in-the-park-for-fitness-411060.jpg","medium":"http:\/\/nlmaf.dvl.to:8000\/img\/50baf355-568c-4bef-8c2d-a03a778bfbee\/firefly-a-pair-of-elderly-women-walking-in-the-park-for-fitness-411060.jpg?fm=jpg&q=80&fit=max&h=430","width":2048,"height":2048,"tags":[],"deleteUrl":"http:\/\/nlmaf.dvl.to:8000\/admin\/media-library\/medias\/3","updateUrl":"http:\/\/nlmaf.dvl.to:8000\/admin\/media-library\/medias\/single-update","updateBulkUrl":"http:\/\/nlmaf.dvl.to:8000\/admin\/media-library\/medias\/bulk-update","deleteBulkUrl":"http:\/\/nlmaf.dvl.to:8000\/admin\/media-library\/medias\/bulk-delete","metadatas":{"default":{"caption":null,"altText":"Firefly a pair of elderly women walking in the park for fitness 411060","video":null},"custom":{"caption":null,"altText":null,"video":null}},"disabled":false,"crops":{"desktop":{"name":"desktop","x":0,"y":0,"width":2048,"height":2048},"tablet":{"name":"tablet","x":0,"y":320,"width":2048,"height":1536},"mobile":{"name":"mobile","x":0,"y":0,"width":2048,"height":2048}}}]},"browsers":[],"blocks":[]}],"repeaters":[]}');
INSERT INTO home_revisions VALUES(6,1,1,'2025-06-22 23:02:13','2025-06-22 23:02:13','{"title":{"en":"Home"},"meta_title":{"en":"No Limits Martial Arts and Fitness | Home"},"meta_description":{"en":"No Limits Martial Arts and Fitness is dedicated to helping you live a healthier lifestyle."},"cmsSaveType":"update","published":false,"public":false,"publish_start_date":null,"publish_end_date":null,"languages":[{"shortlabel":"EN","label":"English","value":"en","disabled":false,"published":true}],"parent_id":0,"medias":[],"browsers":[],"blocks":[{"id":1,"type":"a17-block-common-hero","is_repeater":false,"editor_name":"default","content":{"variant":"default","heading":"Reach Your Goals With No Limits","button_text":"Join Us!","button_url":"\/register","details":"At No Limits Martial Arts and Fitness we believe everyone can live a healthier lifestyle."},"medias":{"image":[{"id":3,"name":"Firefly_a pair of elderly women walking in the park for fitness 411060.jpg","thumbnail":"http:\/\/nlmaf.dvl.to:8000\/img\/50baf355-568c-4bef-8c2d-a03a778bfbee\/firefly-a-pair-of-elderly-women-walking-in-the-park-for-fitness-411060.jpg?fm=jpg&q=60&fit=max&dpr=1&h=256","original":"http:\/\/nlmaf.dvl.to:8000\/img\/50baf355-568c-4bef-8c2d-a03a778bfbee\/firefly-a-pair-of-elderly-women-walking-in-the-park-for-fitness-411060.jpg","medium":"http:\/\/nlmaf.dvl.to:8000\/img\/50baf355-568c-4bef-8c2d-a03a778bfbee\/firefly-a-pair-of-elderly-women-walking-in-the-park-for-fitness-411060.jpg?fm=jpg&q=80&fit=max&h=430","width":2048,"height":2048,"tags":[],"deleteUrl":"http:\/\/nlmaf.dvl.to:8000\/admin\/media-library\/medias\/3","updateUrl":"http:\/\/nlmaf.dvl.to:8000\/admin\/media-library\/medias\/single-update","updateBulkUrl":"http:\/\/nlmaf.dvl.to:8000\/admin\/media-library\/medias\/bulk-update","deleteBulkUrl":"http:\/\/nlmaf.dvl.to:8000\/admin\/media-library\/medias\/bulk-delete","metadatas":{"default":{"caption":null,"altText":"Firefly a pair of elderly women walking in the park for fitness 411060","video":null},"custom":{"caption":null,"altText":null,"video":null}},"disabled":false,"crops":{"desktop":{"name":"desktop","x":0,"y":0,"width":2048,"height":2048},"tablet":{"name":"tablet","x":0,"y":320,"width":2048,"height":1536},"mobile":{"name":"mobile","x":0,"y":0,"width":2048,"height":2048}}}]},"browsers":[],"blocks":[]},{"id":1750647636987,"type":"a17-block-common-slider","is_repeater":false,"editor_name":"default","content":[],"medias":[],"browsers":[],"blocks":{"slides":[{"id":1750647638678,"type":"dynamic-repeater-slides","is_repeater":true,"content":{"heading":"Time No Limit"},"medias":{"image":[{"id":6,"name":"Gemini_Generated_Image_ym2rqqym2rqqym2r.png","thumbnail":"http:\/\/nlmaf.dvl.to:8000\/img\/a2d779b2-91dc-4065-8d82-feac5752375a\/gemini-generated-image-ym2rqqym2rqqym2r.png?fm=jpg&q=60&fit=max&dpr=1&h=256","original":"http:\/\/nlmaf.dvl.to:8000\/img\/a2d779b2-91dc-4065-8d82-feac5752375a\/gemini-generated-image-ym2rqqym2rqqym2r.png","medium":"http:\/\/nlmaf.dvl.to:8000\/img\/a2d779b2-91dc-4065-8d82-feac5752375a\/gemini-generated-image-ym2rqqym2rqqym2r.png?fm=jpg&q=80&fit=max&h=430","width":1024,"height":694,"tags":[],"deleteUrl":null,"updateUrl":"http:\/\/nlmaf.dvl.to:8000\/admin\/media-library\/medias\/single-update","updateBulkUrl":"http:\/\/nlmaf.dvl.to:8000\/admin\/media-library\/medias\/bulk-update","deleteBulkUrl":"http:\/\/nlmaf.dvl.to:8000\/admin\/media-library\/medias\/bulk-delete","metadatas":{"default":{"caption":null,"altText":"Gemini Generated Image ym2rqqym2rqqym2r","video":null},"custom":{"caption":null,"altText":null,"video":null}},"disabled":false,"crops":{"desktop":{"name":"desktop","x":0,"y":0,"width":1024,"height":694},"tablet":{"name":"tablet","x":22,"y":0,"width":924,"height":694},"mobile":{"name":"mobile","x":22,"y":0,"width":694,"height":694}}}]},"browsers":[],"blocks":[]},{"id":1750647670819,"type":"dynamic-repeater-slides","is_repeater":true,"content":{"heading":"Location No Limit"},"medias":{"image":[{"id":4,"name":"Z2y0zZbqstJ981IC_DALL\u00b7E2024-12-0219.52.09-Aconceptualimagerepresentinglocationnotbeingalimitingfactor_apersonstandinginthecenterofaglowingworldmap,withvibrantconnections.jpeg","thumbnail":"http:\/\/nlmaf.dvl.to:8000\/img\/e9fb8198-243b-4440-a1b0-f50c5708eb91\/z2y0zzbqstj981ic-dalle2024-12-0219-52-09-aconceptualimagerepresentinglocationnotbeingalimitingfactor-apersonstandinginthecenterofaglowingworldmapwithvibrantconnections.jpeg?fm=jpg&q=60&fit=max&dpr=1&h=256","original":"http:\/\/nlmaf.dvl.to:8000\/img\/e9fb8198-243b-4440-a1b0-f50c5708eb91\/z2y0zzbqstj981ic-dalle2024-12-0219-52-09-aconceptualimagerepresentinglocationnotbeingalimitingfactor-apersonstandinginthecenterofaglowingworldmapwithvibrantconnections.jpeg","medium":"http:\/\/nlmaf.dvl.to:8000\/img\/e9fb8198-243b-4440-a1b0-f50c5708eb91\/z2y0zzbqstj981ic-dalle2024-12-0219-52-09-aconceptualimagerepresentinglocationnotbeingalimitingfactor-apersonstandinginthecenterofaglowingworldmapwithvibrantconnections.jpeg?fm=jpg&q=80&fit=max&h=430","width":659,"height":350,"tags":[],"deleteUrl":"http:\/\/nlmaf.dvl.to:8000\/admin\/media-library\/medias\/4","updateUrl":"http:\/\/nlmaf.dvl.to:8000\/admin\/media-library\/medias\/single-update","updateBulkUrl":"http:\/\/nlmaf.dvl.to:8000\/admin\/media-library\/medias\/bulk-update","deleteBulkUrl":"http:\/\/nlmaf.dvl.to:8000\/admin\/media-library\/medias\/bulk-delete","metadatas":{"default":{"caption":null,"altText":"Z2y0zZbqstJ981IC DALL\u00b7E2024 12 0219.52.09 Aconceptualimagerepresentinglocationnotbeingalimitingfactor apersonstandinginthecenterofaglowingworldmap,withvibrantconnections","video":null},"custom":{"caption":null,"altText":null,"video":null}},"disabled":false,"crops":{"desktop":{"name":"desktop","x":0,"y":0,"width":659,"height":350},"tablet":{"name":"tablet","x":186,"y":0,"width":466,"height":350},"mobile":{"name":"mobile","x":306,"y":0,"width":350,"height":350}}}]},"browsers":[],"blocks":[]},{"id":1750647699767,"type":"dynamic-repeater-slides","is_repeater":true,"content":{"heading":"Experience No Limit"},"medias":{"image":[{"id":8,"name":"Z2y1I5bqstJ981IE_DALL\u00b7E2024-12-1323.39.48-Adynamicandmotivationalillustrationemphasizingtheideaoflimitlessfitnessopportunitiesinvariouslocations.Theimageshowsdiverseindividu.jpeg","thumbnail":"http:\/\/nlmaf.dvl.to:8000\/img\/90727c60-8b9d-4ec7-bc33-4450bb1cfa0b\/z2y1i5bqstj981ie-dalle2024-12-1323-39-48-adynamicandmotivationalillustrationemphasizingtheideaoflimitlessfitnessopportunitiesinvariouslocations-theimageshowsdiverseindividu.jpeg?fm=jpg&q=60&fit=max&dpr=1&h=256","original":"http:\/\/nlmaf.dvl.to:8000\/img\/90727c60-8b9d-4ec7-bc33-4450bb1cfa0b\/z2y1i5bqstj981ie-dalle2024-12-1323-39-48-adynamicandmotivationalillustrationemphasizingtheideaoflimitlessfitnessopportunitiesinvariouslocations-theimageshowsdiverseindividu.jpeg","medium":"http:\/\/nlmaf.dvl.to:8000\/img\/90727c60-8b9d-4ec7-bc33-4450bb1cfa0b\/z2y1i5bqstj981ie-dalle2024-12-1323-39-48-adynamicandmotivationalillustrationemphasizingtheideaoflimitlessfitnessopportunitiesinvariouslocations-theimageshowsdiverseindividu.jpeg?fm=jpg&q=80&fit=max&h=430","width":"650","height":"350","tags":[],"deleteUrl":"http:\/\/nlmaf.dvl.to:8000\/admin\/media-library\/medias\/8","updateUrl":"http:\/\/nlmaf.dvl.to:8000\/admin\/media-library\/medias\/single-update","updateBulkUrl":"http:\/\/nlmaf.dvl.to:8000\/admin\/media-library\/medias\/bulk-update","deleteBulkUrl":"http:\/\/nlmaf.dvl.to:8000\/admin\/media-library\/medias\/bulk-delete","metadatas":{"default":{"caption":null,"altText":"Z2y1I5bqstJ981IE DALL\u00b7E2024 12 1323.39.48 Adynamicandmotivationalillustrationemphasizingtheideaoflimitlessfitnessopportunitiesinvariouslocations.Theimageshowsdiverseindividu","video":null},"custom":{"caption":null,"altText":null,"video":null}},"disabled":false,"crops":{"desktop":{"name":"desktop","x":0,"y":0,"width":650,"height":350},"tablet":{"name":"tablet","x":175,"y":0,"width":467,"height":350},"mobile":{"name":"mobile","x":296,"y":0,"width":350,"height":350}}}]},"browsers":[],"blocks":[]}]}}],"repeaters":[]}');
INSERT INTO home_revisions VALUES(7,1,1,'2025-06-23 17:36:16','2025-06-23 17:36:16','{"title":{"en":"Home"},"meta_title":{"en":"No Limits Martial Arts and Fitness | Home"},"meta_description":{"en":"No Limits Martial Arts and Fitness is dedicated to helping you live a healthier lifestyle."},"cmsSaveType":"update","published":false,"public":false,"publish_start_date":null,"publish_end_date":null,"languages":[{"shortlabel":"EN","label":"English","value":"en","disabled":false,"published":true}],"parent_id":0,"medias":[],"browsers":[],"blocks":[{"id":1,"type":"a17-block-common-hero","is_repeater":false,"editor_name":"default","content":{"variant":"default","heading":"Reach Your Goals With No Limits","button_text":"Join Us!","button_url":"\/register","details":"At No Limits Martial Arts and Fitness we believe everyone can live a healthier lifestyle."},"medias":{"image":[{"id":12,"name":"Firefly_-Dynamic shot of an individual, clearly a parent or professional, performing a powerf 275444.jpg","thumbnail":"http:\/\/nlmaf.dvl.to:8000\/img\/fc8b2d20-88bc-43c5-896e-ebd58ba3ada0\/firefly-dynamic-shot-of-an-individual-clearly-a-parent-or-professional-performing-a-powerf-275444.jpg?fm=jpg&q=60&fit=max&dpr=1&h=256","original":"http:\/\/nlmaf.dvl.to:8000\/img\/fc8b2d20-88bc-43c5-896e-ebd58ba3ada0\/firefly-dynamic-shot-of-an-individual-clearly-a-parent-or-professional-performing-a-powerf-275444.jpg","medium":"http:\/\/nlmaf.dvl.to:8000\/img\/fc8b2d20-88bc-43c5-896e-ebd58ba3ada0\/firefly-dynamic-shot-of-an-individual-clearly-a-parent-or-professional-performing-a-powerf-275444.jpg?fm=jpg&q=80&fit=max&h=430","width":"2688","height":"1536","tags":[],"deleteUrl":"http:\/\/nlmaf.dvl.to:8000\/admin\/media-library\/medias\/12","updateUrl":"http:\/\/nlmaf.dvl.to:8000\/admin\/media-library\/medias\/single-update","updateBulkUrl":"http:\/\/nlmaf.dvl.to:8000\/admin\/media-library\/medias\/bulk-update","deleteBulkUrl":"http:\/\/nlmaf.dvl.to:8000\/admin\/media-library\/medias\/bulk-delete","metadatas":{"default":{"caption":null,"altText":"Firefly  Dynamic shot of an individual, clearly a parent or professional, performing a powerf 275444","video":null},"custom":{"caption":null,"altText":null,"video":null}},"disabled":false,"crops":{"desktop":{"name":"desktop","x":0,"y":0,"width":2688,"height":1400},"tablet":{"name":"tablet","x":576,"y":0,"width":2046,"height":1536},"mobile":{"name":"mobile","x":672,"y":0,"width":1536,"height":1536}}}]},"browsers":[],"blocks":[]},{"id":2,"type":"a17-block-common-slider","is_repeater":false,"editor_name":"default","content":[],"medias":[],"browsers":[],"blocks":{"slides":[{"id":3,"type":"dynamic-repeater-slides","is_repeater":true,"editor_name":"default","content":{"heading":"Time No Limit"},"medias":{"image":[{"id":6,"name":"Gemini_Generated_Image_ym2rqqym2rqqym2r.png","thumbnail":"http:\/\/nlmaf.dvl.to:8000\/img\/a2d779b2-91dc-4065-8d82-feac5752375a\/gemini-generated-image-ym2rqqym2rqqym2r.png?fm=jpg&q=60&fit=max&dpr=1&h=256","original":"http:\/\/nlmaf.dvl.to:8000\/img\/a2d779b2-91dc-4065-8d82-feac5752375a\/gemini-generated-image-ym2rqqym2rqqym2r.png","medium":"http:\/\/nlmaf.dvl.to:8000\/img\/a2d779b2-91dc-4065-8d82-feac5752375a\/gemini-generated-image-ym2rqqym2rqqym2r.png?fm=jpg&q=80&fit=max&h=430","width":1024,"height":694,"tags":[],"deleteUrl":null,"updateUrl":"http:\/\/nlmaf.dvl.to:8000\/admin\/media-library\/medias\/single-update","updateBulkUrl":"http:\/\/nlmaf.dvl.to:8000\/admin\/media-library\/medias\/bulk-update","deleteBulkUrl":"http:\/\/nlmaf.dvl.to:8000\/admin\/media-library\/medias\/bulk-delete","metadatas":{"default":{"caption":null,"altText":"Gemini Generated Image ym2rqqym2rqqym2r","video":null},"custom":{"caption":null,"altText":null,"video":null}},"pivot_id":10,"crops":{"desktop":{"pivot_id":10,"name":"desktop","width":1024,"height":694,"x":0,"y":0},"tablet":{"pivot_id":11,"name":"tablet","width":924,"height":694,"x":22,"y":0},"mobile":{"pivot_id":12,"name":"mobile","width":694,"height":694,"x":22,"y":0}}}]},"browsers":[],"blocks":[]},{"id":4,"type":"dynamic-repeater-slides","is_repeater":true,"editor_name":"default","content":{"heading":"Location No Limit"},"medias":{"image":[{"id":4,"name":"Z2y0zZbqstJ981IC_DALL\u00b7E2024-12-0219.52.09-Aconceptualimagerepresentinglocationnotbeingalimitingfactor_apersonstandinginthecenterofaglowingworldmap,withvibrantconnections.jpeg","thumbnail":"http:\/\/nlmaf.dvl.to:8000\/img\/e9fb8198-243b-4440-a1b0-f50c5708eb91\/z2y0zzbqstj981ic-dalle2024-12-0219-52-09-aconceptualimagerepresentinglocationnotbeingalimitingfactor-apersonstandinginthecenterofaglowingworldmapwithvibrantconnections.jpeg?fm=jpg&q=60&fit=max&dpr=1&h=256","original":"http:\/\/nlmaf.dvl.to:8000\/img\/e9fb8198-243b-4440-a1b0-f50c5708eb91\/z2y0zzbqstj981ic-dalle2024-12-0219-52-09-aconceptualimagerepresentinglocationnotbeingalimitingfactor-apersonstandinginthecenterofaglowingworldmapwithvibrantconnections.jpeg","medium":"http:\/\/nlmaf.dvl.to:8000\/img\/e9fb8198-243b-4440-a1b0-f50c5708eb91\/z2y0zzbqstj981ic-dalle2024-12-0219-52-09-aconceptualimagerepresentinglocationnotbeingalimitingfactor-apersonstandinginthecenterofaglowingworldmapwithvibrantconnections.jpeg?fm=jpg&q=80&fit=max&h=430","width":659,"height":350,"tags":[],"deleteUrl":null,"updateUrl":"http:\/\/nlmaf.dvl.to:8000\/admin\/media-library\/medias\/single-update","updateBulkUrl":"http:\/\/nlmaf.dvl.to:8000\/admin\/media-library\/medias\/bulk-update","deleteBulkUrl":"http:\/\/nlmaf.dvl.to:8000\/admin\/media-library\/medias\/bulk-delete","metadatas":{"default":{"caption":null,"altText":"Z2y0zZbqstJ981IC DALL\u00b7E2024 12 0219.52.09 Aconceptualimagerepresentinglocationnotbeingalimitingfactor apersonstandinginthecenterofaglowingworldmap,withvibrantconnections","video":null},"custom":{"caption":null,"altText":null,"video":null}},"pivot_id":13,"crops":{"desktop":{"pivot_id":13,"name":"desktop","width":659,"height":350,"x":0,"y":0},"tablet":{"pivot_id":14,"name":"tablet","width":466,"height":350,"x":186,"y":0},"mobile":{"pivot_id":15,"name":"mobile","width":350,"height":350,"x":306,"y":0}}}]},"browsers":[],"blocks":[]},{"id":5,"type":"dynamic-repeater-slides","is_repeater":true,"editor_name":"default","content":{"heading":"Experience No Limit"},"medias":{"image":[{"id":8,"name":"Z2y1I5bqstJ981IE_DALL\u00b7E2024-12-1323.39.48-Adynamicandmotivationalillustrationemphasizingtheideaoflimitlessfitnessopportunitiesinvariouslocations.Theimageshowsdiverseindividu.jpeg","thumbnail":"http:\/\/nlmaf.dvl.to:8000\/img\/90727c60-8b9d-4ec7-bc33-4450bb1cfa0b\/z2y1i5bqstj981ie-dalle2024-12-1323-39-48-adynamicandmotivationalillustrationemphasizingtheideaoflimitlessfitnessopportunitiesinvariouslocations-theimageshowsdiverseindividu.jpeg?fm=jpg&q=60&fit=max&dpr=1&h=256","original":"http:\/\/nlmaf.dvl.to:8000\/img\/90727c60-8b9d-4ec7-bc33-4450bb1cfa0b\/z2y1i5bqstj981ie-dalle2024-12-1323-39-48-adynamicandmotivationalillustrationemphasizingtheideaoflimitlessfitnessopportunitiesinvariouslocations-theimageshowsdiverseindividu.jpeg","medium":"http:\/\/nlmaf.dvl.to:8000\/img\/90727c60-8b9d-4ec7-bc33-4450bb1cfa0b\/z2y1i5bqstj981ie-dalle2024-12-1323-39-48-adynamicandmotivationalillustrationemphasizingtheideaoflimitlessfitnessopportunitiesinvariouslocations-theimageshowsdiverseindividu.jpeg?fm=jpg&q=80&fit=max&h=430","width":650,"height":350,"tags":[],"deleteUrl":null,"updateUrl":"http:\/\/nlmaf.dvl.to:8000\/admin\/media-library\/medias\/single-update","updateBulkUrl":"http:\/\/nlmaf.dvl.to:8000\/admin\/media-library\/medias\/bulk-update","deleteBulkUrl":"http:\/\/nlmaf.dvl.to:8000\/admin\/media-library\/medias\/bulk-delete","metadatas":{"default":{"caption":null,"altText":"Z2y1I5bqstJ981IE DALL\u00b7E2024 12 1323.39.48 Adynamicandmotivationalillustrationemphasizingtheideaoflimitlessfitnessopportunitiesinvariouslocations.Theimageshowsdiverseindividu","video":null},"custom":{"caption":null,"altText":null,"video":null}},"pivot_id":16,"crops":{"desktop":{"pivot_id":16,"name":"desktop","width":650,"height":350,"x":0,"y":0},"tablet":{"pivot_id":17,"name":"tablet","width":467,"height":350,"x":175,"y":0},"mobile":{"pivot_id":18,"name":"mobile","width":350,"height":350,"x":296,"y":0}}}]},"browsers":[],"blocks":[]}]}}],"repeaters":[]}');
CREATE TABLE IF NOT EXISTS "navigations" ("id" integer primary key , "deleted_at" timestamp, "created_at" timestamp, "updated_at" timestamp, "published" smallint not null default '0', "_lft" integer not null default '0', "_rgt" integer not null default '0', "parent_id" integer, "position" integer, "url" varchar, "has_submenu" smallint not null default '0', "submenu" text);
INSERT INTO navigations VALUES(1,NULL,'2025-06-22 23:20:03','2025-06-22 23:20:09',1,1,2,NULL,1,'/',0,NULL);
INSERT INTO navigations VALUES(2,NULL,'2025-06-22 23:20:47','2025-06-22 23:20:55',0,3,4,NULL,2,'/about',0,NULL);
INSERT INTO navigations VALUES(3,NULL,'2025-06-23 15:14:02','2025-06-23 15:14:32',0,5,6,NULL,3,'/programs',1,'[{"id":1750706057754,"is_repeater":false,"medias":[],"browsers":[],"blocks":[],"title":"Taekwondo","url":"\/programs\/taekwondo","repeater_target_id":null}]');
INSERT INTO navigations VALUES(4,NULL,'2025-07-03 01:54:07','2025-07-03 01:54:14',0,7,8,NULL,4,'/news',0,NULL);
CREATE TABLE IF NOT EXISTS "navigation_translations" ("id" integer primary key , "navigation_id" integer not null, "deleted_at" timestamp, "created_at" timestamp, "updated_at" timestamp, "locale" varchar not null, "active" smallint not null default '0', "title" varchar, "description" text, foreign key("navigation_id") references "navigations"("id") on delete CASCADE);
INSERT INTO navigation_translations VALUES(1,1,NULL,'2025-06-22 23:20:03','2025-06-22 23:20:09','en',1,'Home',NULL);
INSERT INTO navigation_translations VALUES(2,2,NULL,'2025-06-22 23:20:47','2025-06-22 23:20:55','en',1,'About',NULL);
INSERT INTO navigation_translations VALUES(3,3,NULL,'2025-06-23 15:14:02','2025-06-23 15:14:32','en',1,'Programs',NULL);
INSERT INTO navigation_translations VALUES(4,4,NULL,'2025-07-03 01:54:07','2025-07-03 01:54:14','en',1,'News and Events',NULL);
CREATE TABLE IF NOT EXISTS "pages" ("id" integer primary key , "deleted_at" timestamp, "created_at" timestamp, "updated_at" timestamp, "published" smallint not null default '0', "_lft" integer not null default '0', "_rgt" integer not null default '0', "parent_id" integer, "position" integer);
INSERT INTO pages VALUES(1,NULL,'2025-06-22 22:42:54','2025-06-29 22:10:44',1,1,2,NULL,1);
CREATE TABLE IF NOT EXISTS "page_translations" ("id" integer primary key , "page_id" integer not null, "deleted_at" timestamp, "created_at" timestamp, "updated_at" timestamp, "locale" varchar not null, "active" smallint not null default '0', "title" varchar, "meta_title" varchar, "meta_description" varchar, foreign key("page_id") references "pages"("id") on delete CASCADE);
INSERT INTO page_translations VALUES(1,1,NULL,'2025-06-22 22:42:54','2025-06-29 22:10:44','en',1,'About','No Limits Martial Arts and Fitness | About',NULL);
CREATE TABLE IF NOT EXISTS "page_slugs" ("id" integer primary key , "page_id" integer not null, "deleted_at" timestamp, "created_at" timestamp, "updated_at" timestamp, "slug" varchar not null, "locale" varchar not null, "active" smallint not null, foreign key("page_id") references "pages"("id") on delete CASCADE on update NO ACTION);
INSERT INTO page_slugs VALUES(1,1,NULL,'2025-06-22 22:42:54','2025-06-29 22:10:44','about','en',1);
CREATE TABLE IF NOT EXISTS "page_revisions" ("id" integer primary key , "page_id" integer not null, "user_id" integer, "created_at" timestamp, "updated_at" timestamp, "payload" text not null, foreign key("page_id") references "pages"("id") on delete cascade, foreign key("user_id") references "twill_users"("id") on delete set null);
INSERT INTO page_revisions VALUES(1,1,1,'2025-06-22 22:42:54','2025-06-22 22:42:54','{"slug":{"en":"about"},"title":{"en":"About"},"languages":[{"shortlabel":"EN","label":"English","value":"en","disabled":false,"published":true}]}');
INSERT INTO page_revisions VALUES(2,1,1,'2025-06-22 22:42:59','2025-06-22 22:42:59','{"title":{"en":"About"},"slug":{"en":"about"},"meta_title":{"en":null},"meta_description":{"en":null},"cmsSaveType":"publish","published":true,"public":false,"publish_start_date":null,"publish_end_date":null,"languages":[{"shortlabel":"EN","label":"English","value":"en","disabled":false,"published":true}],"parent_id":0,"medias":[],"browsers":[],"blocks":[],"repeaters":[]}');
INSERT INTO page_revisions VALUES(3,1,1,'2025-06-22 23:22:50','2025-06-22 23:22:50','{"title":{"en":"About"},"slug":{"en":"about"},"meta_title":{"en":null},"meta_description":{"en":null},"cmsSaveType":"update","published":true,"public":false,"publish_start_date":null,"publish_end_date":null,"languages":[{"shortlabel":"EN","label":"English","value":"en","disabled":false,"published":true}],"parent_id":0,"medias":[],"browsers":[],"blocks":[{"id":1750648885847,"type":"a17-block-common-cards","is_repeater":false,"editor_name":"default","content":{"heading":"Meet Our Team"},"medias":[],"browsers":[],"blocks":{"cards":[{"id":1750648896255,"type":"dynamic-repeater-cards","is_repeater":true,"content":{"title":"Brianne Jackson","details":"Master"},"medias":{"image":[{"id":1,"name":"brianne .jpeg","thumbnail":"http:\/\/nlmaf.dvl.to:8000\/img\/94a0607a-5def-4c84-bb83-365571f3ab32\/brianne.jpeg?fm=jpg&q=60&fit=max&dpr=1&h=256","original":"http:\/\/nlmaf.dvl.to:8000\/img\/94a0607a-5def-4c84-bb83-365571f3ab32\/brianne.jpeg","medium":"http:\/\/nlmaf.dvl.to:8000\/img\/94a0607a-5def-4c84-bb83-365571f3ab32\/brianne.jpeg?fm=jpg&q=80&fit=max&h=430","width":400,"height":300,"tags":[],"deleteUrl":"http:\/\/nlmaf.dvl.to:8000\/admin\/media-library\/medias\/1","updateUrl":"http:\/\/nlmaf.dvl.to:8000\/admin\/media-library\/medias\/single-update","updateBulkUrl":"http:\/\/nlmaf.dvl.to:8000\/admin\/media-library\/medias\/bulk-update","deleteBulkUrl":"http:\/\/nlmaf.dvl.to:8000\/admin\/media-library\/medias\/bulk-delete","metadatas":{"default":{"caption":null,"altText":"Brianne","video":null},"custom":{"caption":null,"altText":null,"video":null}},"disabled":false,"crops":{"desktop":{"name":"desktop","x":0,"y":0,"width":400,"height":300},"tablet":{"name":"tablet","x":0,"y":0,"width":400,"height":300},"mobile":{"name":"mobile","x":9,"y":0,"width":300,"height":300}}}]},"browsers":[],"blocks":[]},{"id":1750648915563,"type":"dynamic-repeater-cards","is_repeater":true,"content":{"title":"Juliet Ruiz","details":"Instructor"},"medias":{"image":[{"id":9,"name":"Juliet.jpeg","thumbnail":"http:\/\/nlmaf.dvl.to:8000\/img\/1a9c37ce-ac27-418d-9c1a-e2ef948867b7\/juliet.jpeg?fm=jpg&q=60&fit=max&dpr=1&h=256","original":"http:\/\/nlmaf.dvl.to:8000\/img\/1a9c37ce-ac27-418d-9c1a-e2ef948867b7\/juliet.jpeg","medium":"http:\/\/nlmaf.dvl.to:8000\/img\/1a9c37ce-ac27-418d-9c1a-e2ef948867b7\/juliet.jpeg?fm=jpg&q=80&fit=max&h=430","width":"400","height":"300","tags":[],"deleteUrl":"http:\/\/nlmaf.dvl.to:8000\/admin\/media-library\/medias\/9","updateUrl":"http:\/\/nlmaf.dvl.to:8000\/admin\/media-library\/medias\/single-update","updateBulkUrl":"http:\/\/nlmaf.dvl.to:8000\/admin\/media-library\/medias\/bulk-update","deleteBulkUrl":"http:\/\/nlmaf.dvl.to:8000\/admin\/media-library\/medias\/bulk-delete","metadatas":{"default":{"caption":null,"altText":"Juliet","video":null},"custom":{"caption":null,"altText":null,"video":null}},"disabled":false,"crops":{"desktop":{"name":"desktop","x":0,"y":0,"width":400,"height":300},"tablet":{"name":"tablet","x":0,"y":0,"width":400,"height":300},"mobile":{"name":"mobile","x":9,"y":0,"width":300,"height":300}}}]},"browsers":[],"blocks":[]},{"id":1750648940860,"type":"dynamic-repeater-cards","is_repeater":true,"content":{"title":"Kelly Tyger","details":"Instructor"},"medias":{"image":[{"id":10,"name":"Kelly.jpeg","thumbnail":"http:\/\/nlmaf.dvl.to:8000\/img\/522b9fa4-9a88-4f2e-83bb-d933427bbca4\/kelly.jpeg?fm=jpg&q=60&fit=max&dpr=1&h=256","original":"http:\/\/nlmaf.dvl.to:8000\/img\/522b9fa4-9a88-4f2e-83bb-d933427bbca4\/kelly.jpeg","medium":"http:\/\/nlmaf.dvl.to:8000\/img\/522b9fa4-9a88-4f2e-83bb-d933427bbca4\/kelly.jpeg?fm=jpg&q=80&fit=max&h=430","width":"400","height":"300","tags":[],"deleteUrl":"http:\/\/nlmaf.dvl.to:8000\/admin\/media-library\/medias\/10","updateUrl":"http:\/\/nlmaf.dvl.to:8000\/admin\/media-library\/medias\/single-update","updateBulkUrl":"http:\/\/nlmaf.dvl.to:8000\/admin\/media-library\/medias\/bulk-update","deleteBulkUrl":"http:\/\/nlmaf.dvl.to:8000\/admin\/media-library\/medias\/bulk-delete","metadatas":{"default":{"caption":null,"altText":"Kelly","video":null},"custom":{"caption":null,"altText":null,"video":null}},"disabled":false,"crops":{"desktop":{"name":"desktop","x":0,"y":0,"width":400,"height":300},"tablet":{"name":"tablet","x":0,"y":0,"width":400,"height":300},"mobile":{"name":"mobile","x":9,"y":0,"width":300,"height":300}}}]},"browsers":[],"blocks":[]}]}}],"repeaters":[]}');
INSERT INTO page_revisions VALUES(4,1,1,'2025-06-22 23:23:11','2025-06-22 23:23:11','{"title":{"en":"About"},"slug":{"en":"about"},"meta_description":{"en":null},"meta_title":{"en":"No Limits Martial Arts and Fitness | About"},"cmsSaveType":"update","published":true,"public":false,"publish_start_date":null,"publish_end_date":null,"languages":[{"shortlabel":"EN","label":"English","value":"en","disabled":false,"published":true}],"parent_id":0,"medias":[],"browsers":[],"blocks":[{"id":1750648885847,"type":"a17-block-common-cards","is_repeater":false,"editor_name":"default","content":{"heading":"Meet Our Team"},"medias":[],"browsers":[],"blocks":{"cards":[{"id":1750648896255,"type":"dynamic-repeater-cards","is_repeater":true,"content":{"title":"Brianne Jackson","details":"Master"},"medias":{"image":[{"id":1,"name":"brianne .jpeg","thumbnail":"http:\/\/nlmaf.dvl.to:8000\/img\/94a0607a-5def-4c84-bb83-365571f3ab32\/brianne.jpeg?fm=jpg&q=60&fit=max&dpr=1&h=256","original":"http:\/\/nlmaf.dvl.to:8000\/img\/94a0607a-5def-4c84-bb83-365571f3ab32\/brianne.jpeg","medium":"http:\/\/nlmaf.dvl.to:8000\/img\/94a0607a-5def-4c84-bb83-365571f3ab32\/brianne.jpeg?fm=jpg&q=80&fit=max&h=430","width":400,"height":300,"tags":[],"deleteUrl":"http:\/\/nlmaf.dvl.to:8000\/admin\/media-library\/medias\/1","updateUrl":"http:\/\/nlmaf.dvl.to:8000\/admin\/media-library\/medias\/single-update","updateBulkUrl":"http:\/\/nlmaf.dvl.to:8000\/admin\/media-library\/medias\/bulk-update","deleteBulkUrl":"http:\/\/nlmaf.dvl.to:8000\/admin\/media-library\/medias\/bulk-delete","metadatas":{"default":{"caption":null,"altText":"Brianne","video":null},"custom":{"caption":null,"altText":null,"video":null}},"disabled":false,"crops":{"desktop":{"name":"desktop","x":0,"y":0,"width":400,"height":300},"tablet":{"name":"tablet","x":0,"y":0,"width":400,"height":300},"mobile":{"name":"mobile","x":9,"y":0,"width":300,"height":300}}}]},"browsers":[],"blocks":[]},{"id":1750648915563,"type":"dynamic-repeater-cards","is_repeater":true,"content":{"title":"Juliet Ruiz","details":"Instructor"},"medias":{"image":[{"id":9,"name":"Juliet.jpeg","thumbnail":"http:\/\/nlmaf.dvl.to:8000\/img\/1a9c37ce-ac27-418d-9c1a-e2ef948867b7\/juliet.jpeg?fm=jpg&q=60&fit=max&dpr=1&h=256","original":"http:\/\/nlmaf.dvl.to:8000\/img\/1a9c37ce-ac27-418d-9c1a-e2ef948867b7\/juliet.jpeg","medium":"http:\/\/nlmaf.dvl.to:8000\/img\/1a9c37ce-ac27-418d-9c1a-e2ef948867b7\/juliet.jpeg?fm=jpg&q=80&fit=max&h=430","width":"400","height":"300","tags":[],"deleteUrl":"http:\/\/nlmaf.dvl.to:8000\/admin\/media-library\/medias\/9","updateUrl":"http:\/\/nlmaf.dvl.to:8000\/admin\/media-library\/medias\/single-update","updateBulkUrl":"http:\/\/nlmaf.dvl.to:8000\/admin\/media-library\/medias\/bulk-update","deleteBulkUrl":"http:\/\/nlmaf.dvl.to:8000\/admin\/media-library\/medias\/bulk-delete","metadatas":{"default":{"caption":null,"altText":"Juliet","video":null},"custom":{"caption":null,"altText":null,"video":null}},"disabled":false,"crops":{"desktop":{"name":"desktop","x":0,"y":0,"width":400,"height":300},"tablet":{"name":"tablet","x":0,"y":0,"width":400,"height":300},"mobile":{"name":"mobile","x":9,"y":0,"width":300,"height":300}}}]},"browsers":[],"blocks":[]},{"id":1750648940860,"type":"dynamic-repeater-cards","is_repeater":true,"content":{"title":"Kelly Tyger","details":"Instructor"},"medias":{"image":[{"id":10,"name":"Kelly.jpeg","thumbnail":"http:\/\/nlmaf.dvl.to:8000\/img\/522b9fa4-9a88-4f2e-83bb-d933427bbca4\/kelly.jpeg?fm=jpg&q=60&fit=max&dpr=1&h=256","original":"http:\/\/nlmaf.dvl.to:8000\/img\/522b9fa4-9a88-4f2e-83bb-d933427bbca4\/kelly.jpeg","medium":"http:\/\/nlmaf.dvl.to:8000\/img\/522b9fa4-9a88-4f2e-83bb-d933427bbca4\/kelly.jpeg?fm=jpg&q=80&fit=max&h=430","width":"400","height":"300","tags":[],"deleteUrl":"http:\/\/nlmaf.dvl.to:8000\/admin\/media-library\/medias\/10","updateUrl":"http:\/\/nlmaf.dvl.to:8000\/admin\/media-library\/medias\/single-update","updateBulkUrl":"http:\/\/nlmaf.dvl.to:8000\/admin\/media-library\/medias\/bulk-update","deleteBulkUrl":"http:\/\/nlmaf.dvl.to:8000\/admin\/media-library\/medias\/bulk-delete","metadatas":{"default":{"caption":null,"altText":"Kelly","video":null},"custom":{"caption":null,"altText":null,"video":null}},"disabled":false,"crops":{"desktop":{"name":"desktop","x":0,"y":0,"width":400,"height":300},"tablet":{"name":"tablet","x":0,"y":0,"width":400,"height":300},"mobile":{"name":"mobile","x":9,"y":0,"width":300,"height":300}}}]},"browsers":[],"blocks":[]}]}}],"repeaters":[]}');
INSERT INTO page_revisions VALUES(5,1,1,'2025-06-22 23:24:30','2025-06-22 23:24:30','{"title":{"en":"About"},"slug":{"en":"about"},"meta_description":{"en":null},"meta_title":{"en":"No Limits Martial Arts and Fitness | About"},"cmsSaveType":"update","published":true,"public":false,"publish_start_date":null,"publish_end_date":null,"languages":[{"shortlabel":"EN","label":"English","value":"en","disabled":false,"published":true}],"parent_id":0,"medias":[],"browsers":[],"blocks":[{"id":1750649026661,"type":"a17-block-common-hero","is_repeater":false,"editor_name":"default","content":{"variant":"banner","heading":"Made for the Way You Move"},"medias":{"image":[{"id":2,"name":"Firefly_a group of 3 to 5 experienced runners running on a trail 707877.jpg","thumbnail":"http:\/\/nlmaf.dvl.to:8000\/img\/3be3e14f-2032-4a2f-9b30-a03e32502d65\/firefly-a-group-of-3-to-5-experienced-runners-running-on-a-trail-707877.jpg?fm=jpg&q=60&fit=max&dpr=1&h=256","original":"http:\/\/nlmaf.dvl.to:8000\/img\/3be3e14f-2032-4a2f-9b30-a03e32502d65\/firefly-a-group-of-3-to-5-experienced-runners-running-on-a-trail-707877.jpg","medium":"http:\/\/nlmaf.dvl.to:8000\/img\/3be3e14f-2032-4a2f-9b30-a03e32502d65\/firefly-a-group-of-3-to-5-experienced-runners-running-on-a-trail-707877.jpg?fm=jpg&q=80&fit=max&h=430","width":2048,"height":2048,"tags":[],"deleteUrl":"http:\/\/nlmaf.dvl.to:8000\/admin\/media-library\/medias\/2","updateUrl":"http:\/\/nlmaf.dvl.to:8000\/admin\/media-library\/medias\/single-update","updateBulkUrl":"http:\/\/nlmaf.dvl.to:8000\/admin\/media-library\/medias\/bulk-update","deleteBulkUrl":"http:\/\/nlmaf.dvl.to:8000\/admin\/media-library\/medias\/bulk-delete","metadatas":{"default":{"caption":null,"altText":"Firefly a group of 3 to 5 experienced runners running on a trail 707877","video":null},"custom":{"caption":null,"altText":null,"video":null}},"disabled":false,"crops":{"desktop":{"name":"desktop","x":0,"y":0,"width":2048,"height":2048},"tablet":{"name":"tablet","x":0,"y":448,"width":2048,"height":1536},"mobile":{"name":"mobile","x":0,"y":0,"width":2048,"height":2048}}}]},"browsers":[],"blocks":[]},{"id":1750648885847,"type":"a17-block-common-cards","is_repeater":false,"editor_name":"default","content":{"heading":"Meet Our Team"},"medias":[],"browsers":[],"blocks":{"cards":[{"id":1750648896255,"type":"dynamic-repeater-cards","is_repeater":true,"content":{"title":"Brianne Jackson","details":"Master"},"medias":{"image":[{"id":1,"name":"brianne .jpeg","thumbnail":"http:\/\/nlmaf.dvl.to:8000\/img\/94a0607a-5def-4c84-bb83-365571f3ab32\/brianne.jpeg?fm=jpg&q=60&fit=max&dpr=1&h=256","original":"http:\/\/nlmaf.dvl.to:8000\/img\/94a0607a-5def-4c84-bb83-365571f3ab32\/brianne.jpeg","medium":"http:\/\/nlmaf.dvl.to:8000\/img\/94a0607a-5def-4c84-bb83-365571f3ab32\/brianne.jpeg?fm=jpg&q=80&fit=max&h=430","width":400,"height":300,"tags":[],"deleteUrl":"http:\/\/nlmaf.dvl.to:8000\/admin\/media-library\/medias\/1","updateUrl":"http:\/\/nlmaf.dvl.to:8000\/admin\/media-library\/medias\/single-update","updateBulkUrl":"http:\/\/nlmaf.dvl.to:8000\/admin\/media-library\/medias\/bulk-update","deleteBulkUrl":"http:\/\/nlmaf.dvl.to:8000\/admin\/media-library\/medias\/bulk-delete","metadatas":{"default":{"caption":null,"altText":"Brianne","video":null},"custom":{"caption":null,"altText":null,"video":null}},"disabled":false,"crops":{"desktop":{"name":"desktop","x":0,"y":0,"width":400,"height":300},"tablet":{"name":"tablet","x":0,"y":0,"width":400,"height":300},"mobile":{"name":"mobile","x":9,"y":0,"width":300,"height":300}}}]},"browsers":[],"blocks":[]},{"id":1750648915563,"type":"dynamic-repeater-cards","is_repeater":true,"content":{"title":"Juliet Ruiz","details":"Instructor"},"medias":{"image":[{"id":9,"name":"Juliet.jpeg","thumbnail":"http:\/\/nlmaf.dvl.to:8000\/img\/1a9c37ce-ac27-418d-9c1a-e2ef948867b7\/juliet.jpeg?fm=jpg&q=60&fit=max&dpr=1&h=256","original":"http:\/\/nlmaf.dvl.to:8000\/img\/1a9c37ce-ac27-418d-9c1a-e2ef948867b7\/juliet.jpeg","medium":"http:\/\/nlmaf.dvl.to:8000\/img\/1a9c37ce-ac27-418d-9c1a-e2ef948867b7\/juliet.jpeg?fm=jpg&q=80&fit=max&h=430","width":"400","height":"300","tags":[],"deleteUrl":"http:\/\/nlmaf.dvl.to:8000\/admin\/media-library\/medias\/9","updateUrl":"http:\/\/nlmaf.dvl.to:8000\/admin\/media-library\/medias\/single-update","updateBulkUrl":"http:\/\/nlmaf.dvl.to:8000\/admin\/media-library\/medias\/bulk-update","deleteBulkUrl":"http:\/\/nlmaf.dvl.to:8000\/admin\/media-library\/medias\/bulk-delete","metadatas":{"default":{"caption":null,"altText":"Juliet","video":null},"custom":{"caption":null,"altText":null,"video":null}},"disabled":false,"crops":{"desktop":{"name":"desktop","x":0,"y":0,"width":400,"height":300},"tablet":{"name":"tablet","x":0,"y":0,"width":400,"height":300},"mobile":{"name":"mobile","x":9,"y":0,"width":300,"height":300}}}]},"browsers":[],"blocks":[]},{"id":1750648940860,"type":"dynamic-repeater-cards","is_repeater":true,"content":{"title":"Kelly Tyger","details":"Instructor"},"medias":{"image":[{"id":10,"name":"Kelly.jpeg","thumbnail":"http:\/\/nlmaf.dvl.to:8000\/img\/522b9fa4-9a88-4f2e-83bb-d933427bbca4\/kelly.jpeg?fm=jpg&q=60&fit=max&dpr=1&h=256","original":"http:\/\/nlmaf.dvl.to:8000\/img\/522b9fa4-9a88-4f2e-83bb-d933427bbca4\/kelly.jpeg","medium":"http:\/\/nlmaf.dvl.to:8000\/img\/522b9fa4-9a88-4f2e-83bb-d933427bbca4\/kelly.jpeg?fm=jpg&q=80&fit=max&h=430","width":"400","height":"300","tags":[],"deleteUrl":"http:\/\/nlmaf.dvl.to:8000\/admin\/media-library\/medias\/10","updateUrl":"http:\/\/nlmaf.dvl.to:8000\/admin\/media-library\/medias\/single-update","updateBulkUrl":"http:\/\/nlmaf.dvl.to:8000\/admin\/media-library\/medias\/bulk-update","deleteBulkUrl":"http:\/\/nlmaf.dvl.to:8000\/admin\/media-library\/medias\/bulk-delete","metadatas":{"default":{"caption":null,"altText":"Kelly","video":null},"custom":{"caption":null,"altText":null,"video":null}},"disabled":false,"crops":{"desktop":{"name":"desktop","x":0,"y":0,"width":400,"height":300},"tablet":{"name":"tablet","x":0,"y":0,"width":400,"height":300},"mobile":{"name":"mobile","x":9,"y":0,"width":300,"height":300}}}]},"browsers":[],"blocks":[]}]}}],"repeaters":[]}');
INSERT INTO page_revisions VALUES(6,1,1,'2025-06-29 20:44:05','2025-06-29 20:44:05','{"title":{"en":"About"},"slug":{"en":"about"},"meta_title":{"en":"No Limits Martial Arts and Fitness | About"},"meta_description":{"en":null},"cmsSaveType":"update","published":true,"public":false,"publish_start_date":null,"publish_end_date":null,"languages":[{"shortlabel":"EN","label":"English","value":"en","disabled":false,"published":true}],"parent_id":0,"medias":[],"browsers":[],"blocks":[{"id":10,"type":"a17-block-common-hero","is_repeater":false,"editor_name":"default","content":{"variant":"banner","heading":"Made for the Way You Move"},"medias":{"image":[{"id":2,"name":"Firefly_a group of 3 to 5 experienced runners running on a trail 707877.jpg","thumbnail":"http:\/\/nlmaf.dvl.to:8000\/img\/3be3e14f-2032-4a2f-9b30-a03e32502d65\/firefly-a-group-of-3-to-5-experienced-runners-running-on-a-trail-707877.jpg?fm=jpg&q=60&fit=max&dpr=1&h=256","original":"http:\/\/nlmaf.dvl.to:8000\/img\/3be3e14f-2032-4a2f-9b30-a03e32502d65\/firefly-a-group-of-3-to-5-experienced-runners-running-on-a-trail-707877.jpg","medium":"http:\/\/nlmaf.dvl.to:8000\/img\/3be3e14f-2032-4a2f-9b30-a03e32502d65\/firefly-a-group-of-3-to-5-experienced-runners-running-on-a-trail-707877.jpg?fm=jpg&q=80&fit=max&h=430","width":2048,"height":2048,"tags":[],"deleteUrl":null,"updateUrl":"http:\/\/nlmaf.dvl.to:8000\/admin\/media-library\/medias\/single-update","updateBulkUrl":"http:\/\/nlmaf.dvl.to:8000\/admin\/media-library\/medias\/bulk-update","deleteBulkUrl":"http:\/\/nlmaf.dvl.to:8000\/admin\/media-library\/medias\/bulk-delete","metadatas":{"default":{"caption":null,"altText":"Firefly a group of 3 to 5 experienced runners running on a trail 707877","video":null},"custom":{"caption":null,"altText":null,"video":null}},"pivot_id":49,"crops":{"desktop":{"pivot_id":49,"name":"desktop","width":2048,"height":2048,"x":0,"y":0},"tablet":{"pivot_id":50,"name":"tablet","width":2048,"height":1536,"x":0,"y":448},"mobile":{"pivot_id":51,"name":"mobile","width":2048,"height":2048,"x":0,"y":0}}}]},"browsers":[],"blocks":[]},{"id":6,"type":"a17-block-common-cards","is_repeater":false,"editor_name":"default","content":{"heading":"Meet Our Team","type":"profile"},"medias":[],"browsers":[],"blocks":{"cards":[{"id":7,"type":"dynamic-repeater-cards","is_repeater":true,"editor_name":"default","content":{"title":"Brianne Jackson","details":"Master"},"medias":{"image":[{"id":1,"name":"brianne .jpeg","thumbnail":"http:\/\/nlmaf.dvl.to:8000\/img\/94a0607a-5def-4c84-bb83-365571f3ab32\/brianne.jpeg?fm=jpg&q=60&fit=max&dpr=1&h=256","original":"http:\/\/nlmaf.dvl.to:8000\/img\/94a0607a-5def-4c84-bb83-365571f3ab32\/brianne.jpeg","medium":"http:\/\/nlmaf.dvl.to:8000\/img\/94a0607a-5def-4c84-bb83-365571f3ab32\/brianne.jpeg?fm=jpg&q=80&fit=max&h=430","width":400,"height":300,"tags":[],"deleteUrl":null,"updateUrl":"http:\/\/nlmaf.dvl.to:8000\/admin\/media-library\/medias\/single-update","updateBulkUrl":"http:\/\/nlmaf.dvl.to:8000\/admin\/media-library\/medias\/bulk-update","deleteBulkUrl":"http:\/\/nlmaf.dvl.to:8000\/admin\/media-library\/medias\/bulk-delete","metadatas":{"default":{"caption":null,"altText":"Brianne","video":null},"custom":{"caption":null,"altText":null,"video":null}},"pivot_id":52,"crops":{"desktop":{"pivot_id":52,"name":"desktop","width":400,"height":300,"x":0,"y":0},"tablet":{"pivot_id":53,"name":"tablet","width":400,"height":300,"x":0,"y":0},"mobile":{"pivot_id":54,"name":"mobile","width":300,"height":300,"x":9,"y":0}}}]},"browsers":[],"blocks":[]},{"id":8,"type":"dynamic-repeater-cards","is_repeater":true,"editor_name":"default","content":{"title":"Juliet Ruiz","details":"Instructor"},"medias":{"image":[{"id":9,"name":"Juliet.jpeg","thumbnail":"http:\/\/nlmaf.dvl.to:8000\/img\/1a9c37ce-ac27-418d-9c1a-e2ef948867b7\/juliet.jpeg?fm=jpg&q=60&fit=max&dpr=1&h=256","original":"http:\/\/nlmaf.dvl.to:8000\/img\/1a9c37ce-ac27-418d-9c1a-e2ef948867b7\/juliet.jpeg","medium":"http:\/\/nlmaf.dvl.to:8000\/img\/1a9c37ce-ac27-418d-9c1a-e2ef948867b7\/juliet.jpeg?fm=jpg&q=80&fit=max&h=430","width":400,"height":300,"tags":[],"deleteUrl":null,"updateUrl":"http:\/\/nlmaf.dvl.to:8000\/admin\/media-library\/medias\/single-update","updateBulkUrl":"http:\/\/nlmaf.dvl.to:8000\/admin\/media-library\/medias\/bulk-update","deleteBulkUrl":"http:\/\/nlmaf.dvl.to:8000\/admin\/media-library\/medias\/bulk-delete","metadatas":{"default":{"caption":null,"altText":"Juliet","video":null},"custom":{"caption":null,"altText":null,"video":null}},"pivot_id":55,"crops":{"desktop":{"pivot_id":55,"name":"desktop","width":400,"height":300,"x":0,"y":0},"tablet":{"pivot_id":56,"name":"tablet","width":400,"height":300,"x":0,"y":0},"mobile":{"pivot_id":57,"name":"mobile","width":300,"height":300,"x":9,"y":0}}}]},"browsers":[],"blocks":[]},{"id":9,"type":"dynamic-repeater-cards","is_repeater":true,"editor_name":"default","content":{"title":"Kelly Tyger","details":"Instructor"},"medias":{"image":[{"id":10,"name":"Kelly.jpeg","thumbnail":"http:\/\/nlmaf.dvl.to:8000\/img\/522b9fa4-9a88-4f2e-83bb-d933427bbca4\/kelly.jpeg?fm=jpg&q=60&fit=max&dpr=1&h=256","original":"http:\/\/nlmaf.dvl.to:8000\/img\/522b9fa4-9a88-4f2e-83bb-d933427bbca4\/kelly.jpeg","medium":"http:\/\/nlmaf.dvl.to:8000\/img\/522b9fa4-9a88-4f2e-83bb-d933427bbca4\/kelly.jpeg?fm=jpg&q=80&fit=max&h=430","width":400,"height":300,"tags":[],"deleteUrl":null,"updateUrl":"http:\/\/nlmaf.dvl.to:8000\/admin\/media-library\/medias\/single-update","updateBulkUrl":"http:\/\/nlmaf.dvl.to:8000\/admin\/media-library\/medias\/bulk-update","deleteBulkUrl":"http:\/\/nlmaf.dvl.to:8000\/admin\/media-library\/medias\/bulk-delete","metadatas":{"default":{"caption":null,"altText":"Kelly","video":null},"custom":{"caption":null,"altText":null,"video":null}},"pivot_id":58,"crops":{"desktop":{"pivot_id":58,"name":"desktop","width":400,"height":300,"x":0,"y":0},"tablet":{"pivot_id":59,"name":"tablet","width":400,"height":300,"x":0,"y":0},"mobile":{"pivot_id":60,"name":"mobile","width":300,"height":300,"x":9,"y":0}}}]},"browsers":[],"blocks":[]}]}}],"repeaters":[]}');
CREATE TABLE IF NOT EXISTS "profile_translations" ("id" integer primary key , "profile_id" integer not null, "deleted_at" timestamp, "created_at" timestamp, "updated_at" timestamp, "locale" varchar not null, "active" smallint not null default '0', foreign key("profile_id") references "profiles"("id") on delete CASCADE);
INSERT INTO profile_translations VALUES(1,3,NULL,'2025-06-23 21:32:29','2025-07-03 01:19:05','en',1);
INSERT INTO profile_translations VALUES(2,1,NULL,'2025-06-26 17:04:36','2025-06-28 23:36:11','en',1);
CREATE TABLE IF NOT EXISTS "profile_slugs" ("id" integer primary key , "profile_id" integer not null, "deleted_at" timestamp, "created_at" timestamp, "updated_at" timestamp, "slug" varchar not null, "locale" varchar not null, "active" smallint not null, foreign key("profile_id") references "profiles"("id") on delete CASCADE on update NO ACTION);
INSERT INTO profile_slugs VALUES(1,1,NULL,'2025-06-23 18:15:21','2025-06-28 23:36:11','fat-benny','en',0);
INSERT INTO profile_slugs VALUES(2,2,NULL,'2025-06-23 21:10:39','2025-06-23 21:10:39','dev-strand','en',1);
INSERT INTO profile_slugs VALUES(3,3,NULL,'2025-06-23 21:14:03','2025-07-04 23:20:56','dev-strand-2','en',0);
INSERT INTO profile_slugs VALUES(4,1,NULL,'2025-06-24 03:21:54','2025-06-28 23:36:11','fattest-benny','en',1);
INSERT INTO profile_slugs VALUES(5,3,NULL,'2025-06-24 03:22:54','2025-07-04 23:20:56','deverick-strand','en',1);
CREATE TABLE IF NOT EXISTS "roles" ("id" integer primary key , "name" varchar not null, "description" varchar, "created_at" timestamp, "updated_at" timestamp);
CREATE TABLE IF NOT EXISTS "programs" ("id" integer primary key , "deleted_at" timestamp, "created_at" timestamp, "updated_at" timestamp, "published" smallint not null default '0', "position" integer, "_lft" integer not null default '0', "_rgt" integer not null default '0', "parent_id" integer);
INSERT INTO programs VALUES(1,NULL,'2025-06-23 15:10:16','2025-06-27 23:58:17',1,0,1,6,NULL);
INSERT INTO programs VALUES(2,'2025-06-26 21:56:13','2025-06-26 18:09:53','2025-06-26 21:56:13',0,0,2,3,1);
INSERT INTO programs VALUES(3,'2025-07-03 19:57:59','2025-06-27 23:56:38','2025-07-03 19:57:59',1,1,7,8,NULL);
INSERT INTO programs VALUES(4,'2025-07-03 20:23:45','2025-07-03 19:58:34','2025-07-03 20:23:45',1,0,4,5,1);
CREATE TABLE IF NOT EXISTS "program_translations" ("id" integer primary key , "program_id" integer not null, "deleted_at" timestamp, "created_at" timestamp, "updated_at" timestamp, "locale" varchar not null, "active" smallint not null default '0', "title" varchar, "tagline" text, current_belt VARCHAR(255) DEFAULT NULL, foreign key("program_id") references "programs"("id") on delete CASCADE);
INSERT INTO program_translations VALUES(1,1,NULL,'2025-06-23 15:10:16','2025-06-27 23:58:17','en',1,'Taekwondo','The Korean art of self-defense.',NULL);
INSERT INTO program_translations VALUES(2,2,NULL,'2025-06-26 18:09:53','2025-06-26 18:09:53','en',1,'Belts',NULL,NULL);
INSERT INTO program_translations VALUES(3,3,NULL,'2025-06-27 23:56:38','2025-06-27 23:56:38','en',0,'Test Program','Test Tagline',NULL);
INSERT INTO program_translations VALUES(4,4,NULL,'2025-07-03 19:58:34','2025-07-03 19:59:05','en',1,'Testing',NULL,NULL);
CREATE TABLE IF NOT EXISTS "program_slugs" ("id" integer primary key , "program_id" integer not null, "deleted_at" timestamp, "created_at" timestamp, "updated_at" timestamp, "slug" varchar not null, "locale" varchar not null, "active" smallint not null, foreign key("program_id") references "programs"("id") on delete CASCADE on update NO ACTION);
INSERT INTO program_slugs VALUES(1,1,NULL,'2025-06-23 15:10:16','2025-06-27 23:58:17','taekwondo','en',1);
INSERT INTO program_slugs VALUES(2,2,'2025-06-26 21:56:13','2025-06-26 18:09:53','2025-06-26 21:56:13','belts','en',1);
INSERT INTO program_slugs VALUES(3,3,'2025-07-03 19:57:59','2025-06-27 23:56:38','2025-07-03 19:57:59','test-program','en',1);
INSERT INTO program_slugs VALUES(4,4,'2025-07-03 20:23:45','2025-07-03 19:58:34','2025-07-03 20:23:45','testing','en',0);
INSERT INTO program_slugs VALUES(5,4,'2025-07-03 20:23:45','2025-07-03 19:59:05','2025-07-03 20:23:45','taekwondotesting','en',1);
CREATE TABLE IF NOT EXISTS "program_revisions" ("id" integer primary key , "program_id" integer not null, "user_id" integer, "created_at" timestamp, "updated_at" timestamp, "payload" text not null, foreign key("program_id") references "programs"("id") on delete cascade, foreign key("user_id") references "twill_users"("id") on delete set null);
INSERT INTO program_revisions VALUES(1,1,1,'2025-06-23 15:10:16','2025-06-23 15:10:16','{"slug":{"en":"taekwondo"},"title":{"en":"Taekwondo"},"languages":[{"shortlabel":"EN","label":"English","value":"en","disabled":false,"published":true}]}');
INSERT INTO program_revisions VALUES(2,1,1,'2025-06-23 15:12:07','2025-06-23 15:12:07','{"title":{"en":"Taekwondo"},"slug":{"en":"taekwondo"},"tagline":{"en":"The Korean art of self-defense."},"cmsSaveType":"publish","published":true,"public":false,"publish_start_date":null,"publish_end_date":null,"languages":[{"shortlabel":"EN","label":"English","value":"en","disabled":false,"published":true}],"parent_id":0,"medias":[],"browsers":[],"blocks":[],"repeaters":[]}');
INSERT INTO program_revisions VALUES(3,1,1,'2025-06-23 15:13:46','2025-06-23 15:13:46','{"title":{"en":"Taekwondo"},"slug":{"en":"taekwondo"},"tagline":{"en":"The Korean art of self-defense."},"cmsSaveType":"update","published":true,"public":false,"publish_start_date":null,"publish_end_date":null,"languages":[{"shortlabel":"EN","label":"English","value":"en","disabled":false,"published":true}],"parent_id":0,"medias":[],"browsers":[],"blocks":[{"id":1750705996950,"type":"a17-block-common-image","is_repeater":false,"editor_name":"default","content":[],"medias":{"common_image":[{"id":11,"name":"Gemini_Generated_Image_e25k7be25k7be25k.jpg","thumbnail":"http:\/\/nlmaf.dvl.to:8000\/img\/640f7751-172b-4e83-b84a-ff0db549e635\/gemini-generated-image-e25k7be25k7be25k.jpg?fm=jpg&q=60&fit=max&dpr=1&h=256","original":"http:\/\/nlmaf.dvl.to:8000\/img\/640f7751-172b-4e83-b84a-ff0db549e635\/gemini-generated-image-e25k7be25k7be25k.jpg","medium":"http:\/\/nlmaf.dvl.to:8000\/img\/640f7751-172b-4e83-b84a-ff0db549e635\/gemini-generated-image-e25k7be25k7be25k.jpg?fm=jpg&q=80&fit=max&h=430","width":"2048","height":"2048","tags":[],"deleteUrl":"http:\/\/nlmaf.dvl.to:8000\/admin\/media-library\/medias\/11","updateUrl":"http:\/\/nlmaf.dvl.to:8000\/admin\/media-library\/medias\/single-update","updateBulkUrl":"http:\/\/nlmaf.dvl.to:8000\/admin\/media-library\/medias\/bulk-update","deleteBulkUrl":"http:\/\/nlmaf.dvl.to:8000\/admin\/media-library\/medias\/bulk-delete","metadatas":{"default":{"caption":null,"altText":"Gemini Generated Image e25k7be25k7be25k","video":null},"custom":{"caption":null,"altText":null,"video":null}},"disabled":false,"crops":{"desktop":{"name":"desktop","x":0,"y":64,"width":2048,"height":1152},"tablet":{"name":"tablet","x":0,"y":64,"width":2048,"height":1536},"mobile":{"name":"mobile","x":0,"y":0,"width":2048,"height":2048}}}]},"browsers":[],"blocks":[]}],"repeaters":[]}');
INSERT INTO program_revisions VALUES(4,2,1,'2025-06-26 18:09:53','2025-06-26 18:09:53','{"slug":{"en":"belts"},"title":{"en":"Belts"},"languages":[{"shortlabel":"EN","label":"English","value":"en","disabled":false,"published":true}]}');
INSERT INTO program_revisions VALUES(5,1,1,'2025-06-26 20:44:48','2025-06-26 20:44:48','{"title":{"en":"Taekwondo"},"slug":{"en":"taekwondo"},"tagline":"The Korean art of self-defense.","cmsSaveType":"update","published":true,"public":false,"publish_start_date":null,"publish_end_date":null,"languages":[{"shortlabel":"EN","label":"English","value":"en","disabled":false,"published":true}],"parent_id":0,"medias":[],"browsers":[],"blocks":[{"id":11,"type":"a17-block-common-image","is_repeater":false,"editor_name":"default","content":[],"medias":{"common_image":[{"id":11,"name":"Gemini_Generated_Image_e25k7be25k7be25k.jpg","thumbnail":"http:\/\/nlmaf.dvl.to:8000\/img\/640f7751-172b-4e83-b84a-ff0db549e635\/gemini-generated-image-e25k7be25k7be25k.jpg?fm=jpg&q=60&fit=max&dpr=1&h=256","original":"http:\/\/nlmaf.dvl.to:8000\/img\/640f7751-172b-4e83-b84a-ff0db549e635\/gemini-generated-image-e25k7be25k7be25k.jpg","medium":"http:\/\/nlmaf.dvl.to:8000\/img\/640f7751-172b-4e83-b84a-ff0db549e635\/gemini-generated-image-e25k7be25k7be25k.jpg?fm=jpg&q=80&fit=max&h=430","width":2048,"height":2048,"tags":[],"deleteUrl":null,"updateUrl":"http:\/\/nlmaf.dvl.to:8000\/admin\/media-library\/medias\/single-update","updateBulkUrl":"http:\/\/nlmaf.dvl.to:8000\/admin\/media-library\/medias\/bulk-update","deleteBulkUrl":"http:\/\/nlmaf.dvl.to:8000\/admin\/media-library\/medias\/bulk-delete","metadatas":{"default":{"caption":null,"altText":"Gemini Generated Image e25k7be25k7be25k","video":null},"custom":{"caption":null,"altText":null,"video":null}},"pivot_id":61,"crops":{"desktop":{"pivot_id":61,"name":"desktop","width":2048,"height":1152,"x":0,"y":64},"tablet":{"pivot_id":62,"name":"tablet","width":2048,"height":1536,"x":0,"y":64},"mobile":{"pivot_id":63,"name":"mobile","width":2048,"height":2048,"x":0,"y":0}}}]},"browsers":[],"blocks":[]}],"repeaters":{"belts":[{"id":1750984900953,"is_repeater":false,"medias":[],"browsers":[],"blocks":{"requirements":[{"id":1750984914673,"type":"a17-block-common-requirements","is_repeater":false,"editor_name":"blocks-1750984900953|requirements","content":[],"medias":[],"browsers":[],"blocks":{"requirements":[{"id":1750984918829,"type":"dynamic-repeater-requirements","is_repeater":true,"content":[],"medias":[],"browsers":[],"blocks":{"poomsae":[{"id":1750984925399,"type":"dynamic-repeater-poomsae","is_repeater":true,"content":{"poomsae_name":"First 8 moves of ITF Form Chon-Ji"},"medias":[],"browsers":[],"blocks":[]}],"stances":[{"id":1750984956216,"type":"dynamic-repeater-stances","is_repeater":true,"content":{"stance_name":"Joon-Be"},"medias":[],"browsers":[],"blocks":[]},{"id":1750984966129,"type":"dynamic-repeater-stances","is_repeater":true,"content":{"stance_name":"Walking Stance"},"medias":[],"browsers":[],"blocks":[]},{"id":1750984975444,"type":"dynamic-repeater-stances","is_repeater":true,"content":{"stance_name":"Front Stance"},"medias":[],"browsers":[],"blocks":[]},{"id":1750984983254,"type":"dynamic-repeater-stances","is_repeater":true,"content":{"stance_name":"Back Stance"},"medias":[],"browsers":[],"blocks":[]},{"id":1750984992642,"type":"dynamic-repeater-stances","is_repeater":true,"content":{"stance_name":"Fighting Stance"},"medias":[],"browsers":[],"blocks":[]}],"sparring_self-defense":[{"id":1750985011516,"type":"dynamic-repeater-sparring_self-defense","is_repeater":true,"content":{"sparring_self-defense_name":"Low Block"},"medias":[],"browsers":[],"blocks":[]},{"id":1750985024852,"type":"dynamic-repeater-sparring_self-defense","is_repeater":true,"content":{"sparring_self-defense_name":"Middle Block"},"medias":[],"browsers":[],"blocks":[]},{"id":1750985032810,"type":"dynamic-repeater-sparring_self-defense","is_repeater":true,"content":{"sparring_self-defense_name":"HIgh Block"},"medias":[],"browsers":[],"blocks":[]},{"id":1750985044853,"type":"dynamic-repeater-sparring_self-defense","is_repeater":true,"content":{"sparring_self-defense_name":"Low Punch"},"medias":[],"browsers":[],"blocks":[]},{"id":1750985054715,"type":"dynamic-repeater-sparring_self-defense","is_repeater":true,"content":{"sparring_self-defense_name":"Middle Punch"},"medias":[],"browsers":[],"blocks":[]},{"id":1750985061075,"type":"dynamic-repeater-sparring_self-defense","is_repeater":true,"content":{"sparring_self-defense_name":"High Punch"},"medias":[],"browsers":[],"blocks":[]},{"id":1750985064242,"type":"dynamic-repeater-sparring_self-defense","is_repeater":true,"content":{"sparring_self-defense_name":"Combination 1"},"medias":[],"browsers":[],"blocks":[]}]}}]}}]},"name":"No Belt","repeater_target_id":null}]}}');
INSERT INTO program_revisions VALUES(6,1,1,'2025-06-26 20:49:35','2025-06-26 20:49:35','{"title":{"en":"Taekwondo"},"slug":{"en":"taekwondo"},"tagline":"The Korean art of self-defense.","cmsSaveType":"update","published":true,"public":false,"publish_start_date":null,"publish_end_date":null,"languages":[{"shortlabel":"EN","label":"English","value":"en","disabled":false,"published":true}],"parent_id":0,"medias":[],"browsers":[],"blocks":[{"id":11,"type":"a17-block-common-image","is_repeater":false,"editor_name":"default","content":[],"medias":{"common_image":[{"id":11,"name":"Gemini_Generated_Image_e25k7be25k7be25k.jpg","thumbnail":"http:\/\/nlmaf.dvl.to:8000\/img\/640f7751-172b-4e83-b84a-ff0db549e635\/gemini-generated-image-e25k7be25k7be25k.jpg?fm=jpg&q=60&fit=max&dpr=1&h=256","original":"http:\/\/nlmaf.dvl.to:8000\/img\/640f7751-172b-4e83-b84a-ff0db549e635\/gemini-generated-image-e25k7be25k7be25k.jpg","medium":"http:\/\/nlmaf.dvl.to:8000\/img\/640f7751-172b-4e83-b84a-ff0db549e635\/gemini-generated-image-e25k7be25k7be25k.jpg?fm=jpg&q=80&fit=max&h=430","width":2048,"height":2048,"tags":[],"deleteUrl":null,"updateUrl":"http:\/\/nlmaf.dvl.to:8000\/admin\/media-library\/medias\/single-update","updateBulkUrl":"http:\/\/nlmaf.dvl.to:8000\/admin\/media-library\/medias\/bulk-update","deleteBulkUrl":"http:\/\/nlmaf.dvl.to:8000\/admin\/media-library\/medias\/bulk-delete","metadatas":{"default":{"caption":null,"altText":"Gemini Generated Image e25k7be25k7be25k","video":null},"custom":{"caption":null,"altText":null,"video":null}},"pivot_id":61,"crops":{"desktop":{"pivot_id":61,"name":"desktop","width":2048,"height":1152,"x":0,"y":64},"tablet":{"pivot_id":62,"name":"tablet","width":2048,"height":1536,"x":0,"y":64},"mobile":{"pivot_id":63,"name":"mobile","width":2048,"height":2048,"x":0,"y":0}}}]},"browsers":[],"blocks":[]}],"repeaters":{"belts":[{"id":1750984900953,"is_repeater":false,"medias":[],"browsers":[],"blocks":{"requirements":[{"id":1750984914673,"type":"a17-block-common-requirements","is_repeater":false,"editor_name":"blocks-1750984900953|requirements","content":[],"medias":[],"browsers":[],"blocks":{"requirements":[{"id":1750984918829,"type":"dynamic-repeater-requirements","is_repeater":true,"content":[],"medias":[],"browsers":[],"blocks":{"poomsae":[{"id":1750984925399,"type":"dynamic-repeater-poomsae","is_repeater":true,"content":{"poomsae_name":"First 8 moves of ITF Form Chon-Ji"},"medias":[],"browsers":[],"blocks":[]}],"stances":[{"id":1750984956216,"type":"dynamic-repeater-stances","is_repeater":true,"content":{"stance_name":"Joon-Be"},"medias":[],"browsers":[],"blocks":[]},{"id":1750984966129,"type":"dynamic-repeater-stances","is_repeater":true,"content":{"stance_name":"Walking Stance"},"medias":[],"browsers":[],"blocks":[]},{"id":1750984975444,"type":"dynamic-repeater-stances","is_repeater":true,"content":{"stance_name":"Front Stance"},"medias":[],"browsers":[],"blocks":[]},{"id":1750984983254,"type":"dynamic-repeater-stances","is_repeater":true,"content":{"stance_name":"Back Stance"},"medias":[],"browsers":[],"blocks":[]},{"id":1750984992642,"type":"dynamic-repeater-stances","is_repeater":true,"content":{"stance_name":"Fighting Stance"},"medias":[],"browsers":[],"blocks":[]}],"sparring_self-defense":[{"id":1750985011516,"type":"dynamic-repeater-sparring_self-defense","is_repeater":true,"content":{"sparring_self-defense_name":"Low Block"},"medias":[],"browsers":[],"blocks":[]},{"id":1750985024852,"type":"dynamic-repeater-sparring_self-defense","is_repeater":true,"content":{"sparring_self-defense_name":"Middle Block"},"medias":[],"browsers":[],"blocks":[]},{"id":1750985032810,"type":"dynamic-repeater-sparring_self-defense","is_repeater":true,"content":{"sparring_self-defense_name":"HIgh Block"},"medias":[],"browsers":[],"blocks":[]},{"id":1750985044853,"type":"dynamic-repeater-sparring_self-defense","is_repeater":true,"content":{"sparring_self-defense_name":"Low Punch"},"medias":[],"browsers":[],"blocks":[]},{"id":1750985054715,"type":"dynamic-repeater-sparring_self-defense","is_repeater":true,"content":{"sparring_self-defense_name":"Middle Punch"},"medias":[],"browsers":[],"blocks":[]},{"id":1750985061075,"type":"dynamic-repeater-sparring_self-defense","is_repeater":true,"content":{"sparring_self-defense_name":"High Punch"},"medias":[],"browsers":[],"blocks":[]},{"id":1750985064242,"type":"dynamic-repeater-sparring_self-defense","is_repeater":true,"content":{"sparring_self-defense_name":"Combination 1"},"medias":[],"browsers":[],"blocks":[]}]}}]}}]},"name":"No Belt","repeater_target_id":null},{"id":1750985181042,"is_repeater":false,"medias":[],"browsers":[],"blocks":{"requirements":[{"id":1750985199753,"type":"a17-block-common-requirements","is_repeater":false,"editor_name":"blocks-1750985181042|requirements","content":[],"medias":[],"browsers":[],"blocks":{"requirements":[{"id":1750985203027,"type":"dynamic-repeater-requirements","is_repeater":true,"content":[],"medias":[],"browsers":[],"blocks":{"poomsae":[{"id":1750985207943,"type":"dynamic-repeater-poomsae","is_repeater":true,"content":{"poomsae_name":"Taekwondo Form 1 -- Il Jang"},"medias":[],"browsers":[],"blocks":[]},{"id":1750985227258,"type":"dynamic-repeater-poomsae","is_repeater":true,"content":{"poomsae_name":"ITF Form Chon-Ji"},"medias":[],"browsers":[],"blocks":[]}],"breaking":[{"id":1750985245563,"type":"dynamic-repeater-breaking","is_repeater":true,"content":{"breaking_name":"Stomping Kick"},"medias":[],"browsers":[],"blocks":[]},{"id":1750985253004,"type":"dynamic-repeater-breaking","is_repeater":true,"content":{"breaking_name":"Hammerfist"},"medias":[],"browsers":[],"blocks":[]}],"sparring_self-defense":[{"id":1750985263038,"type":"dynamic-repeater-sparring_self-defense","is_repeater":true,"content":{"sparring_self-defense_name":"Beginner 1 One Step Sparring"},"medias":[],"browsers":[],"blocks":[]},{"id":1750985281971,"type":"dynamic-repeater-sparring_self-defense","is_repeater":true,"content":{"sparring_self-defense_name":"Beginner 2 One Step Sparring"},"medias":[],"browsers":[],"blocks":[]},{"id":1750985296188,"type":"dynamic-repeater-sparring_self-defense","is_repeater":true,"content":{"sparring_self-defense_name":"Combination 1"},"medias":[],"browsers":[],"blocks":[]},{"id":1750985306409,"type":"dynamic-repeater-sparring_self-defense","is_repeater":true,"content":{"sparring_self-defense_name":"Combination 2"},"medias":[],"browsers":[],"blocks":[]},{"id":1750985313729,"type":"dynamic-repeater-sparring_self-defense","is_repeater":true,"content":{"sparring_self-defense_name":"Begiinner Self-Defense 1"},"medias":[],"browsers":[],"blocks":[]},{"id":1750985323661,"type":"dynamic-repeater-sparring_self-defense","is_repeater":true,"content":{"sparring_self-defense_name":"Beggineer Self-Defense 2"},"medias":[],"browsers":[],"blocks":[]}],"other":[{"id":1750985341444,"type":"dynamic-repeater-other","is_repeater":true,"content":[],"medias":[],"browsers":[],"blocks":[]}],"tkd_knowledge":[{"id":1750985343944,"type":"dynamic-repeater-tkd_knowledge","is_repeater":true,"content":{"tkd_knowledge_name":"Poomsae name & meaning"},"medias":[],"browsers":[],"blocks":[]},{"id":1750985358060,"type":"dynamic-repeater-tkd_knowledge","is_repeater":true,"content":{"tkd_knowledge_name":"School Oath"},"medias":[],"browsers":[],"blocks":[]},{"id":1750985364548,"type":"dynamic-repeater-tkd_knowledge","is_repeater":true,"content":{"tkd_knowledge_name":"School Motto"},"medias":[],"browsers":[],"blocks":[]}]}}]}}]},"name":"White","color":"#f7f2f2","repeater_target_id":null}]}}');
INSERT INTO program_revisions VALUES(7,1,1,'2025-06-27 21:55:13','2025-06-27 21:55:13','{"title":{"en":"Taekwondo"},"slug":{"en":"taekwondo"},"tagline":"The Korean Art of Self Defense","cmsSaveType":"update","published":true,"public":false,"publish_start_date":null,"publish_end_date":null,"languages":[{"shortlabel":"EN","label":"English","value":"en","disabled":false,"published":true}],"parent_id":0,"medias":[],"browsers":[],"blocks":[{"id":11,"type":"a17-block-common-image","is_repeater":false,"editor_name":"default","content":[],"medias":{"common_image":[{"id":11,"name":"Gemini_Generated_Image_e25k7be25k7be25k.jpg","thumbnail":"http:\/\/nlmaf.dvl.to:8000\/img\/640f7751-172b-4e83-b84a-ff0db549e635\/gemini-generated-image-e25k7be25k7be25k.jpg?fm=jpg&q=60&fit=max&dpr=1&h=256","original":"http:\/\/nlmaf.dvl.to:8000\/img\/640f7751-172b-4e83-b84a-ff0db549e635\/gemini-generated-image-e25k7be25k7be25k.jpg","medium":"http:\/\/nlmaf.dvl.to:8000\/img\/640f7751-172b-4e83-b84a-ff0db549e635\/gemini-generated-image-e25k7be25k7be25k.jpg?fm=jpg&q=80&fit=max&h=430","width":2048,"height":2048,"tags":[],"deleteUrl":null,"updateUrl":"http:\/\/nlmaf.dvl.to:8000\/admin\/media-library\/medias\/single-update","updateBulkUrl":"http:\/\/nlmaf.dvl.to:8000\/admin\/media-library\/medias\/bulk-update","deleteBulkUrl":"http:\/\/nlmaf.dvl.to:8000\/admin\/media-library\/medias\/bulk-delete","metadatas":{"default":{"caption":null,"altText":"Gemini Generated Image e25k7be25k7be25k","video":null},"custom":{"caption":null,"altText":null,"video":null}},"pivot_id":61,"crops":{"desktop":{"pivot_id":61,"name":"desktop","width":2048,"height":1152,"x":0,"y":64},"tablet":{"pivot_id":62,"name":"tablet","width":2048,"height":1536,"x":0,"y":64},"mobile":{"pivot_id":63,"name":"mobile","width":2048,"height":2048,"x":0,"y":0}}}]},"browsers":[],"blocks":[]}],"repeaters":[]}');
INSERT INTO program_revisions VALUES(8,1,1,'2025-06-27 22:50:59','2025-06-27 22:50:59','{"title":{"en":"Taekwondo"},"slug":{"en":"taekwondo"},"tagline":"The Korean Art of Self-Defense","cmsSaveType":"update","published":true,"public":false,"publish_start_date":null,"publish_end_date":null,"languages":[{"shortlabel":"EN","label":"English","value":"en","disabled":false,"published":true}],"parent_id":0,"medias":[],"browsers":[],"blocks":[{"id":11,"type":"a17-block-common-image","is_repeater":false,"editor_name":"default","content":[],"medias":{"common_image":[{"id":11,"name":"Gemini_Generated_Image_e25k7be25k7be25k.jpg","thumbnail":"http:\/\/nlmaf.dvl.to:8000\/img\/640f7751-172b-4e83-b84a-ff0db549e635\/gemini-generated-image-e25k7be25k7be25k.jpg?fm=jpg&q=60&fit=max&dpr=1&h=256","original":"http:\/\/nlmaf.dvl.to:8000\/img\/640f7751-172b-4e83-b84a-ff0db549e635\/gemini-generated-image-e25k7be25k7be25k.jpg","medium":"http:\/\/nlmaf.dvl.to:8000\/img\/640f7751-172b-4e83-b84a-ff0db549e635\/gemini-generated-image-e25k7be25k7be25k.jpg?fm=jpg&q=80&fit=max&h=430","width":2048,"height":2048,"tags":[],"deleteUrl":null,"updateUrl":"http:\/\/nlmaf.dvl.to:8000\/admin\/media-library\/medias\/single-update","updateBulkUrl":"http:\/\/nlmaf.dvl.to:8000\/admin\/media-library\/medias\/bulk-update","deleteBulkUrl":"http:\/\/nlmaf.dvl.to:8000\/admin\/media-library\/medias\/bulk-delete","metadatas":{"default":{"caption":null,"altText":"Gemini Generated Image e25k7be25k7be25k","video":null},"custom":{"caption":null,"altText":null,"video":null}},"pivot_id":61,"crops":{"desktop":{"pivot_id":61,"name":"desktop","width":2048,"height":1152,"x":0,"y":64},"tablet":{"pivot_id":62,"name":"tablet","width":2048,"height":1536,"x":0,"y":64},"mobile":{"pivot_id":63,"name":"mobile","width":2048,"height":2048,"x":0,"y":0}}}]},"browsers":[],"blocks":[]}],"repeaters":{"belts":[{"id":1751079054298,"is_repeater":false,"medias":[],"browsers":[],"blocks":[],"repeater_target_id":null}]}}');
INSERT INTO program_revisions VALUES(9,1,1,'2025-06-27 22:51:09','2025-06-27 22:51:09','{"title":{"en":"Taekwondo"},"slug":{"en":"taekwondo"},"tagline":"The Korean Art of Self-Defense","cmsSaveType":"update","published":true,"public":false,"publish_start_date":null,"publish_end_date":null,"languages":[{"shortlabel":"EN","label":"English","value":"en","disabled":false,"published":true}],"parent_id":0,"medias":[],"browsers":[],"blocks":[{"id":11,"type":"a17-block-common-image","is_repeater":false,"editor_name":"default","content":[],"medias":{"common_image":[{"id":11,"name":"Gemini_Generated_Image_e25k7be25k7be25k.jpg","thumbnail":"http:\/\/nlmaf.dvl.to:8000\/img\/640f7751-172b-4e83-b84a-ff0db549e635\/gemini-generated-image-e25k7be25k7be25k.jpg?fm=jpg&q=60&fit=max&dpr=1&h=256","original":"http:\/\/nlmaf.dvl.to:8000\/img\/640f7751-172b-4e83-b84a-ff0db549e635\/gemini-generated-image-e25k7be25k7be25k.jpg","medium":"http:\/\/nlmaf.dvl.to:8000\/img\/640f7751-172b-4e83-b84a-ff0db549e635\/gemini-generated-image-e25k7be25k7be25k.jpg?fm=jpg&q=80&fit=max&h=430","width":2048,"height":2048,"tags":[],"deleteUrl":null,"updateUrl":"http:\/\/nlmaf.dvl.to:8000\/admin\/media-library\/medias\/single-update","updateBulkUrl":"http:\/\/nlmaf.dvl.to:8000\/admin\/media-library\/medias\/bulk-update","deleteBulkUrl":"http:\/\/nlmaf.dvl.to:8000\/admin\/media-library\/medias\/bulk-delete","metadatas":{"default":{"caption":null,"altText":"Gemini Generated Image e25k7be25k7be25k","video":null},"custom":{"caption":null,"altText":null,"video":null}},"pivot_id":61,"crops":{"desktop":{"pivot_id":61,"name":"desktop","width":2048,"height":1152,"x":0,"y":64},"tablet":{"pivot_id":62,"name":"tablet","width":2048,"height":1536,"x":0,"y":64},"mobile":{"pivot_id":63,"name":"mobile","width":2048,"height":2048,"x":0,"y":0}}}]},"browsers":[],"blocks":[]}],"repeaters":[]}');
INSERT INTO program_revisions VALUES(10,1,1,'2025-06-27 22:51:32','2025-06-27 22:51:32','{"title":{"en":"Taekwondo"},"slug":{"en":"taekwondo"},"tagline":"The Korean Art of Self-Defense","cmsSaveType":"update","published":true,"public":false,"publish_start_date":null,"publish_end_date":null,"languages":[{"shortlabel":"EN","label":"English","value":"en","disabled":false,"published":true}],"parent_id":0,"medias":[],"browsers":[],"blocks":[{"id":11,"type":"a17-block-common-image","is_repeater":false,"editor_name":"default","content":[],"medias":{"common_image":[{"id":11,"name":"Gemini_Generated_Image_e25k7be25k7be25k.jpg","thumbnail":"http:\/\/nlmaf.dvl.to:8000\/img\/640f7751-172b-4e83-b84a-ff0db549e635\/gemini-generated-image-e25k7be25k7be25k.jpg?fm=jpg&q=60&fit=max&dpr=1&h=256","original":"http:\/\/nlmaf.dvl.to:8000\/img\/640f7751-172b-4e83-b84a-ff0db549e635\/gemini-generated-image-e25k7be25k7be25k.jpg","medium":"http:\/\/nlmaf.dvl.to:8000\/img\/640f7751-172b-4e83-b84a-ff0db549e635\/gemini-generated-image-e25k7be25k7be25k.jpg?fm=jpg&q=80&fit=max&h=430","width":2048,"height":2048,"tags":[],"deleteUrl":null,"updateUrl":"http:\/\/nlmaf.dvl.to:8000\/admin\/media-library\/medias\/single-update","updateBulkUrl":"http:\/\/nlmaf.dvl.to:8000\/admin\/media-library\/medias\/bulk-update","deleteBulkUrl":"http:\/\/nlmaf.dvl.to:8000\/admin\/media-library\/medias\/bulk-delete","metadatas":{"default":{"caption":null,"altText":"Gemini Generated Image e25k7be25k7be25k","video":null},"custom":{"caption":null,"altText":null,"video":null}},"pivot_id":61,"crops":{"desktop":{"pivot_id":61,"name":"desktop","width":2048,"height":1152,"x":0,"y":64},"tablet":{"pivot_id":62,"name":"tablet","width":2048,"height":1536,"x":0,"y":64},"mobile":{"pivot_id":63,"name":"mobile","width":2048,"height":2048,"x":0,"y":0}}}]},"browsers":[],"blocks":[]}],"repeaters":{"belts":[{"id":1751079088486,"is_repeater":false,"medias":[],"browsers":[],"blocks":[],"name":"No Belt","color":null,"category":"beginner","program_id":1,"position":1,"requirements":null,"repeater_target_id":1},{"id":1751079088734,"is_repeater":false,"medias":[],"browsers":[],"blocks":[],"name":"White","color":"#f5eded","category":"beginner","program_id":1,"position":2,"requirements":null,"repeater_target_id":2}]}}');
INSERT INTO program_revisions VALUES(11,1,1,'2025-06-27 22:57:02','2025-06-27 22:57:02','{"title":{"en":"Taekwondo"},"slug":{"en":"taekwondo"},"tagline":"The Korean Art of Self-Defense","cmsSaveType":"update","published":true,"public":false,"publish_start_date":null,"publish_end_date":null,"languages":[{"shortlabel":"EN","label":"English","value":"en","disabled":false,"published":true}],"parent_id":0,"medias":[],"browsers":[],"blocks":[{"id":11,"type":"a17-block-common-image","is_repeater":false,"editor_name":"default","content":[],"medias":{"common_image":[{"id":11,"name":"Gemini_Generated_Image_e25k7be25k7be25k.jpg","thumbnail":"http:\/\/nlmaf.dvl.to:8000\/img\/640f7751-172b-4e83-b84a-ff0db549e635\/gemini-generated-image-e25k7be25k7be25k.jpg?fm=jpg&q=60&fit=max&dpr=1&h=256","original":"http:\/\/nlmaf.dvl.to:8000\/img\/640f7751-172b-4e83-b84a-ff0db549e635\/gemini-generated-image-e25k7be25k7be25k.jpg","medium":"http:\/\/nlmaf.dvl.to:8000\/img\/640f7751-172b-4e83-b84a-ff0db549e635\/gemini-generated-image-e25k7be25k7be25k.jpg?fm=jpg&q=80&fit=max&h=430","width":2048,"height":2048,"tags":[],"deleteUrl":null,"updateUrl":"http:\/\/nlmaf.dvl.to:8000\/admin\/media-library\/medias\/single-update","updateBulkUrl":"http:\/\/nlmaf.dvl.to:8000\/admin\/media-library\/medias\/bulk-update","deleteBulkUrl":"http:\/\/nlmaf.dvl.to:8000\/admin\/media-library\/medias\/bulk-delete","metadatas":{"default":{"caption":null,"altText":"Gemini Generated Image e25k7be25k7be25k","video":null},"custom":{"caption":null,"altText":null,"video":null}},"pivot_id":61,"crops":{"desktop":{"pivot_id":61,"name":"desktop","width":2048,"height":1152,"x":0,"y":64},"tablet":{"pivot_id":62,"name":"tablet","width":2048,"height":1536,"x":0,"y":64},"mobile":{"pivot_id":63,"name":"mobile","width":2048,"height":2048,"x":0,"y":0}}}]},"browsers":[],"blocks":[]}],"repeaters":{"belts":[{"id":1751079420802,"is_repeater":false,"medias":[],"browsers":[],"blocks":[],"name":"No Belt","color":null,"category":"beginner","program_id":1,"position":1,"requirements":null,"repeater_target_id":1},{"id":1751079420771,"is_repeater":false,"medias":[],"browsers":[],"blocks":[],"name":"White","color":"#f5eded","category":"beginner","program_id":1,"position":2,"requirements":null,"repeater_target_id":2}]}}');
INSERT INTO program_revisions VALUES(12,1,1,'2025-06-27 23:32:42','2025-06-27 23:32:42','{"title":{"en":"Taekwondo"},"slug":{"en":"taekwondo"},"tagline":"The Korean Art of Self-Defense","cmsSaveType":"update","published":true,"public":false,"publish_start_date":null,"publish_end_date":null,"languages":[{"shortlabel":"EN","label":"English","value":"en","disabled":false,"published":true}],"parent_id":0,"medias":[],"browsers":[],"blocks":[{"id":11,"type":"a17-block-common-image","is_repeater":false,"editor_name":"default","content":[],"medias":{"common_image":[{"id":11,"name":"Gemini_Generated_Image_e25k7be25k7be25k.jpg","thumbnail":"http:\/\/nlmaf.dvl.to:8000\/img\/640f7751-172b-4e83-b84a-ff0db549e635\/gemini-generated-image-e25k7be25k7be25k.jpg?fm=jpg&q=60&fit=max&dpr=1&h=256","original":"http:\/\/nlmaf.dvl.to:8000\/img\/640f7751-172b-4e83-b84a-ff0db549e635\/gemini-generated-image-e25k7be25k7be25k.jpg","medium":"http:\/\/nlmaf.dvl.to:8000\/img\/640f7751-172b-4e83-b84a-ff0db549e635\/gemini-generated-image-e25k7be25k7be25k.jpg?fm=jpg&q=80&fit=max&h=430","width":2048,"height":2048,"tags":[],"deleteUrl":null,"updateUrl":"http:\/\/nlmaf.dvl.to:8000\/admin\/media-library\/medias\/single-update","updateBulkUrl":"http:\/\/nlmaf.dvl.to:8000\/admin\/media-library\/medias\/bulk-update","deleteBulkUrl":"http:\/\/nlmaf.dvl.to:8000\/admin\/media-library\/medias\/bulk-delete","metadatas":{"default":{"caption":null,"altText":"Gemini Generated Image e25k7be25k7be25k","video":null},"custom":{"caption":null,"altText":null,"video":null}},"pivot_id":61,"crops":{"desktop":{"pivot_id":61,"name":"desktop","width":2048,"height":1152,"x":0,"y":64},"tablet":{"pivot_id":62,"name":"tablet","width":2048,"height":1536,"x":0,"y":64},"mobile":{"pivot_id":63,"name":"mobile","width":2048,"height":2048,"x":0,"y":0}}}]},"browsers":[],"blocks":[]}],"repeaters":[]}');
INSERT INTO program_revisions VALUES(13,1,1,'2025-06-27 23:32:54','2025-06-27 23:32:54','{"title":{"en":"Taekwondo"},"slug":{"en":"taekwondo"},"tagline":null,"cmsSaveType":"update","published":true,"public":false,"publish_start_date":null,"publish_end_date":null,"languages":[{"shortlabel":"EN","label":"English","value":"en","disabled":false,"published":true}],"parent_id":0,"medias":[],"browsers":[],"blocks":[{"id":11,"type":"a17-block-common-image","is_repeater":false,"editor_name":"default","content":[],"medias":{"common_image":[{"id":11,"name":"Gemini_Generated_Image_e25k7be25k7be25k.jpg","thumbnail":"http:\/\/nlmaf.dvl.to:8000\/img\/640f7751-172b-4e83-b84a-ff0db549e635\/gemini-generated-image-e25k7be25k7be25k.jpg?fm=jpg&q=60&fit=max&dpr=1&h=256","original":"http:\/\/nlmaf.dvl.to:8000\/img\/640f7751-172b-4e83-b84a-ff0db549e635\/gemini-generated-image-e25k7be25k7be25k.jpg","medium":"http:\/\/nlmaf.dvl.to:8000\/img\/640f7751-172b-4e83-b84a-ff0db549e635\/gemini-generated-image-e25k7be25k7be25k.jpg?fm=jpg&q=80&fit=max&h=430","width":2048,"height":2048,"tags":[],"deleteUrl":null,"updateUrl":"http:\/\/nlmaf.dvl.to:8000\/admin\/media-library\/medias\/single-update","updateBulkUrl":"http:\/\/nlmaf.dvl.to:8000\/admin\/media-library\/medias\/bulk-update","deleteBulkUrl":"http:\/\/nlmaf.dvl.to:8000\/admin\/media-library\/medias\/bulk-delete","metadatas":{"default":{"caption":null,"altText":"Gemini Generated Image e25k7be25k7be25k","video":null},"custom":{"caption":null,"altText":null,"video":null}},"pivot_id":61,"crops":{"desktop":{"pivot_id":61,"name":"desktop","width":2048,"height":1152,"x":0,"y":64},"tablet":{"pivot_id":62,"name":"tablet","width":2048,"height":1536,"x":0,"y":64},"mobile":{"pivot_id":63,"name":"mobile","width":2048,"height":2048,"x":0,"y":0}}}]},"browsers":[],"blocks":[]}],"repeaters":{"programBelts":[{"id":1751081573845,"is_repeater":false,"medias":[],"browsers":[],"blocks":[],"name":"No Belt","color":null,"category":"beginner","program_id":1,"position":1,"requirements":null,"repeater_target_id":1},{"id":1751081573743,"is_repeater":false,"medias":[],"browsers":[],"blocks":[],"name":"White","color":"#f5eded","category":"beginner","program_id":1,"position":2,"requirements":null,"repeater_target_id":2}]}}');
INSERT INTO program_revisions VALUES(14,1,1,'2025-06-27 23:33:08','2025-06-27 23:33:08','{"title":{"en":"Taekwondo"},"slug":{"en":"taekwondo"},"tagline":"The Korean Art of Self-Defense","cmsSaveType":"update","published":true,"public":false,"publish_start_date":null,"publish_end_date":null,"languages":[{"shortlabel":"EN","label":"English","value":"en","disabled":false,"published":true}],"parent_id":0,"medias":[],"browsers":[],"blocks":[{"id":11,"type":"a17-block-common-image","is_repeater":false,"editor_name":"default","content":[],"medias":{"common_image":[{"id":11,"name":"Gemini_Generated_Image_e25k7be25k7be25k.jpg","thumbnail":"http:\/\/nlmaf.dvl.to:8000\/img\/640f7751-172b-4e83-b84a-ff0db549e635\/gemini-generated-image-e25k7be25k7be25k.jpg?fm=jpg&q=60&fit=max&dpr=1&h=256","original":"http:\/\/nlmaf.dvl.to:8000\/img\/640f7751-172b-4e83-b84a-ff0db549e635\/gemini-generated-image-e25k7be25k7be25k.jpg","medium":"http:\/\/nlmaf.dvl.to:8000\/img\/640f7751-172b-4e83-b84a-ff0db549e635\/gemini-generated-image-e25k7be25k7be25k.jpg?fm=jpg&q=80&fit=max&h=430","width":2048,"height":2048,"tags":[],"deleteUrl":null,"updateUrl":"http:\/\/nlmaf.dvl.to:8000\/admin\/media-library\/medias\/single-update","updateBulkUrl":"http:\/\/nlmaf.dvl.to:8000\/admin\/media-library\/medias\/bulk-update","deleteBulkUrl":"http:\/\/nlmaf.dvl.to:8000\/admin\/media-library\/medias\/bulk-delete","metadatas":{"default":{"caption":null,"altText":"Gemini Generated Image e25k7be25k7be25k","video":null},"custom":{"caption":null,"altText":null,"video":null}},"pivot_id":61,"crops":{"desktop":{"pivot_id":61,"name":"desktop","width":2048,"height":1152,"x":0,"y":64},"tablet":{"pivot_id":62,"name":"tablet","width":2048,"height":1536,"x":0,"y":64},"mobile":{"pivot_id":63,"name":"mobile","width":2048,"height":2048,"x":0,"y":0}}}]},"browsers":[],"blocks":[]}],"repeaters":{"programBelts":[{"id":1751081573845,"is_repeater":false,"medias":[],"browsers":[],"blocks":[],"name":"No Belt","color":null,"category":"beginner","program_id":1,"position":1,"requirements":null,"repeater_target_id":1},{"id":1751081573743,"is_repeater":false,"medias":[],"browsers":[],"blocks":[],"name":"White","color":"#f5eded","category":"beginner","program_id":1,"position":2,"requirements":null,"repeater_target_id":2}]}}');
INSERT INTO program_revisions VALUES(15,1,1,'2025-06-27 23:37:26','2025-06-27 23:37:26','{"title":{"en":"Taekwondo"},"slug":{"en":"taekwondo"},"tagline":"The Korean Art of Self-Defense","cmsSaveType":"update","published":true,"public":false,"publish_start_date":null,"publish_end_date":null,"languages":[{"shortlabel":"EN","label":"English","value":"en","disabled":false,"published":true}],"parent_id":0,"medias":[],"browsers":[],"blocks":[{"id":11,"type":"a17-block-common-image","is_repeater":false,"editor_name":"default","content":[],"medias":{"common_image":[{"id":11,"name":"Gemini_Generated_Image_e25k7be25k7be25k.jpg","thumbnail":"http:\/\/nlmaf.dvl.to:8000\/img\/640f7751-172b-4e83-b84a-ff0db549e635\/gemini-generated-image-e25k7be25k7be25k.jpg?fm=jpg&q=60&fit=max&dpr=1&h=256","original":"http:\/\/nlmaf.dvl.to:8000\/img\/640f7751-172b-4e83-b84a-ff0db549e635\/gemini-generated-image-e25k7be25k7be25k.jpg","medium":"http:\/\/nlmaf.dvl.to:8000\/img\/640f7751-172b-4e83-b84a-ff0db549e635\/gemini-generated-image-e25k7be25k7be25k.jpg?fm=jpg&q=80&fit=max&h=430","width":2048,"height":2048,"tags":[],"deleteUrl":null,"updateUrl":"http:\/\/nlmaf.dvl.to:8000\/admin\/media-library\/medias\/single-update","updateBulkUrl":"http:\/\/nlmaf.dvl.to:8000\/admin\/media-library\/medias\/bulk-update","deleteBulkUrl":"http:\/\/nlmaf.dvl.to:8000\/admin\/media-library\/medias\/bulk-delete","metadatas":{"default":{"caption":null,"altText":"Gemini Generated Image e25k7be25k7be25k","video":null},"custom":{"caption":null,"altText":null,"video":null}},"pivot_id":61,"crops":{"desktop":{"pivot_id":61,"name":"desktop","width":2048,"height":1152,"x":0,"y":64},"tablet":{"pivot_id":62,"name":"tablet","width":2048,"height":1536,"x":0,"y":64},"mobile":{"pivot_id":63,"name":"mobile","width":2048,"height":2048,"x":0,"y":0}}}]},"browsers":[],"blocks":[]}],"repeaters":[]}');
INSERT INTO program_revisions VALUES(16,1,1,'2025-06-27 23:37:33','2025-06-27 23:37:33','{"title":{"en":"Taekwondo"},"slug":{"en":"taekwondo"},"tagline":"The Korean Art of Self-Defense","cmsSaveType":"update","published":true,"public":false,"publish_start_date":null,"publish_end_date":null,"languages":[{"shortlabel":"EN","label":"English","value":"en","disabled":false,"published":true}],"parent_id":0,"medias":[],"browsers":[],"blocks":[{"id":11,"type":"a17-block-common-image","is_repeater":false,"editor_name":"default","content":[],"medias":{"common_image":[{"id":11,"name":"Gemini_Generated_Image_e25k7be25k7be25k.jpg","thumbnail":"http:\/\/nlmaf.dvl.to:8000\/img\/640f7751-172b-4e83-b84a-ff0db549e635\/gemini-generated-image-e25k7be25k7be25k.jpg?fm=jpg&q=60&fit=max&dpr=1&h=256","original":"http:\/\/nlmaf.dvl.to:8000\/img\/640f7751-172b-4e83-b84a-ff0db549e635\/gemini-generated-image-e25k7be25k7be25k.jpg","medium":"http:\/\/nlmaf.dvl.to:8000\/img\/640f7751-172b-4e83-b84a-ff0db549e635\/gemini-generated-image-e25k7be25k7be25k.jpg?fm=jpg&q=80&fit=max&h=430","width":2048,"height":2048,"tags":[],"deleteUrl":null,"updateUrl":"http:\/\/nlmaf.dvl.to:8000\/admin\/media-library\/medias\/single-update","updateBulkUrl":"http:\/\/nlmaf.dvl.to:8000\/admin\/media-library\/medias\/bulk-update","deleteBulkUrl":"http:\/\/nlmaf.dvl.to:8000\/admin\/media-library\/medias\/bulk-delete","metadatas":{"default":{"caption":null,"altText":"Gemini Generated Image e25k7be25k7be25k","video":null},"custom":{"caption":null,"altText":null,"video":null}},"pivot_id":61,"crops":{"desktop":{"pivot_id":61,"name":"desktop","width":2048,"height":1152,"x":0,"y":64},"tablet":{"pivot_id":62,"name":"tablet","width":2048,"height":1536,"x":0,"y":64},"mobile":{"pivot_id":63,"name":"mobile","width":2048,"height":2048,"x":0,"y":0}}}]},"browsers":[],"blocks":[]}],"repeaters":{"programBelts":[{"id":1751081852380,"is_repeater":false,"medias":[],"browsers":[],"blocks":[],"name":"No Belt","color":null,"category":"beginner","program_id":1,"position":1,"requirements":null,"repeater_target_id":1},{"id":1751081852682,"is_repeater":false,"medias":[],"browsers":[],"blocks":[],"name":"White","color":"#f5eded","category":"beginner","program_id":1,"position":2,"requirements":null,"repeater_target_id":2}]}}');
INSERT INTO program_revisions VALUES(17,1,1,'2025-06-27 23:42:49','2025-06-27 23:42:49','{"title":{"en":"Taekwondo"},"slug":{"en":"taekwondo"},"tagline":"The Korean Art of Self-Defense","cmsSaveType":"update","published":true,"public":false,"publish_start_date":null,"publish_end_date":null,"languages":[{"shortlabel":"EN","label":"English","value":"en","disabled":false,"published":true}],"parent_id":0,"medias":[],"browsers":[],"blocks":[{"id":11,"type":"a17-block-common-image","is_repeater":false,"editor_name":"default","content":[],"medias":{"common_image":[{"id":11,"name":"Gemini_Generated_Image_e25k7be25k7be25k.jpg","thumbnail":"http:\/\/nlmaf.dvl.to:8000\/img\/640f7751-172b-4e83-b84a-ff0db549e635\/gemini-generated-image-e25k7be25k7be25k.jpg?fm=jpg&q=60&fit=max&dpr=1&h=256","original":"http:\/\/nlmaf.dvl.to:8000\/img\/640f7751-172b-4e83-b84a-ff0db549e635\/gemini-generated-image-e25k7be25k7be25k.jpg","medium":"http:\/\/nlmaf.dvl.to:8000\/img\/640f7751-172b-4e83-b84a-ff0db549e635\/gemini-generated-image-e25k7be25k7be25k.jpg?fm=jpg&q=80&fit=max&h=430","width":2048,"height":2048,"tags":[],"deleteUrl":null,"updateUrl":"http:\/\/nlmaf.dvl.to:8000\/admin\/media-library\/medias\/single-update","updateBulkUrl":"http:\/\/nlmaf.dvl.to:8000\/admin\/media-library\/medias\/bulk-update","deleteBulkUrl":"http:\/\/nlmaf.dvl.to:8000\/admin\/media-library\/medias\/bulk-delete","metadatas":{"default":{"caption":null,"altText":"Gemini Generated Image e25k7be25k7be25k","video":null},"custom":{"caption":null,"altText":null,"video":null}},"pivot_id":61,"crops":{"desktop":{"pivot_id":61,"name":"desktop","width":2048,"height":1152,"x":0,"y":64},"tablet":{"pivot_id":62,"name":"tablet","width":2048,"height":1536,"x":0,"y":64},"mobile":{"pivot_id":63,"name":"mobile","width":2048,"height":2048,"x":0,"y":0}}}]},"browsers":[],"blocks":[]}],"repeaters":{"programBelts":[{"id":1751082167694,"is_repeater":false,"medias":[],"browsers":[],"blocks":[],"name":"No Belt","color":null,"category":"beginner","program_id":1,"position":1,"requirements":null,"repeater_target_id":1},{"id":1751082167799,"is_repeater":false,"medias":[],"browsers":[],"blocks":[],"name":"White","color":"#f5eded","category":"beginner","program_id":1,"position":2,"requirements":null,"repeater_target_id":2}]}}');
INSERT INTO program_revisions VALUES(18,1,1,'2025-06-27 23:50:46','2025-06-27 23:50:46','{"title":{"en":"Taekwondo"},"slug":{"en":"taekwondo"},"tagline":"The Korean Art of Self-Defense","cmsSaveType":"update","published":true,"public":false,"publish_start_date":null,"publish_end_date":null,"languages":[{"shortlabel":"EN","label":"English","value":"en","disabled":false,"published":true}],"parent_id":0,"medias":[],"browsers":[],"blocks":[{"id":11,"type":"a17-block-common-image","is_repeater":false,"editor_name":"default","content":[],"medias":{"common_image":[{"id":11,"name":"Gemini_Generated_Image_e25k7be25k7be25k.jpg","thumbnail":"http:\/\/nlmaf.dvl.to:8000\/img\/640f7751-172b-4e83-b84a-ff0db549e635\/gemini-generated-image-e25k7be25k7be25k.jpg?fm=jpg&q=60&fit=max&dpr=1&h=256","original":"http:\/\/nlmaf.dvl.to:8000\/img\/640f7751-172b-4e83-b84a-ff0db549e635\/gemini-generated-image-e25k7be25k7be25k.jpg","medium":"http:\/\/nlmaf.dvl.to:8000\/img\/640f7751-172b-4e83-b84a-ff0db549e635\/gemini-generated-image-e25k7be25k7be25k.jpg?fm=jpg&q=80&fit=max&h=430","width":2048,"height":2048,"tags":[],"deleteUrl":null,"updateUrl":"http:\/\/nlmaf.dvl.to:8000\/admin\/media-library\/medias\/single-update","updateBulkUrl":"http:\/\/nlmaf.dvl.to:8000\/admin\/media-library\/medias\/bulk-update","deleteBulkUrl":"http:\/\/nlmaf.dvl.to:8000\/admin\/media-library\/medias\/bulk-delete","metadatas":{"default":{"caption":null,"altText":"Gemini Generated Image e25k7be25k7be25k","video":null},"custom":{"caption":null,"altText":null,"video":null}},"pivot_id":61,"crops":{"desktop":{"pivot_id":61,"name":"desktop","width":2048,"height":1152,"x":0,"y":64},"tablet":{"pivot_id":62,"name":"tablet","width":2048,"height":1536,"x":0,"y":64},"mobile":{"pivot_id":63,"name":"mobile","width":2048,"height":2048,"x":0,"y":0}}}]},"browsers":[],"blocks":[]}],"repeaters":[]}');
INSERT INTO program_revisions VALUES(19,1,1,'2025-06-27 23:58:17','2025-06-27 23:58:17','{"title":{"en":"Taekwondo"},"slug":{"en":"taekwondo"},"tagline":{"en":"The Korean art of self-defense."},"cmsSaveType":"update","published":true,"public":false,"publish_start_date":null,"publish_end_date":null,"languages":[{"shortlabel":"EN","label":"English","value":"en","disabled":false,"published":true}],"parent_id":0,"medias":[],"browsers":[],"blocks":[{"id":11,"type":"a17-block-common-image","is_repeater":false,"editor_name":"default","content":[],"medias":{"common_image":[{"id":11,"name":"Gemini_Generated_Image_e25k7be25k7be25k.jpg","thumbnail":"http:\/\/nlmaf.dvl.to:8000\/img\/640f7751-172b-4e83-b84a-ff0db549e635\/gemini-generated-image-e25k7be25k7be25k.jpg?fm=jpg&q=60&fit=max&dpr=1&h=256","original":"http:\/\/nlmaf.dvl.to:8000\/img\/640f7751-172b-4e83-b84a-ff0db549e635\/gemini-generated-image-e25k7be25k7be25k.jpg","medium":"http:\/\/nlmaf.dvl.to:8000\/img\/640f7751-172b-4e83-b84a-ff0db549e635\/gemini-generated-image-e25k7be25k7be25k.jpg?fm=jpg&q=80&fit=max&h=430","width":2048,"height":2048,"tags":[],"deleteUrl":null,"updateUrl":"http:\/\/nlmaf.dvl.to:8000\/admin\/media-library\/medias\/single-update","updateBulkUrl":"http:\/\/nlmaf.dvl.to:8000\/admin\/media-library\/medias\/bulk-update","deleteBulkUrl":"http:\/\/nlmaf.dvl.to:8000\/admin\/media-library\/medias\/bulk-delete","metadatas":{"default":{"caption":null,"altText":"Gemini Generated Image e25k7be25k7be25k","video":null},"custom":{"caption":null,"altText":null,"video":null}},"pivot_id":61,"crops":{"desktop":{"pivot_id":61,"name":"desktop","width":2048,"height":1152,"x":0,"y":64},"tablet":{"pivot_id":62,"name":"tablet","width":2048,"height":1536,"x":0,"y":64},"mobile":{"pivot_id":63,"name":"mobile","width":2048,"height":2048,"x":0,"y":0}}}]},"browsers":[],"blocks":[]}],"repeaters":[]}');
INSERT INTO program_revisions VALUES(20,4,1,'2025-07-03 19:58:34','2025-07-03 19:58:34','{"slug":{"en":"testing"},"title":{"en":"Testing"},"languages":[{"shortlabel":"EN","label":"English","value":"en","disabled":false,"published":true}]}');
INSERT INTO program_revisions VALUES(21,4,1,'2025-07-03 19:59:05','2025-07-03 19:59:05','{"tagline":null,"title":{"en":"Testing"},"slug":{"en":"taekwondo\/testing"},"cmsSaveType":"publish","published":true,"public":false,"publish_start_date":null,"publish_end_date":null,"languages":[{"shortlabel":"EN","label":"English","value":"en","disabled":false,"published":true}],"parent_id":1,"medias":[],"browsers":[],"blocks":[],"repeaters":[]}');
CREATE TABLE IF NOT EXISTS "profile_program" ("profile_id" integer not null, "program_id" integer not null, "position" integer not null, "belt_id" integer, created_at TIMESTAMP NOT NULL DEFAULT TIMESTAMP, updated_at TIMESTAMP NOT NULL DEFAULT TIMESTAMP, deleted_at TIMESTAMP NULL DEFAULT NULL, "program_belt_id" integer, foreign key("program_id") references programs("id") on delete cascade on update no action, foreign key("profile_id") references profiles("id") on delete cascade on update no action, foreign key("belt_id") references "belts"("id") on delete set null);
INSERT INTO profile_program VALUES(3,1,1,NULL,'TIMESTAMP','TIMESTAMP',NULL,NULL);
INSERT INTO profile_program VALUES(1,1,1,NULL,'TIMESTAMP','TIMESTAMP',NULL,NULL);
CREATE TABLE IF NOT EXISTS "profile_program_belt" ("id" integer primary key , "profile_id" integer not null, "program_belt_id" integer not null, "created_at" timestamp, "updated_at" timestamp, foreign key("profile_id") references "profiles"("id") on delete cascade, foreign key("program_belt_id") references "program_belts"("id") on delete cascade);
INSERT INTO profile_program_belt VALUES(1,3,1,NULL,NULL);
CREATE TABLE IF NOT EXISTS "profiles" ("id" integer primary key , "deleted_at" timestamp, "created_at" timestamp, "updated_at" timestamp, "published" smallint not null default ('0'), "first_name" varchar, "last_name" varchar, "bio" text, "email" varchar, "program_user_id" integer, "address" varchar, "city" varchar, "state" varchar, "zip" varchar, "user_id" integer not null, "name" varchar(255) not null, "program_belt_id" int(20) default (NULL), "current_belt" integer, "requirements_progress" text, foreign key("user_id") references users("id") on delete cascade on update cascade, foreign key("current_belt") references "program_belts"("id"));
INSERT INTO profiles VALUES(1,NULL,'2025-06-23 18:15:21','2025-06-27 18:02:51',0,'Fattest','Benny',NULL,'fat@benny.com',NULL,NULL,NULL,NULL,NULL,1,'Fattest Benny',NULL,NULL,NULL);
INSERT INTO profiles VALUES(3,NULL,'2025-06-23 21:14:03','2025-07-03 21:59:22',0,'Deverick','Strand',NULL,'dev@nolimitsmaf.com',NULL,NULL,NULL,NULL,NULL,3,'Deverick Strand',NULL,1,'{"1751495541045":{"requirement_name":"First 8 moves of ITF Form Chon-Ji","type":"poomsae","completed":false},"1751495569549":{"requirement_name":"Joon-Be","type":"sparring_self-defense","completed":false},"1751495582388":{"requirement_name":"Walking Stance","type":"sparring_self-defense","completed":false},"1751495597320":{"requirement_name":"Front Stance","type":"sparring_self-defense","completed":false},"1751495610573":{"requirement_name":"Back Stance","type":"sparring_self-defense","completed":false},"1751495629964":{"requirement_name":"Fighting Stance","type":"sparring_self-defense","completed":false},"1751495641953":{"requirement_name":"Low Block","type":"sparring_self-defense","completed":false},"1751495653702":{"requirement_name":"Middle Block","type":"sparring_self-defense","completed":false},"1751495665482":{"requirement_name":"High Block","type":"sparring_self-defense","completed":false},"1751495676322":{"requirement_name":"Low Punch","type":"sparring_self-defense","completed":false},"1751495685033":{"requirement_name":"Middle Punch","type":"sparring_self-defense","completed":false},"1751495695610":{"requirement_name":"High Punch","type":"sparring_self-defense","completed":false},"1751495705105":{"requirement_name":"Combination 1","type":"sparring_self-defense","completed":false}}');
CREATE TABLE IF NOT EXISTS "program_belts" ("id" integer primary key , "deleted_at" timestamp, "created_at" timestamp, "updated_at" timestamp, "published" smallint not null default '0', "name" varchar, "category" varchar, "color" varchar, "program_id" integer not null, "position" integer, "profile_id" integer, "requirements" text);
INSERT INTO program_belts VALUES(1,NULL,'2025-06-28 22:55:50','2025-07-02 18:35:18',0,'No Belt','beginner',NULL,1,1,NULL,'[{"id":1751495541045,"is_repeater":false,"medias":[],"browsers":[],"blocks":[],"requirement_type":"poomsae","requirement_name":"First 8 moves of ITF Form Chon-Ji","repeater_target_id":null},{"id":1751495569549,"is_repeater":false,"medias":[],"browsers":[],"blocks":[],"requirement_type":"sparring_self-defense","requirement_name":"Joon-Be","repeater_target_id":null},{"id":1751495582388,"is_repeater":false,"medias":[],"browsers":[],"blocks":[],"requirement_type":"sparring_self-defense","requirement_name":"Walking Stance","repeater_target_id":null},{"id":1751495597320,"is_repeater":false,"medias":[],"browsers":[],"blocks":[],"requirement_type":"sparring_self-defense","requirement_name":"Front Stance","repeater_target_id":null},{"id":1751495610573,"is_repeater":false,"medias":[],"browsers":[],"blocks":[],"requirement_type":"sparring_self-defense","requirement_name":"Back Stance","repeater_target_id":null},{"id":1751495629964,"is_repeater":false,"medias":[],"browsers":[],"blocks":[],"requirement_type":"sparring_self-defense","requirement_name":"Fighting Stance","repeater_target_id":null},{"id":1751495641953,"is_repeater":false,"medias":[],"browsers":[],"blocks":[],"requirement_type":"sparring_self-defense","requirement_name":"Low Block","repeater_target_id":null},{"id":1751495653702,"is_repeater":false,"medias":[],"browsers":[],"blocks":[],"requirement_type":"sparring_self-defense","requirement_name":"Middle Block","repeater_target_id":null},{"id":1751495665482,"is_repeater":false,"medias":[],"browsers":[],"blocks":[],"requirement_type":"sparring_self-defense","requirement_name":"High Block","repeater_target_id":null},{"id":1751495676322,"is_repeater":false,"medias":[],"browsers":[],"blocks":[],"requirement_type":"sparring_self-defense","requirement_name":"Low Punch","repeater_target_id":null},{"id":1751495685033,"is_repeater":false,"medias":[],"browsers":[],"blocks":[],"requirement_type":"sparring_self-defense","requirement_name":"Middle Punch","repeater_target_id":null},{"id":1751495695610,"is_repeater":false,"medias":[],"browsers":[],"blocks":[],"requirement_type":"sparring_self-defense","requirement_name":"High Punch","repeater_target_id":null},{"id":1751495705105,"is_repeater":false,"medias":[],"browsers":[],"blocks":[],"requirement_type":"sparring_self-defense","requirement_name":"Combination 1","repeater_target_id":null}]');
INSERT INTO program_belts VALUES(2,NULL,'2025-06-30 00:37:24','2025-07-02 18:39:28',0,'White','beginner','#f6f2f2',1,2,NULL,'[{"id":1751349014424,"is_repeater":false,"medias":[],"browsers":[],"blocks":[],"requirement_type":"poomsae","repeater_target_id":null,"requirement_name":"Taekwondo Form 1 \u2013 Il Jang"},{"id":1751349018247,"is_repeater":false,"medias":[],"browsers":[],"blocks":[],"requirement_type":"poomsae","repeater_target_id":null,"requirement_name":"ITF Form Chon-Ji"},{"id":1751495788657,"is_repeater":false,"medias":[],"browsers":[],"blocks":[],"requirement_type":"sparring_self-defense","requirement_name":"Beginner 1 One Step Sparring","repeater_target_id":null},{"id":1751495808608,"is_repeater":false,"medias":[],"browsers":[],"blocks":[],"requirement_type":"sparring_self-defense","requirement_name":"Beginner 2 One Step Sparring","repeater_target_id":null},{"id":1751495839035,"is_repeater":false,"medias":[],"browsers":[],"blocks":[],"requirement_type":"sparring_self-defense","requirement_name":"Beginner Self-Defense 1","repeater_target_id":null},{"id":1751495854030,"is_repeater":false,"medias":[],"browsers":[],"blocks":[],"requirement_type":"sparring_self-defense","requirement_name":"Beginner Self-Defense 2","repeater_target_id":null},{"id":1751495875154,"is_repeater":false,"medias":[],"browsers":[],"blocks":[],"requirement_type":"sparring_self-defense","requirement_name":"Combination 1","repeater_target_id":null},{"id":1751495888676,"is_repeater":false,"medias":[],"browsers":[],"blocks":[],"requirement_type":"sparring_self-defense","requirement_name":"Combination 2","repeater_target_id":null},{"id":1751495905130,"is_repeater":false,"medias":[],"browsers":[],"blocks":[],"requirement_type":"breaking","requirement_name":"Stomping Kick","repeater_target_id":null},{"id":1751495918089,"is_repeater":false,"medias":[],"browsers":[],"blocks":[],"requirement_type":"breaking","requirement_name":"Hammerfist","repeater_target_id":null},{"id":1751495933339,"is_repeater":false,"medias":[],"browsers":[],"blocks":[],"requirement_type":"knowledge","requirement_name":"Poomsae name and meaning","repeater_target_id":null},{"id":1751495946833,"is_repeater":false,"medias":[],"browsers":[],"blocks":[],"requirement_type":"knowledge","requirement_name":"Student Oath","repeater_target_id":null},{"id":1751495958061,"is_repeater":false,"medias":[],"browsers":[],"blocks":[],"requirement_type":"knowledge","requirement_name":"School Motto","repeater_target_id":null}]');
INSERT INTO program_belts VALUES(3,NULL,'2025-07-02 18:39:51','2025-07-02 18:43:52',0,'Yellow','beginner','#ecf318',1,3,NULL,'[{"id":1751496007231,"is_repeater":false,"medias":[],"browsers":[],"blocks":[],"requirement_type":"poomsae","requirement_name":"Taekwondo Form 2 \u2013 Ee Jang","repeater_target_id":null},{"id":1751496030088,"is_repeater":false,"medias":[],"browsers":[],"blocks":[],"requirement_type":"poomsae","requirement_name":"ITF Form Dan-Gun","repeater_target_id":null},{"id":1751496048548,"is_repeater":false,"medias":[],"browsers":[],"blocks":[],"requirement_type":"sparring_self-defense","requirement_name":"Beginner 3 One Step Sparring","repeater_target_id":null},{"id":1751496069463,"is_repeater":false,"medias":[],"browsers":[],"blocks":[],"requirement_type":"sparring_self-defense","requirement_name":"Beginner 4 One Step Sparring","repeater_target_id":null},{"id":1751496087297,"is_repeater":false,"medias":[],"browsers":[],"blocks":[],"requirement_type":"sparring_self-defense","requirement_name":"Beginner 3 Self-Defense","repeater_target_id":null},{"id":1751496108653,"is_repeater":false,"medias":[],"browsers":[],"blocks":[],"requirement_type":"sparring_self-defense","requirement_name":"Beginner 4 Self-Defense","repeater_target_id":null},{"id":1751496127974,"is_repeater":false,"medias":[],"browsers":[],"blocks":[],"requirement_type":"sparring_self-defense","requirement_name":"Combination 3","repeater_target_id":null},{"id":1751496139698,"is_repeater":false,"medias":[],"browsers":[],"blocks":[],"requirement_type":"sparring_self-defense","requirement_name":"Combination 4","repeater_target_id":null},{"id":1751496157591,"is_repeater":false,"medias":[],"browsers":[],"blocks":[],"requirement_type":"breaking","requirement_name":"Sidekick","repeater_target_id":null},{"id":1751496165481,"is_repeater":false,"medias":[],"browsers":[],"blocks":[],"requirement_type":"breaking","requirement_name":"Reverse Elbow","repeater_target_id":null},{"id":1751496178850,"is_repeater":false,"medias":[],"browsers":[],"blocks":[],"requirement_type":"knowledge","requirement_name":"Poomsae name and maning","repeater_target_id":null},{"id":1751496198542,"is_repeater":false,"medias":[],"browsers":[],"blocks":[],"requirement_type":"knowledge","requirement_name":"Counting to 10 in Korean","repeater_target_id":null},{"id":1751496213032,"is_repeater":false,"medias":[],"browsers":[],"blocks":[],"requirement_type":"knowledge","requirement_name":"Basic classroom terms","repeater_target_id":null}]');
INSERT INTO program_belts VALUES(4,NULL,'2025-07-02 18:44:11','2025-07-02 23:48:28',0,'Orange','intermediate','#eea829',1,4,NULL,NULL);
CREATE TABLE IF NOT EXISTS "program_belt_slugs" ("id" integer primary key , "program_belt_id" integer not null, "deleted_at" timestamp, "created_at" timestamp, "updated_at" timestamp, "slug" varchar not null, "locale" varchar not null, "active" smallint not null, foreign key("program_belt_id") references "program_belts"("id") on delete CASCADE on update NO ACTION);
INSERT INTO program_belt_slugs VALUES(1,1,NULL,'2025-06-30 00:35:31','2025-07-02 18:35:18','no-belt','en',1);
INSERT INTO program_belt_slugs VALUES(2,2,NULL,'2025-06-30 00:37:24','2025-07-02 18:39:28','white','en',1);
INSERT INTO program_belt_slugs VALUES(3,3,NULL,'2025-07-02 18:39:51','2025-07-02 18:43:52','yellow','en',1);
INSERT INTO program_belt_slugs VALUES(4,4,NULL,'2025-07-02 18:44:11','2025-07-02 23:48:28','orange','en',1);
CREATE TABLE IF NOT EXISTS "belts" ("id" integer primary key , "deleted_at" timestamp, "created_at" timestamp, "updated_at" timestamp, "published" smallint not null default '0', "program_id" integer not null);
CREATE TABLE IF NOT EXISTS "belt_translations" ("id" integer primary key , "belt_id" integer not null, "deleted_at" timestamp, "created_at" timestamp, "updated_at" timestamp, "locale" varchar not null, "active" smallint not null default '0', "name" varchar, "category" varchar, "color" varchar, foreign key("belt_id") references "belts"("id") on delete CASCADE);
CREATE TABLE IF NOT EXISTS "news" ("id" integer primary key , "deleted_at" timestamp, "created_at" timestamp, "updated_at" timestamp, "published" smallint not null default '0', "position" integer, "_lft" integer not null default '0', "_rgt" integer not null default '0', "parent_id" integer);
INSERT INTO news VALUES(1,NULL,'2025-07-03 14:09:30','2025-07-03 16:43:10',1,1,1,2,NULL);
INSERT INTO news VALUES(2,NULL,'2025-07-03 14:40:24','2025-07-03 16:26:25',1,2,3,4,NULL);
INSERT INTO news VALUES(3,NULL,'2025-07-03 16:45:07','2025-07-03 16:45:48',1,3,5,6,NULL);
INSERT INTO news VALUES(4,NULL,'2025-07-03 16:49:41','2025-07-03 16:50:03',1,4,7,8,NULL);
CREATE TABLE IF NOT EXISTS "news_translations" ("id" integer primary key , "news_id" integer not null, "deleted_at" timestamp, "created_at" timestamp, "updated_at" timestamp, "locale" varchar not null, "active" smallint not null default '0', "title" varchar, foreign key("news_id") references "news"("id") on delete CASCADE);
INSERT INTO news_translations VALUES(1,1,NULL,'2025-07-03 14:09:30','2025-07-03 16:43:10','en',1,'News Item');
INSERT INTO news_translations VALUES(2,2,NULL,'2025-07-03 14:40:24','2025-07-03 16:26:25','en',1,'Event');
INSERT INTO news_translations VALUES(3,3,NULL,'2025-07-03 16:45:07','2025-07-03 16:45:48','en',1,NULL);
INSERT INTO news_translations VALUES(4,4,NULL,'2025-07-03 16:49:41','2025-07-03 16:50:03','en',1,'S');
CREATE TABLE IF NOT EXISTS "news_slugs" ("id" integer primary key , "news_id" integer not null, "deleted_at" timestamp, "created_at" timestamp, "updated_at" timestamp, "slug" varchar not null, "locale" varchar not null, "active" smallint not null, foreign key("news_id") references "news"("id") on delete CASCADE on update NO ACTION);
INSERT INTO news_slugs VALUES(1,1,NULL,'2025-07-03 14:09:30','2025-07-03 16:43:10','news-item','en',1);
INSERT INTO news_slugs VALUES(2,2,NULL,'2025-07-03 14:40:24','2025-07-03 16:26:25','event','en',1);
INSERT INTO news_slugs VALUES(3,3,NULL,'2025-07-03 16:45:07','2025-07-03 16:45:48','second','en',1);
INSERT INTO news_slugs VALUES(4,4,NULL,'2025-07-03 16:49:41','2025-07-03 16:50:03','s','en',1);
INSERT INTO sqlite_sequence VALUES('migrations',63);
INSERT INTO sqlite_sequence VALUES('twill_fileables',0);
INSERT INTO sqlite_sequence VALUES('activity_log',246);
INSERT INTO sqlite_sequence VALUES('twill_users',1);
INSERT INTO sqlite_sequence VALUES('homes',1);
INSERT INTO sqlite_sequence VALUES('home_translations',1);
INSERT INTO sqlite_sequence VALUES('home_revisions',7);
INSERT INTO sqlite_sequence VALUES('twill_blocks',74);
INSERT INTO sqlite_sequence VALUES('twill_medias',12);
INSERT INTO sqlite_sequence VALUES('twill_mediables',78);
INSERT INTO sqlite_sequence VALUES('pages',1);
INSERT INTO sqlite_sequence VALUES('page_slugs',1);
INSERT INTO sqlite_sequence VALUES('page_translations',1);
INSERT INTO sqlite_sequence VALUES('page_revisions',6);
INSERT INTO sqlite_sequence VALUES('navigations',4);
INSERT INTO sqlite_sequence VALUES('navigation_translations',4);
INSERT INTO sqlite_sequence VALUES('programs',4);
INSERT INTO sqlite_sequence VALUES('program_slugs',5);
INSERT INTO sqlite_sequence VALUES('program_translations',4);
INSERT INTO sqlite_sequence VALUES('program_revisions',21);
INSERT INTO sqlite_sequence VALUES('users',3);
INSERT INTO sqlite_sequence VALUES('profile_slugs',5);
INSERT INTO sqlite_sequence VALUES('profile_translations',2);
INSERT INTO sqlite_sequence VALUES('twill_related',1);
INSERT INTO sqlite_sequence VALUES('profile_program_belt',1);
INSERT INTO sqlite_sequence VALUES('profiles',3);
INSERT INTO sqlite_sequence VALUES('program_belts',4);
INSERT INTO sqlite_sequence VALUES('program_belt_slugs',4);
INSERT INTO sqlite_sequence VALUES('news',4);
INSERT INTO sqlite_sequence VALUES('news_slugs',4);
INSERT INTO sqlite_sequence VALUES('news_translations',4);
CREATE UNIQUE INDEX "users_email_unique" on "users" ("email");
CREATE INDEX "sessions_user_id_index" on "sessions" ("user_id");
CREATE INDEX "sessions_last_activity_index" on "sessions" ("last_activity");
CREATE INDEX "jobs_queue_index" on "jobs" ("queue");
CREATE UNIQUE INDEX "failed_jobs_uuid_unique" on "failed_jobs" ("uuid");
CREATE UNIQUE INDEX "twill_users_email_unique" on "twill_users" ("email");
CREATE INDEX "twill_blocks_blockable_type_blockable_id_index" on "twill_blocks" ("blockable_type", "blockable_id");
CREATE INDEX "twill_mediables_mediable_type_mediable_id_index" on "twill_mediables" ("mediable_type", "mediable_id");
CREATE INDEX "twill_settings_key_index" on "twill_settings" ("key");
CREATE INDEX "twill_settings_section_index" on "twill_settings" ("section");
CREATE UNIQUE INDEX "twill_setting_id_locale_unique" on "twill_setting_translations" ("twill_setting_id", "locale");
CREATE INDEX "twill_setting_translations_locale_index" on "twill_setting_translations" ("locale");
CREATE INDEX "twill_tagged_taggable_type_taggable_id_index" on "twill_tagged" ("taggable_type", "taggable_id");
CREATE UNIQUE INDEX "twill_features_unique" on "twill_features" ("featured_id", "featured_type", "bucket_key");
CREATE INDEX "twill_features_bucket_key_index" on "twill_features" ("bucket_key");
CREATE UNIQUE INDEX "related_unique" on "twill_related" ("subject_id", "subject_type", "related_id", "related_type", "browser_name");
CREATE INDEX "twill_related_browser_name_index" on "twill_related" ("browser_name");
CREATE INDEX "twill_mediables_locale_index" on "twill_mediables" ("locale");
CREATE INDEX "twill_fileables_fileable_type_fileable_id_index" on "twill_fileables" ("fileable_type", "fileable_id");
CREATE INDEX "twill_fileables_locale_index" on "twill_fileables" ("locale");
CREATE INDEX "activity_log_log_name_index" on "activity_log" ("log_name");
CREATE INDEX "twill_password_resets_email_index" on "twill_password_resets" ("email");
CREATE INDEX "twill_password_resets_token_index" on "twill_password_resets" ("token");
CREATE INDEX "personal_access_tokens_tokenable_type_tokenable_id_index" on "personal_access_tokens" ("tokenable_type", "tokenable_id");
CREATE UNIQUE INDEX "personal_access_tokens_token_unique" on "personal_access_tokens" ("token");
CREATE UNIQUE INDEX "home_id_locale_unique" on "home_translations" ("home_id", "locale");
CREATE INDEX "home_translations_locale_index" on "home_translations" ("locale");
CREATE INDEX "navigations__lft__rgt_parent_id_index" on "navigations" ("_lft", "_rgt", "parent_id");
CREATE UNIQUE INDEX "navigation_id_locale_unique" on "navigation_translations" ("navigation_id", "locale");
CREATE INDEX "navigation_translations_locale_index" on "navigation_translations" ("locale");
CREATE INDEX "pages__lft__rgt_parent_id_index" on "pages" ("_lft", "_rgt", "parent_id");
CREATE UNIQUE INDEX "page_id_locale_unique" on "page_translations" ("page_id", "locale");
CREATE INDEX "page_translations_locale_index" on "page_translations" ("locale");
CREATE INDEX "page_slugs_locale_index" on "page_slugs" ("locale");
CREATE UNIQUE INDEX "profile_id_locale_unique" on "profile_translations" ("profile_id", "locale");
CREATE INDEX "profile_translations_locale_index" on "profile_translations" ("locale");
CREATE INDEX "profile_slugs_locale_index" on "profile_slugs" ("locale");
CREATE UNIQUE INDEX "roles_name_unique" on "roles" ("name");
CREATE INDEX "programs__lft__rgt_parent_id_index" on "programs" ("_lft", "_rgt", "parent_id");
CREATE UNIQUE INDEX "program_id_locale_unique" on "program_translations" ("program_id", "locale");
CREATE INDEX "program_translations_locale_index" on "program_translations" ("locale");
CREATE INDEX "program_slugs_locale_index" on "program_slugs" ("locale");
CREATE INDEX "idx_profile_program_ubg6m" on "profile_program" ("program_id", "profile_id");
CREATE INDEX "profile_program_position_index" on "profile_program" ("position");
CREATE INDEX "program_belt_slugs_locale_index" on "program_belt_slugs" ("locale");
CREATE UNIQUE INDEX "belt_id_locale_unique" on "belt_translations" ("belt_id", "locale");
CREATE INDEX "belt_translations_locale_index" on "belt_translations" ("locale");
CREATE INDEX "news__lft__rgt_parent_id_index" on "news" ("_lft", "_rgt", "parent_id");
CREATE UNIQUE INDEX "news_id_locale_unique" on "news_translations" ("news_id", "locale");
CREATE INDEX "news_translations_locale_index" on "news_translations" ("locale");
CREATE INDEX "news_slugs_locale_index" on "news_slugs" ("locale");
COMMIT;
